density_ratio,rho,domain_side,policy,seed,frag_final,frag_mean,largest_scc_final,scc_final_frac,n_components_final,lambda2_final,min_degree_final,mean_degree,mean_radius,min_radius,max_radius,ju_applied,ju_commanded,ju_jerk,sat_fraction,order_tail,dispersion_tail,min_pair_dist,collision_events,collision_pairs,finite,wall_time_s
1.0000,0.00279765,11.0938,alf,71000,0,0.00403125,1,1,1,2.5031869,3,6.7217813,5.1886721,3.4641016,6.9214082,0.072790144,0.072790144,0.0015169019,0,0.93263347,3.8486509,1.3974801,0,0,1,1.257
1.0000,0.00279765,11.0938,ctrl,71000,0,0.00596875,1,1,1,16,15,14.443188,8,8,8,0.19736185,0.19736185,0.00050353882,0,0.97758165,2.7656464,1.3974801,0,0,1,1.154
1.0000,0.00279765,11.0938,alf,71001,0,0.000375,1,1,1,1.6905291,4,6.4419688,5.1309837,3.9996073,6.9153354,0.032280508,0.032280508,0.00089971497,0,0.85555158,4.0276711,1.9684251,0,0,1,1.191
1.0000,0.00279765,11.0938,ctrl,71001,0,0.000375,1,1,1,16,15,14.483937,8,8,8,0.24360012,0.24360012,0.00044161563,0,0.96677353,2.8292988,1.4688932,0,0,1,1.135
1.0000,0.00279765,11.0938,alf,71002,0,0.01878125,1,1,1,2.2156868,4,6.244125,5.4015434,4,6.9282032,0.12999689,0.12999689,0.0019141815,0,0.85983323,3.9812989,1.7596397,0,0,1,1.220
1.0000,0.00279765,11.0938,ctrl,71002,0,0.01878125,1,1,1,16,15,13.336625,8,8,8,0.28866517,0.28866517,0.0014192451,0,0.94984353,2.8397569,1.4505636,0,0,1,1.174
1.0000,0.00279765,11.0938,alf,71003,0,0.00834375,1,1,1,2.0196154,4,6.117125,5.235483,4.0000001,6.9241684,0.16765005,0.16765005,0.0048312532,0,0.87999807,4.0665402,1.7694475,0,0,1,1.297
1.0000,0.00279765,11.0938,ctrl,71003,0,0.008625,1,1,1,16,15,14.052062,8,8,8,0.46738971,0.46738971,0.0049210123,0,0.96662645,2.8960426,1.6974086,0,0,1,1.157
1.0000,0.00279765,11.0938,alf,71004,0,0.00371875,1,1,1,3.4356716,6,6.9093125,5.5255534,4.0000007,6.9282032,0.15248693,0.15248693,0.0014023088,0,0.86846253,4.2428045,1.5559347,0,0,1,1.223
1.0000,0.00279765,11.0938,ctrl,71004,0,0.00371875,1,1,1,11.829914,12,14.342562,8,8,8,0.58735655,0.58735655,0.0007513399,0,0.9515417,3.0407034,1.5804752,0,0,1,1.170
1.0000,0.00279765,11.0938,alf,71005,0,0.0024375,1,1,1,1.9562366,0,5.9060625,5.2346266,3.4702172,6.2206624,0.050061862,0.050061862,0.00080451344,0,0.8206348,4.0353725,1.9430875,0,0,1,1.237
1.0000,0.00279765,11.0938,ctrl,71005,0,0.0024375,1,1,1,16,15,13.878625,8,8,8,0.2409546,0.2409546,0.00052270925,0,0.9253529,2.8788433,1.7383748,0,0,1,1.253
1.0000,0.00279765,11.0938,alf,71006,0,0.0291875,1,1,1,1.5108186,4,6.455125,5.2477094,4.0001289,6.5524745,0.059980767,0.059980767,0.00086316756,0,0.91671262,4.011488,1.5361503,0,0,1,1.214
1.0000,0.00279765,11.0938,ctrl,71006,0,0.0101875,1,1,1,16,15,14.054,8,8,8,0.17118213,0.17118213,0.00042401769,0,0.87097955,2.8109081,1.5361503,0,0,1,1.195
1.0000,0.00279765,11.0938,alf,71007,0,0,1,1,1,2.4975557,4,6.315,5.144502,3.4641016,6.9266335,0.052594074,0.052594074,0.0011645027,0,0.90105356,3.9083027,1.9845577,0,0,1,1.240
1.0000,0.00279765,11.0938,ctrl,71007,0,0,1,1,1,16,15,14.449312,8,8,8,0.24684565,0.24684565,0.00056171446,0,0.98567004,2.7705581,1.7208886,0,0,1,1.224
1.0000,0.00279765,11.0938,alf,71008,0,0.028125,1,1,1,2.2277471,4,6.679,5.3601252,4,7.5664606,0.079739389,0.079739389,0.0012077076,0,0.88719231,3.9822387,1.4346779,0,0,1,1.133
1.0000,0.00279765,11.0938,ctrl,71008,0,0.0395,1,1,1,16,15,13.402625,8,8,8,0.27416292,0.27416292,0.00043913636,0,0.99173743,2.7484066,1.4418687,0,0,1,1.146
1.0000,0.00279765,11.0938,alf,71009,0,0.009,1,1,1,2.5374962,4,6.3075625,5.3490069,4.0000004,6.9282032,0.12098797,0.12098797,0.0049204844,0,0.91872323,4.0559383,1.1451402,0,0,1,1.200
1.0000,0.00279765,11.0938,ctrl,71009,0,0.01378125,1,1,1,16,15,13.9,8,8,8,0.35957516,0.35969505,0.012551322,3.125e-05,0.95388147,2.8253997,1.1451402,0,0,1,1.170
1.0000,0.00279765,11.0938,alf,71010,0,0.04390625,1,1,1,2.3345556,4,6.5760938,5.9060826,4.0132615,6.9282032,0.19020903,0.19020903,0.0017785626,0,0.77354684,5.4757921,1.7890128,0,0,1,1.129
1.0000,0.00279765,11.0938,ctrl,71010,0,0,1,1,1,6.4470265,8,13.334188,8,8,8,0.74163011,0.74163011,0.00063998832,0,0.91452936,3.6971144,1.556361,0,0,1,1.104
1.0000,0.00279765,11.0938,alf,71011,0,0,1,1,1,1.6775312,5,6.8289375,5.6501562,4,6.9282032,0.16129657,0.16129657,0.0011167585,0,0.85670155,4.5568152,1.4739058,0,0,1,1.194
1.0000,0.00279765,11.0938,ctrl,71011,0,0,1,1,1,16,15,14.4705,8,8,8,0.254214,0.254214,0.00049580033,0,0.92472417,2.8254176,1.6872889,0,0,1,1.245
1.0000,0.00279765,11.0938,alf,71012,0,0.0055,1,1,1,2.3826544,4,6.4173125,5.8863846,4.8988204,6.9282032,0.18395536,0.18395536,0.001801052,0,0.86234672,4.3482286,0.9799747,0,0,1,1.243
1.0000,0.00279765,11.0938,ctrl,71012,0,0.00996875,1,1,1,1.1325933,2,11.759,8,8,8,1.0772329,1.0772329,0.006581498,0,0.79548523,4.6092002,0.9799747,0,0,1,0.748
1.0000,0.00279765,11.0938,alf,71013,0,0.00065625,1,1,1,2.0790613,4,6.4936562,5.5138492,4,6.9282032,0.13244685,0.13244685,0.0015184034,0,0.90352348,4.1878451,1.0360329,0,0,1,1.269
1.0000,0.00279765,11.0938,ctrl,71013,0,0.03096875,1,1,1,13,13,12.296563,8,8,8,0.57581342,0.57581342,0.0013607333,0,0.90315602,3.0965523,1.0406048,0,0,1,1.090
1.0000,0.00279765,11.0938,alf,71014,0,0.001875,1,1,1,2.7430089,4,6.3976562,5.1058097,3.46347,6.7663393,0.042050473,0.042050473,0.0010858402,0,0.87326337,3.9056137,0.9695855,0,0,1,1.219
1.0000,0.00279765,11.0938,ctrl,71014,0,0.001875,1,1,1,16,15,14.474937,8,8,8,0.26675364,0.26675364,0.00049478015,0,0.90825909,2.8416666,0.9695855,0,0,1,1.055
1.0000,0.00279765,11.0938,alf,71015,0,0,1,1,1,1.4710036,4,6.55225,5.4947089,4,6.9282032,0.080921767,0.080921767,0.001160323,0,0.86942841,4.4041435,1.8687372,0,0,1,1.153
1.0000,0.00279765,11.0938,ctrl,71015,0,0,1,1,1,16,15,14.6265,8,8,8,0.31906044,0.31906044,0.00055240692,0,0.95952634,2.8811966,1.6919874,0,0,1,1.147
1.0000,0.00279765,11.0938,alf,71016,0,0,1,1,1,2.5426408,4,6.534125,5.3047847,3.4641016,6.9282032,0.12630127,0.12630127,0.0019824344,0,0.83035122,4.0006827,1.5471408,0,0,1,1.139
1.0000,0.00279765,11.0938,ctrl,71016,0,0,1,1,1,16,15,14.30425,8,8,8,0.26081485,0.26081485,0.00093875165,0,0.98450785,2.811266,1.5471408,0,0,1,1.163
1.0000,0.00279765,11.0938,alf,71017,0,0.00925,1,1,1,2.3368085,4,6.2897812,5.1287885,4,4.9071274,0.090767127,0.090767127,0.0011116346,0,0.93291729,3.901113,1.2123369,0,0,1,1.171
1.0000,0.00279765,11.0938,ctrl,71017,0,0.0093125,1,1,1,14,14,14.162125,8,8,8,0.32307226,0.32307226,0.00063163895,0,0.95351774,2.8709578,1.2123369,0,0,1,1.103
1.0000,0.00279765,11.0938,alf,71018,0,0,1,1,1,2.7300096,5,6.677625,5.1057364,3.2659863,5.6568542,0.079822248,0.079822248,0.0015577681,0,0.86840344,3.6960063,1.0914113,0,0,1,1.184
1.0000,0.00279765,11.0938,ctrl,71018,0,0,1,1,1,16,15,14.46,8,8,8,0.22682005,0.22682005,0.00046652973,0,0.96368724,2.810959,1.0914113,0,0,1,1.190
1.0000,0.00279765,11.0938,alf,71019,0,0.01596875,1,1,1,2.0740513,4,6.1003438,5.3381004,4.8680554,4.9682186,0.20999651,0.20999651,0.005076966,0,0.95550446,3.9043127,1.2538787,0,0,1,1.210
1.0000,0.00279765,11.0938,ctrl,71019,0,0.0135625,1,1,1,14,14,13.645062,8,8,8,0.35094872,0.35094872,0.00069534261,0,0.96465175,2.9273258,1.2538787,0,0,1,1.117
2.0000,0.00559529,8.8051,alf,71000,0,0.0003125,1,1,1,2.8629636,2,6.702625,5.1123979,3.4641016,5.6568542,0.048755122,0.048755122,0.0013400728,0,0.80088675,3.7668657,1.1091807,0,0,1,1.247
2.0000,0.00559529,8.8051,ctrl,71000,0,0.0003125,1,1,1,16,15,14.781187,8,8,8,0.179399,0.179399,0.00050953707,0,0.93318591,2.7347377,1.1091807,0,0,1,1.146
2.0000,0.00559529,8.8051,alf,71001,0,0,1,1,1,2.021794,4,6.5840312,5.1057456,4.3817802,6.9277599,0.064626536,0.064626536,0.0010522769,0,0.81862765,4.1056873,1.6361283,0,0,1,1.150
2.0000,0.00559529,8.8051,ctrl,71001,0,0,1,1,1,16,15,14.743562,8,8,8,0.21942672,0.21942672,0.00043396478,0,0.9589209,2.8120181,1.4882593,0,0,1,1.130
2.0000,0.00559529,8.8051,alf,71002,0,0.0003125,1,1,1,2.2783256,4,6.2975937,5.0657247,3.4641016,5.6568542,0.20947129,0.21253182,0.0028188287,0.000125,0.91201735,3.7553213,1.4474042,0,0,1,1.193
2.0000,0.00559529,8.8051,ctrl,71002,0,0.0006875,1,1,1,16,15,14.102187,8,8,8,0.2847895,0.2847895,0.0013666163,0,0.96360825,2.8049329,1.5101354,0,0,1,1.076
2.0000,0.00559529,8.8051,alf,71003,0,0,1,1,1,2.5178846,4,6.5922187,5.0343255,3.7032719,5.6568542,0.1544523,0.1544523,0.0027569751,0,0.83811909,3.7178918,1.5674602,0,0,1,1.172
2.0000,0.00559529,8.8051,ctrl,71003,0,0,1,1,1,16,15,14.509438,8,8,8,0.34344854,0.34344854,0.0017962662,0,0.88399382,2.8327798,1.5674602,0,0,1,1.147
2.0000,0.00559529,8.8051,alf,71004,0,0,1,1,1,1.5895806,4,6.4839375,5.1596537,3.994547,6.9282032,0.098497732,0.098497732,0.0011455842,0,0.82875415,4.1364364,1.772173,0,0,1,1.136
2.0000,0.00559529,8.8051,ctrl,71004,0,0,1,1,1,13,13,14.619375,8,8,8,0.51157444,0.51157444,0.00061823933,0,0.91018536,3.0378901,1.6789992,0,0,1,1.120
2.0000,0.00559529,8.8051,alf,71005,0,0,1,1,1,3.0698507,4,6.5903125,5.1691168,3.2659863,6.7825257,0.080305447,0.080305447,0.0010123091,0,0.83956209,3.8769687,1.646713,0,0,1,1.205
2.0000,0.00559529,8.8051,ctrl,71005,0,0,1,1,1,16,15,14.46175,8,8,8,0.18990011,0.18990011,0.0005623837,0,0.98372528,2.7955263,1.646713,0,0,1,1.152
2.0000,0.00559529,8.8051,alf,71006,0,0,1,1,1,2.3110619,4,6.3811875,4.9843915,3.4641016,4.9845573,0.055741598,0.055741598,0.0011827357,0,0.83743964,3.845575,1.2192433,0,0,1,0.747
2.0000,0.00559529,8.8051,ctrl,71006,0,0,1,1,1,16,15,14.558188,8,8,8,0.25080794,0.25080794,0.00040755794,0,0.87694564,2.8515244,1.2192433,0,0,1,1.125
2.0000,0.00559529,8.8051,alf,71007,0,0,1,1,1,3.2409129,5,6.3864687,5.0293141,3.6501165,5.7299669,0.057264207,0.057264207,0.0010358759,0,0.90606741,3.7895276,1.5751445,0,0,1,1.134
2.0000,0.00559529,8.8051,ctrl,71007,0,0,1,1,1,16,15,14.651687,8,8,8,0.29859611,0.29859611,0.00078257426,0,0.96963688,2.756801,1.5751445,0,0,1,1.095
2.0000,0.00559529,8.8051,alf,71008,0,0,1,1,1,2.120999,4,6.1718125,5.0656064,4.0277813,6.5104057,0.040094712,0.040094712,0.00085316396,0,0.9006822,4.1642195,1.5451221,0,0,1,1.163
2.0000,0.00559529,8.8051,ctrl,71008,0,0,1,1,1,16,15,14.723062,8,8,8,0.25701367,0.25701367,0.00043560295,0,0.9292532,2.8156204,1.3850842,0,0,1,1.125
2.0000,0.00559529,8.8051,alf,71009,0,0.0066875,1,1,1,2.5796638,4,6.2100938,5.1356012,4,6.9177451,0.20443371,0.20443371,0.0047070308,0,0.69927304,4.0432561,0.90889837,0,0,1,1.252
2.0000,0.00559529,8.8051,ctrl,71009,0,0.0121875,1,1,1,4.4251756,7,12.447875,8,8,8,1.3457825,1.3457825,0.015133958,0,0.84077768,3.9159538,0.90889837,0,0,1,1.086
2.0000,0.00559529,8.8051,alf,71010,0,0,1,1,1,2.545338,4,6.5125313,5.1975221,4.0000127,6.9282032,0.17373115,0.17373115,0.001598071,0,0.87216937,4.0413242,1.3821804,0,0,1,1.137
2.0000,0.00559529,8.8051,ctrl,71010,0,0,1,1,1,16,15,14.669688,8,8,8,0.43226277,0.43226277,0.00056571835,0,0.90192088,2.8466106,1.3560502,0,0,1,1.107
2.0000,0.00559529,8.8051,alf,71011,0,0,1,1,1,1.6297198,3,6.847625,5.3520459,3.703281,6.9282032,0.15341592,0.15341592,0.0012163597,0,0.78278429,4.3839961,1.7025395,0,0,1,1.141
2.0000,0.00559529,8.8051,ctrl,71011,0,0,1,1,1,14,14,14.760813,8,8,8,0.33496683,0.33496683,0.00056065784,0,0.89564638,2.9076062,1.6453059,0,0,1,1.134
2.0000,0.00559529,8.8051,alf,71012,0,0.01603125,1,1,1,2.6716699,4,7.0383438,6.2213245,4.8989795,6.9282049,0.42157738,0.42157738,0.0032196318,0,0.82103103,4.9044278,0.77780644,0,0,1,1.220
2.0000,0.00559529,8.8051,ctrl,71012,0,0.00021875,1,1,1,7.48954,8,13.429562,8,8,8,0.7990144,0.7990144,0.0014938202,0,0.78324941,3.6006278,0.77780644,0,0,1,1.077
2.0000,0.00559529,8.8051,alf,71013,0,0.00990625,1,1,1,1.6032742,4,6.7667813,6.134647,4.376007,6.9282184,0.38317788,0.38317788,0.0023565129,0,0.79313346,5.4773819,1.1229696,0,0,1,1.155
2.0000,0.00559529,8.8051,ctrl,71013,0,0,1,1,1,8.2574849,9,12.914125,8,8,8,0.7389516,0.7389516,0.00097666778,0,0.81397712,3.8024002,1.369862,0,0,1,1.095
2.0000,0.00559529,8.8051,alf,71014,0,0,1,1,1,2.6993358,4,6.3444687,5.0288357,4.3134548,6.9282032,0.048023172,0.048023172,0.0011676642,0,0.83941553,4.0001068,0.76956052,0,0,1,1.190
2.0000,0.00559529,8.8051,ctrl,71014,0,0,1,1,1,16,15,14.72025,8,8,8,0.34468811,0.34468811,0.0005367335,0,0.92518595,2.8937443,0.76956052,0,0,1,1.136
2.0000,0.00559529,8.8051,alf,71015,0,0,1,1,1,2.1832089,5,6.5779062,5.3174707,4.3817805,6.9281863,0.087577737,0.087577737,0.0012689841,0,0.79780822,4.2693069,1.4832177,0,0,1,1.133
2.0000,0.00559529,8.8051,ctrl,71015,0,0,1,1,1,16,15,14.793062,8,8,8,0.28725727,0.28725727,0.00049460413,0,0.9210963,2.8062396,1.4832177,0,0,1,1.111
2.0000,0.00559529,8.8051,alf,71016,0,0,1,1,1,2.6897235,0,6.5695625,5.1491573,3.4892805,6.5897864,0.13470092,0.13470092,0.0016247096,0,0.93524737,3.8893759,1.2279665,0,0,1,1.214
2.0000,0.00559529,8.8051,ctrl,71016,0,0,1,1,1,16,15,14.561563,8,8,8,0.40900148,0.40900148,0.0013576123,0,0.96965109,2.8092858,1.2279665,0,0,1,1.138
2.0000,0.00559529,8.8051,alf,71017,0,0.000625,1,1,1,1.8420225,4,6.1233125,5.0890011,4,6.8326891,0.085189044,0.085189044,0.0011949968,0,0.85315565,4.1100701,0.96223241,0,0,1,1.215
2.0000,0.00559529,8.8051,ctrl,71017,0,0.000625,1,1,1,16,15,14.573937,8,8,8,0.32182577,0.32182577,0.00057472232,0,0.89767074,2.8696819,0.96223241,0,0,1,1.091
2.0000,0.00559529,8.8051,alf,71018,0,0,1,1,1,2.1228606,4,6.3865312,5.0696391,4,5.6568542,0.071693163,0.071693163,0.0011127934,0,0.94202216,3.9795304,0.8662537,0,0,1,1.131
2.0000,0.00559529,8.8051,ctrl,71018,0,0,1,1,1,16,15,14.725938,8,8,8,0.22839497,0.22839497,0.00048416558,0,0.94193033,2.7970331,0.8662537,0,0,1,1.021
2.0000,0.00559529,8.8051,alf,71019,0,0,1,1,1,2.4995944,4,6.59775,5.113444,3.4641016,5.6568542,0.093333254,0.093333254,0.00113211,0,0.90105088,3.8620041,0.99520421,0,0,1,1.110
2.0000,0.00559529,8.8051,ctrl,71019,0,0,1,1,1,16,15,14.556,8,8,8,0.56189158,0.66011565,0.0040823193,0.00046875,0.95305075,2.8103466,0.99520421,0,0,1,1.118
4.0000,0.01119058,6.9886,alf,71000,0,0,1,1,1,2.9016377,4,6.7634688,4.9233633,3.4586647,6.2004056,0.060866163,0.060866163,0.0013163208,0,0.87124268,3.632374,0.88035729,0,0,1,0.620
4.0000,0.01119058,6.9886,ctrl,71000,0,0,1,1,1,16,15,14.914125,8,8,8,0.17171272,0.17171272,0.0005569927,0,0.89605199,2.7211249,0.88035729,0,0,1,1.090
4.0000,0.01119058,6.9886,alf,71001,0,0,1,1,1,1.8121249,4,5.9270625,4.9234693,4,5.5438452,0.044983291,0.044983291,0.00088854382,0,0.74492287,4.0863165,1.6773235,0,0,1,1.193
4.0000,0.01119058,6.9886,ctrl,71001,0,0,1,1,1,16,15,14.89425,8,8,8,0.20362511,0.20362511,0.0004246174,0,0.78658821,2.806671,1.5455901,0,0,1,1.134
4.0000,0.01119058,6.9886,alf,71002,0,0.00075,1,1,1,2.8324083,2,6.7092813,5.1589202,3.4641016,6.9280906,0.24261664,0.24261664,0.0039852832,0,0.78094623,3.851771,1.1985953,0,0,1,1.154
4.0000,0.01119058,6.9886,ctrl,71002,0,0,1,1,1,16,15,14.437188,8,8,8,0.35609586,0.35609586,0.0014699617,0,0.95562224,2.791362,1.1985953,0,0,1,1.041
4.0000,0.01119058,6.9886,alf,71003,0,0,1,1,1,2.5134737,5,6.6108125,4.8845006,3.7032804,5.7775601,0.12995443,0.12995443,0.0012205324,0,0.79771967,3.6835883,1.244094,0,0,1,1.125
4.0000,0.01119058,6.9886,ctrl,71003,0,0,1,1,1,16,15,14.802062,8,8,8,0.69432402,0.69432402,0.0037772967,0,0.90758194,2.7514316,1.244094,0,0,1,1.131
4.0000,0.01119058,6.9886,alf,71004,0,0,1,1,1,1.6970921,4,6.3235,4.9835477,4,5.6568543,0.078420241,0.078420241,0.00097738435,0,0.74235141,4.1353585,1.6246645,0,0,1,1.196
4.0000,0.01119058,6.9886,ctrl,71004,0,0,1,1,1,16,15,14.834437,8,8,8,0.45482944,0.45482944,0.00065097991,0,0.89454503,2.9198402,1.6202243,0,0,1,1.061
4.0000,0.01119058,6.9886,alf,71005,0,0,1,1,1,2.2024705,4,6.2673125,4.927047,3.4641016,4.8989795,0.088425711,0.088425711,0.00097600033,0,0.85557671,3.813562,1.306997,0,0,1,1.124
4.0000,0.01119058,6.9886,ctrl,71005,0,0,1,1,1,16,15,14.734375,8,8,8,0.22625399,0.22625399,0.00067531747,0,0.93859334,2.7241606,1.306997,0,0,1,1.098
4.0000,0.01119058,6.9886,alf,71006,0,0,1,1,1,2.8458577,5,6.242375,4.8481601,4,6.8982095,0.068216424,0.068216424,0.00078763032,0,0.76512221,3.8533225,0.96771402,0,0,1,1.157
4.0000,0.01119058,6.9886,ctrl,71006,0,0,1,1,1,16,15,14.7915,8,8,8,0.20537894,0.20537894,0.00053069807,0,0.86891506,2.7881631,0.96771402,0,0,1,1.024
4.0000,0.01119058,6.9886,alf,71007,0,0,1,1,1,2.4623492,4,6.3605313,4.9779516,4.3817807,6.7252783,0.042891605,0.042891605,0.00068007994,0,0.84361181,3.9261728,1.250193,0,0,1,1.190
4.0000,0.01119058,6.9886,ctrl,71007,0,0,1,1,1,16,15,14.847563,8,8,8,0.20152243,0.20152243,0.00050127542,0,0.95456819,2.756993,1.250193,0,0,1,1.114
4.0000,0.01119058,6.9886,alf,71008,0,0,1,1,1,2.357698,0,6.1081875,4.8895461,3.2659863,5.6568542,0.057740083,0.057740083,0.00096329133,0,0.87726784,3.7734086,1.7246328,0,0,1,1.246
4.0000,0.01119058,6.9886,ctrl,71008,0,0,1,1,1,16,15,14.920375,8,8,8,0.22002907,0.22002907,0.00042517398,0,0.82205172,2.7455052,1.3829145,0,0,1,1.071
4.0000,0.01119058,6.9886,alf,71009,0,0.0065625,1,1,1,3.2133161,5,6.538625,5.0867281,3.7032804,6.7117132,0.31535257,0.31535257,0.0068800588,0,0.77870428,3.7612864,0.72139311,0,0,1,1.065
4.0000,0.01119058,6.9886,ctrl,71009,0,0,1,1,1,16,15,14.498625,8,8,8,0.34371983,0.34371983,0.0010201405,0,0.75134173,2.8213557,0.72139311,0,0,1,1.032
4.0000,0.01119058,6.9886,alf,71010,0,0,1,1,1,2.4735109,5,6.6571562,5.2565801,4.3817809,6.9282032,0.15978513,0.15978513,0.0011609444,0,0.72128806,4.0942989,1.4190674,0,0,1,1.053
4.0000,0.01119058,6.9886,ctrl,71010,0,0,1,1,1,13,13,13.782687,8,8,8,0.76711523,0.76711523,0.00087597608,0,0.84641096,3.5171003,1.3980331,0,0,1,1.050
4.0000,0.01119058,6.9886,alf,71011,0,0,1,1,1,2.5470516,4,6.7934063,4.976178,4,6.9282027,0.13790917,0.13790917,0.0012649542,0,0.85605119,3.7480803,1.723399,0,0,1,1.095
4.0000,0.01119058,6.9886,ctrl,71011,0,0,1,1,1,16,15,14.930813,8,8,8,0.34260826,0.34260826,0.00059222449,0,0.92178068,2.8679148,1.59027,0,0,1,0.963
4.0000,0.01119058,6.9886,alf,71012,0,0.00125,1,1,1,2.2312974,4,7.1763125,5.6204173,4,6.9282032,0.30295353,0.30295353,0.0049139091,0,0.72959794,4.0487738,0.61734538,3,1,1,1.102
4.0000,0.01119058,6.9886,ctrl,71012,0,0,1,1,1,13,13,13.007437,8,8,8,0.89162265,0.89162265,0.002870172,0,0.81374142,3.4246558,0.61734538,3,1,1,1.006
4.0000,0.01119058,6.9886,alf,71013,0,0,1,1,1,2.675294,5,7.3449063,5.5053129,4,6.9282032,0.22476503,0.22476503,0.0012745084,0,0.7699781,4.013884,1.3257175,0,0,1,1.057
4.0000,0.01119058,6.9886,ctrl,71013,0,0,1,1,1,14,14,14.645125,8,8,8,0.6433829,0.6433829,0.00069926446,0,0.83176615,3.0426771,1.2128788,0,0,1,0.976
4.0000,0.01119058,6.9886,alf,71014,0,0,1,1,1,3.4851668,4,6.2576875,4.9031074,4.0000114,6.9282032,0.067504182,0.067504182,0.0010998109,0,0.77622095,3.998801,0.61080059,3,1,1,1.053
4.0000,0.01119058,6.9886,ctrl,71014,0,0,1,1,1,16,15,14.883125,8,8,8,0.31308709,0.31308709,0.00062594057,0,0.84248507,2.8716801,0.61080059,3,1,1,1.029
4.0000,0.01119058,6.9886,alf,71015,0,0,1,1,1,2.2965439,4,6.6987188,4.9851555,4,6.9282032,0.092807069,0.092807069,0.00088540737,0,0.71857473,3.8627561,1.1772306,0,0,1,0.576
4.0000,0.01119058,6.9886,ctrl,71015,0,0,1,1,1,16,15,14.91975,8,8,8,0.2625692,0.2625692,0.0004855854,0,0.8901728,2.7806584,1.1772306,0,0,1,1.237
4.0000,0.01119058,6.9886,alf,71016,0,0,1,1,1,2.2186574,4,6.2329688,4.9152834,3.4641016,6.6540883,0.16779981,0.16779981,0.00160702,0,0.76580992,3.8055966,0.97463765,0,0,1,1.120
4.0000,0.01119058,6.9886,ctrl,71016,0,0,1,1,1,16,15,14.804187,8,8,8,0.2671264,0.2671264,0.00067460706,0,0.88608183,2.8026293,0.97463765,0,0,1,1.104
4.0000,0.01119058,6.9886,alf,71017,0,0,1,1,1,2.0019222,4,6.3419063,4.8827651,4,5.6568542,0.10106559,0.10106559,0.00091710657,0,0.67675318,3.9369063,0.76372437,0,0,1,1.098
4.0000,0.01119058,6.9886,ctrl,71017,0,0,1,1,1,16,15,14.702312,8,8,8,0.48413301,0.48413301,0.00090233755,0,0.91318303,3.0373252,0.76372437,0,0,1,1.063
4.0000,0.01119058,6.9886,alf,71018,0,0,1,1,1,2.5178958,5,6.1893125,4.8894957,3.7032804,5.6568542,0.073052411,0.073052411,0.0012069176,0,0.72160744,3.8248797,0.68754602,1,1,1,1.078
4.0000,0.01119058,6.9886,ctrl,71018,0,0,1,1,1,16,15,14.878375,8,8,8,0.23123127,0.23123127,0.00054520392,0,0.88427193,2.7868233,0.68754602,1,1,1,1.048
4.0000,0.01119058,6.9886,alf,71019,0,0,1,1,1,3.1340089,3,6.4720312,4.9557785,3.4641016,6.7063565,0.093240017,0.093240017,0.0010360981,0,0.8988012,3.7952201,0.7898941,0,0,1,1.088
4.0000,0.01119058,6.9886,ctrl,71019,0,0,1,1,1,16,15,14.812375,8,8,8,0.52524289,0.56236324,0.0031359212,0.0003125,0.94670706,2.7257388,0.7898941,0,0,1,1.010
8.0000,0.02238116,5.5469,alf,71000,0,0,1,1,1,3.0946747,4,6.2464688,4.7506625,3.2660082,5.6568542,0.051228756,0.051228756,0.00096467211,0,0.71977475,3.7083125,0.69874004,1,1,1,1.086
8.0000,0.02238116,5.5469,ctrl,71000,0,0,1,1,1,16,15,14.987187,8,8,8,0.17386546,0.17386546,0.00069675809,0,0.78781888,2.7180571,0.69874004,1,1,1,1.080
8.0000,0.02238116,5.5469,alf,71001,0,0,1,1,1,2.2418357,3,6.1515937,4.6664919,3.4641016,5.6568542,0.07643172,0.07643172,0.00068399707,0,0.72302967,3.6986714,1.5701062,0,0,1,1.137
8.0000,0.02238116,5.5469,ctrl,71001,0,0,1,1,1,16,15,14.973562,8,8,8,0.20302123,0.20302123,0.0004555401,0,0.77098723,2.7975833,1.5701062,0,0,1,1.151
8.0000,0.02238116,5.5469,alf,71002,0,0,1,1,1,2.250666,4,6.3174687,4.8553149,3.7032804,5.6568542,0.26727782,0.26727782,0.0042367565,0,0.7541367,3.8260145,0.95132571,0,0,1,1.286
8.0000,0.02238116,5.5469,ctrl,71002,0,0.00121875,1,1,1,16,15,14.7235,8,8,8,0.5171399,0.5171399,0.0026266937,0,0.91657554,2.7846831,0.95132571,0,0,1,1.124
8.0000,0.02238116,5.5469,alf,71003,0,0,1,1,1,2.9274592,1,6.3578437,4.6326799,3.0983867,4.8991042,0.21948178,0.21948178,0.001805732,0,0.77223068,3.5675649,0.98743805,0,0,1,1.223
8.0000,0.02238116,5.5469,ctrl,71003,0,0,1,1,1,16,15,14.925937,8,8,8,0.86543482,0.86543482,0.0060973363,0,0.88561907,2.7076195,0.98743805,0,0,1,1.232
8.0000,0.02238116,5.5469,alf,71004,0,0,1,1,1,2.3185479,4,6.2287812,4.7360191,3.4641469,5.6568542,0.12102644,0.12102644,0.00082177204,0,0.62973006,3.7035804,1.2894971,0,0,1,1.146
8.0000,0.02238116,5.5469,ctrl,71004,0,0,1,1,1,16,15,14.962875,8,8,8,0.41713972,0.41713972,0.00061003794,0,0.83379467,2.930755,1.2894971,0,0,1,1.205
8.0000,0.02238116,5.5469,alf,71005,0,0,1,1,1,3.1814889,5,6.2226562,4.7597022,3.2658581,5.6568542,0.13278956,0.13278956,0.0010591735,0,0.6338726,3.6277038,1.0373642,0,0,1,1.309
8.0000,0.02238116,5.5469,ctrl,71005,0,0,1,1,1,16,15,14.901125,8,8,8,0.36060815,0.36060815,0.00094853573,0,0.8384782,2.771897,1.0373642,0,0,1,1.107
8.0000,0.02238116,5.5469,alf,71006,0,0,1,1,1,3.0156025,1,5.8533125,4.6358269,3.2665019,5.6568542,0.074100629,0.074100629,0.00097747812,0,0.77524105,3.7295959,0.76807513,0,0,1,1.177
8.0000,0.02238116,5.5469,ctrl,71006,0,0,1,1,1,16,15,14.9225,8,8,8,0.24163708,0.24163708,0.00089892199,0,0.80821188,2.7720907,0.76807513,0,0,1,1.205
8.0000,0.02238116,5.5469,alf,71007,0,0,1,1,1,2.6728644,3,6.1955937,4.7785877,3.4641016,5.6568542,0.055484011,0.055484011,0.00085441937,0,0.81951411,3.8252647,0.99227883,0,0,1,1.147
8.0000,0.02238116,5.5469,ctrl,71007,0,0,1,1,1,16,15,14.961,8,8,8,0.19245304,0.19245304,0.00055353969,0,0.80723575,2.7273084,0.99227883,0,0,1,1.181
8.0000,0.02238116,5.5469,alf,71008,0,0,1,1,1,3.6431812,4,6.2387188,4.6814338,3.2643877,6.6540852,0.074147855,0.074147855,0.0006658185,0,0.72833802,3.5760456,1.368842,0,0,1,1.221
8.0000,0.02238116,5.5469,ctrl,71008,0,0,1,1,1,16,15,14.991938,8,8,8,0.19909709,0.19909709,0.00045303462,0,0.75919642,2.7869953,1.368842,0,0,1,1.325
8.0000,0.02238116,5.5469,alf,71009,0,0,1,1,1,2.556221,4,6.9161563,5.0705439,4,5.6568542,0.27588262,0.27588262,0.0028244042,0,0.67654677,3.8611438,0.57257009,4,1,1,0.663
8.0000,0.02238116,5.5469,ctrl,71009,0,0,1,1,1,16,15,14.86225,8,8,8,0.39245092,0.39245092,0.0012958229,0,0.77761213,2.7815534,0.57257009,4,1,1,1.285
8.0000,0.02238116,5.5469,alf,71010,0,0,1,1,1,3.7244958,5,6.51625,4.9934676,4.38209,7.9999999,0.16871081,0.16871081,0.0013285611,0,0.7345566,3.9974082,1.1263146,0,0,1,1.223
8.0000,0.02238116,5.5469,ctrl,71010,0,0,1,1,1,8.8024933,10,14.119438,8,8,8,0.91217775,0.91217775,0.00061135324,0,0.74279164,3.6640548,1.1263146,0,0,1,1.083
8.0000,0.02238116,5.5469,alf,71011,0,0,1,1,1,3.2117905,5,6.40275,4.6996231,3.2241764,5.6568542,0.14727653,0.14727653,0.0011238847,0,0.72814689,3.6131925,1.5764753,0,0,1,1.154
8.0000,0.02238116,5.5469,ctrl,71011,0,0,1,1,1,16,15,14.983063,8,8,8,0.34199097,0.34199097,0.00064320102,0,0.86249305,2.8130851,1.5719898,0,0,1,1.192
8.0000,0.02238116,5.5469,alf,71012,0,0,1,1,1,2.3373699,4,6.3859687,4.8050737,3.7032804,5.6568542,0.16814564,0.16814564,0.00099644112,0,0.70814704,3.7760138,0.48998735,4,1,1,1.237
8.0000,0.02238116,5.5469,ctrl,71012,0,0,1,1,1,9.0593625,10,12.78525,8,8,8,0.85997225,0.85997225,0.0010070008,0,0.6446143,3.8842343,0.48998735,5,1,1,1.163
8.0000,0.02238116,5.5469,alf,71013,0,0,1,1,1,2.9514696,5,7.2839063,5.26696,3.4641016,6.9281402,0.18675677,0.18675677,0.0012434206,0,0.69965189,4.0101402,1.3899057,0,0,1,1.416
8.0000,0.02238116,5.5469,ctrl,71013,0,0,1,1,1,16,15,14.881875,8,8,8,0.57578583,0.57578583,0.00082633093,0,0.88891641,2.9315045,1.2571648,0,0,1,1.125
8.0000,0.02238116,5.5469,alf,71014,0,0,1,1,1,2.4827668,4,6.1284063,4.7137701,3.4641016,5.5745494,0.060166494,0.060166494,0.00097154521,0,0.78737458,3.774153,0.48479275,5,1,1,1.119
8.0000,0.02238116,5.5469,ctrl,71014,0,0,1,1,1,16,15,14.979812,8,8,8,0.30581511,0.30581511,0.00086407086,0,0.81442755,2.828517,0.48479275,5,1,1,1.110
8.0000,0.02238116,5.5469,alf,71015,0,0,1,1,1,2.5502814,4,6.03275,4.581395,4,5.6568542,0.11914076,0.11914076,0.00054601061,0,0.70347362,3.7424088,0.93436858,0,0,1,1.075
8.0000,0.02238116,5.5469,ctrl,71015,0,0,1,1,1,16,15,14.987813,8,8,8,0.26217528,0.26217528,0.00051858056,0,0.81146741,2.7386044,0.93436858,0,0,1,1.122
8.0000,0.02238116,5.5469,alf,71016,0,0,1,1,1,2.910719,2,6.2225313,4.7667594,3.2664039,5.6568542,0.11789102,0.11789102,0.0013349778,0,0.79211031,3.7223855,0.77357041,0,0,1,1.158
8.0000,0.02238116,5.5469,ctrl,71016,0,0,1,1,1,16,15,14.956188,8,8,8,0.27228582,0.27228582,0.00078792611,0,0.86629717,2.7755764,0.77357041,0,0,1,1.082
8.0000,0.02238116,5.5469,alf,71017,0,0,1,1,1,3.0826258,5,6.4342188,4.5730139,3.4640792,4.8989795,0.13860672,0.13860672,0.0012119239,0,0.73243406,3.5343691,0.60616843,3,1,1,1.138
8.0000,0.02238116,5.5469,ctrl,71017,0,0,1,1,1,16,15,14.913562,8,8,8,0.42381261,0.42381261,0.0012475272,0,0.87503984,2.93123,0.60616843,3,1,1,1.112
8.0000,0.02238116,5.5469,alf,71018,0,0,1,1,1,3.5730667,3,5.9432187,4.6296899,3.1532441,6.0846757,0.094099159,0.094099159,0.0010362731,0,0.80087139,3.6021248,0.54570564,4,1,1,1.175
8.0000,0.02238116,5.5469,ctrl,71018,0,0,1,1,1,16,15,14.970937,8,8,8,0.24230932,0.24230932,0.0007809652,0,0.70946177,2.7838943,0.54570564,4,1,1,1.130
8.0000,0.02238116,5.5469,alf,71019,0,0,1,1,1,3.7887048,5,6.6390937,4.7080701,3.4634448,5.6568542,0.18038561,0.18038561,0.0017441137,0,0.87472857,3.5786064,0.62693937,3,1,1,1.115
8.0000,0.02238116,5.5469,ctrl,71019,0,0,1,1,1,16,15,14.95525,8,8,8,0.46297395,0.46297395,0.0020645406,0,0.91648233,2.7760468,0.62693937,3,1,1,1.079
