bootstrap_unit,ci95_high,ci95_low,density,effect,geometry,holm_adjusted_pvalue,holm_family,median_difference,metric,n_agents,n_pairs,paired_mean_difference,positive_fraction,scope,sign_consistency,sign_flip_pvalue
shared held-out evaluation seed,0.0024024424790973125,0.0008305295170613591,0.0123,aperture_main_effect,clustered,nan,none_cellwise,0.001505493692303639,mean_abs_radius_update,16,50,0.001574493813634875,0.68,cell,0.68,0.0003999200159968006
shared held-out evaluation seed,0.00014485496629532387,-0.0011973636955035305,0.0123,base_main_effect,clustered,nan,none_cellwise,-0.0003271037146658543,mean_abs_radius_update,16,50,-0.0005235386035402635,0.44,cell,0.56,0.14197160567886422
shared held-out evaluation seed,-0.01715666308846864,-0.0199167987132351,0.0123,aperture_base_interaction,clustered,nan,none_cellwise,-0.01804845658307422,mean_abs_radius_update,16,50,-0.018454524804227837,0.0,cell,1.0,0.0001999600079984003
shared held-out evaluation seed,-0.017098342667133136,-0.019715637638205833,0.0123,requested_measurement_did,clustered,nan,none_cellwise,-0.01804845658307422,mean_abs_radius_update,16,50,-0.018454524804227837,0.0,cell,1.0,0.0001999600079984003
shared held-out evaluation seed,-0.01707820770233003,-0.019707101077992138,0.0123,requested_base_did,clustered,nan,none_cellwise,-0.01804845658307422,mean_abs_radius_update,16,50,-0.018454524804227837,0.0,cell,1.0,0.0001999600079984003
shared held-out evaluation seed,0.0014283593749999989,0.00029375000000000007,0.0123,aperture_main_effect,clustered,nan,none_cellwise,0.001328125,contact_break_rate,16,50,0.0008843750000000001,0.72,cell,0.74,0.005198960207958408
shared held-out evaluation seed,-0.0008874999999999999,-0.0019718749999999997,0.0123,base_main_effect,clustered,nan,none_cellwise,-0.001875,contact_break_rate,16,50,-0.0014343749999999999,0.22,cell,0.78,0.0001999600079984003
shared held-out evaluation seed,-0.00175625,-0.00328140625,0.0123,aperture_base_interaction,clustered,nan,none_cellwise,-0.0021875,contact_break_rate,16,50,-0.00253125,0.16,cell,0.84,0.0001999600079984003
shared held-out evaluation seed,-0.0017996875000000016,-0.0032876562499999998,0.0123,requested_measurement_did,clustered,nan,none_cellwise,-0.0021875,contact_break_rate,16,50,-0.00253125,0.16,cell,0.84,0.0001999600079984003
shared held-out evaluation seed,-0.00175625,-0.0033187500000000005,0.0123,requested_base_did,clustered,nan,none_cellwise,-0.0021875,contact_break_rate,16,50,-0.00253125,0.16,cell,0.84,0.0001999600079984003
shared held-out evaluation seed,-0.04380418221393037,-0.09869519589552239,0.0123,aperture_main_effect,clustered,nan,none_cellwise,-0.005130597014925353,mean_largest_scc_fraction,16,50,-0.0703544776119403,0.14,cell,0.86,0.0001999600079984003
shared held-out evaluation seed,0.11817249689054725,0.05422310323383085,0.0123,base_main_effect,clustered,nan,none_cellwise,0.026896766169154235,mean_largest_scc_fraction,16,50,0.08453980099502488,0.66,cell,0.9,0.0001999600079984003
shared held-out evaluation seed,0.00039490049751230604,-0.113107276119403,0.0123,aperture_base_interaction,clustered,nan,none_cellwise,0.0,mean_largest_scc_fraction,16,50,-0.05706467661691542,0.3,cell,0.7,0.05538892221555689
shared held-out evaluation seed,0.0023816853233830475,-0.11488028606965177,0.0123,requested_measurement_did,clustered,nan,none_cellwise,0.0,mean_largest_scc_fraction,16,50,-0.05706467661691542,0.3,cell,0.7,0.0597880423915217
shared held-out evaluation seed,0.0006481654228855263,-0.11378093905472639,0.0123,requested_base_did,clustered,nan,none_cellwise,0.0,mean_largest_scc_fraction,16,50,-0.05706467661691542,0.3,cell,0.7,0.0593881223755249
shared held-out evaluation seed,0.00433271592388975,0.002885581043594008,0.0123,aperture_main_effect,elongated,nan,none_cellwise,0.00309116133418044,mean_abs_radius_update,16,50,0.003615712693093246,0.92,cell,0.92,0.0001999600079984003
shared held-out evaluation seed,-0.00044745508473063167,-0.0020816963672747974,0.0123,base_main_effect,elongated,nan,none_cellwise,-0.0010973079576455018,mean_abs_radius_update,16,50,-0.0012405136986042933,0.34,cell,0.66,0.004199160167966407
shared held-out evaluation seed,-0.01579753657043315,-0.01861819757440549,0.0123,aperture_base_interaction,elongated,nan,none_cellwise,-0.017078391312246165,mean_abs_radius_update,16,50,-0.01716194469612422,0.0,cell,1.0,0.0001999600079984003
shared held-out evaluation seed,-0.015733107961909833,-0.018558788175190043,0.0123,requested_measurement_did,elongated,nan,none_cellwise,-0.017078391312246165,mean_abs_radius_update,16,50,-0.01716194469612422,0.0,cell,1.0,0.0001999600079984003
shared held-out evaluation seed,-0.015783617993051714,-0.018569444760763512,0.0123,requested_base_did,elongated,nan,none_cellwise,-0.017078391312246165,mean_abs_radius_update,16,50,-0.01716194469612422,0.0,cell,1.0,0.0001999600079984003
shared held-out evaluation seed,0.001090625,0.00029062500000000014,0.0123,aperture_main_effect,elongated,nan,none_cellwise,0.0011718750000000002,contact_break_rate,16,50,0.0007187500000000001,0.76,cell,0.8,0.0009998000399920016
shared held-out evaluation seed,-0.000840625,-0.0017344531249999999,0.0123,base_main_effect,elongated,nan,none_cellwise,-0.0015625,contact_break_rate,16,50,-0.0013125,0.16,cell,0.84,0.0001999600079984003
shared held-out evaluation seed,-0.00230625,-0.0037125,0.0123,aperture_base_interaction,elongated,nan,none_cellwise,-0.0021875,contact_break_rate,16,50,-0.0029875,0.02,cell,0.98,0.0001999600079984003
shared held-out evaluation seed,-0.00231875,-0.00374390625,0.0123,requested_measurement_did,elongated,nan,none_cellwise,-0.0021875,contact_break_rate,16,50,-0.0029875,0.02,cell,0.98,0.0001999600079984003
shared held-out evaluation seed,-0.00235,-0.0036815625000000004,0.0123,requested_base_did,elongated,nan,none_cellwise,-0.0021875,contact_break_rate,16,50,-0.0029875,0.02,cell,0.98,0.0001999600079984003
shared held-out evaluation seed,-0.01425629664179106,-0.05405394900497512,0.0123,aperture_main_effect,elongated,nan,none_cellwise,-0.0015547263681592038,mean_largest_scc_fraction,16,50,-0.03319651741293532,0.12,cell,0.88,0.0011997600479904018
shared held-out evaluation seed,0.11441635572139296,0.04112803171641791,0.0123,base_main_effect,elongated,nan,none_cellwise,0.015469527363184105,mean_largest_scc_fraction,16,50,0.07725746268656715,0.62,cell,0.88,0.0001999600079984003
shared held-out evaluation seed,0.043196983830845755,-0.04136986940298508,0.0123,aperture_base_interaction,elongated,nan,none_cellwise,0.0,mean_largest_scc_fraction,16,50,0.0016293532338308415,0.46,cell,0.8,0.9308138372325535
shared held-out evaluation seed,0.04002161069651737,-0.042015080845771144,0.0123,requested_measurement_did,elongated,nan,none_cellwise,0.0,mean_largest_scc_fraction,16,50,0.0016293532338308436,0.46,cell,0.8,0.9392121575684863
shared held-out evaluation seed,0.041117070895522356,-0.0401133395522388,0.0123,requested_base_did,elongated,nan,none_cellwise,0.0,mean_largest_scc_fraction,16,50,0.0016293532338308436,0.46,cell,0.8,0.9436112777444511
shared held-out evaluation seed,0.013666483802823343,0.011858597302900363,0.0123,aperture_main_effect,uniform,nan,none_cellwise,0.012773576331497626,mean_abs_radius_update,16,50,0.0127536510106366,1.0,cell,1.0,0.0001999600079984003
shared held-out evaluation seed,-0.011473984522460385,-0.013449352320390264,0.0123,base_main_effect,uniform,nan,none_cellwise,-0.012662996270923042,mean_abs_radius_update,16,50,-0.012487139332831014,0.0,cell,1.0,0.0001999600079984003
shared held-out evaluation seed,-0.023672377832844094,-0.02746685185635242,0.0123,aperture_base_interaction,uniform,nan,none_cellwise,-0.025474614314561102,mean_abs_radius_update,16,50,-0.02550514926993321,0.0,cell,1.0,0.0001999600079984003
shared held-out evaluation seed,-0.023665050956760348,-0.02732015403418637,0.0123,requested_measurement_did,uniform,nan,none_cellwise,-0.025474614314561102,mean_abs_radius_update,16,50,-0.02550514926993321,0.0,cell,1.0,0.0001999600079984003
shared held-out evaluation seed,-0.023665571932028763,-0.02729484238094322,0.0123,requested_base_did,uniform,nan,none_cellwise,-0.025474614314561106,mean_abs_radius_update,16,50,-0.02550514926993321,0.0,cell,1.0,0.0001999600079984003
shared held-out evaluation seed,0.00111875,0.0008092187499999999,0.0123,aperture_main_effect,uniform,nan,none_cellwise,0.000859375,contact_break_rate,16,50,0.0009593749999999999,0.98,cell,1.0,0.0001999600079984003
shared held-out evaluation seed,-0.000925,-0.0012812499999999998,0.0123,base_main_effect,uniform,nan,none_cellwise,-0.001015625,contact_break_rate,16,50,-0.001103125,0.02,cell,0.98,0.0001999600079984003
shared held-out evaluation seed,-0.00161875,-0.002275,0.0123,aperture_base_interaction,uniform,nan,none_cellwise,-0.00171875,contact_break_rate,16,50,-0.0019187499999999999,0.0,cell,1.0,0.0001999600079984003
shared held-out evaluation seed,-0.0016123437500000007,-0.0022500000000000003,0.0123,requested_measurement_did,uniform,nan,none_cellwise,-0.00171875,contact_break_rate,16,50,-0.0019187499999999999,0.0,cell,1.0,0.0001999600079984003
shared held-out evaluation seed,-0.0016125,-0.00224375,0.0123,requested_base_did,uniform,nan,none_cellwise,-0.0017187499999999998,contact_break_rate,16,50,-0.0019187499999999999,0.0,cell,1.0,0.0001999600079984003
shared held-out evaluation seed,-0.07182874689054727,-0.10911722636815922,0.0123,aperture_main_effect,uniform,nan,none_cellwise,-0.07999067164179108,mean_largest_scc_fraction,16,50,-0.09035136815920397,0.04,cell,0.96,0.0001999600079984003
shared held-out evaluation seed,0.13418314676616916,0.08212538868159204,0.0123,base_main_effect,uniform,nan,none_cellwise,0.0889303482587065,mean_largest_scc_fraction,16,50,0.10648320895522388,0.96,cell,0.96,0.0001999600079984003
shared held-out evaluation seed,0.2208667599502487,0.14283628731343284,0.0123,aperture_base_interaction,uniform,nan,none_cellwise,0.15998134328358216,mean_largest_scc_fraction,16,50,0.18061567164179107,0.96,cell,0.96,0.0001999600079984003
shared held-out evaluation seed,0.22118998756218905,0.144433302238806,0.0123,requested_measurement_did,uniform,nan,none_cellwise,0.15998134328358216,mean_largest_scc_fraction,16,50,0.18061567164179107,0.96,cell,0.96,0.0001999600079984003
shared held-out evaluation seed,0.2196120957711443,0.14294263059701495,0.0123,requested_base_did,uniform,nan,none_cellwise,0.15998134328358216,mean_largest_scc_fraction,16,50,0.18061567164179107,0.96,cell,0.96,0.0001999600079984003
shared held-out evaluation seed,-0.0012300234418246656,-0.0023100953831103267,0.0204,aperture_main_effect,clustered,nan,none_cellwise,-0.001869019032331916,mean_abs_radius_update,16,50,-0.001751754280981184,0.18,cell,0.82,0.0001999600079984003
shared held-out evaluation seed,0.002485284486724877,0.001339389180669404,0.0204,base_main_effect,clustered,nan,none_cellwise,0.001991422822087849,mean_abs_radius_update,16,50,0.0019137590336941737,0.82,cell,0.82,0.0001999600079984003
shared held-out evaluation seed,-0.013809078891559834,-0.015948657105714435,0.0204,aperture_base_interaction,clustered,nan,none_cellwise,-0.014611517408115315,mean_abs_radius_update,16,50,-0.014854354574655422,0.0,cell,1.0,0.0001999600079984003
shared held-out evaluation seed,-0.013809313536397711,-0.015956053175702645,0.0204,requested_measurement_did,clustered,nan,none_cellwise,-0.014611517408115315,mean_abs_radius_update,16,50,-0.014854354574655422,0.0,cell,1.0,0.0001999600079984003
shared held-out evaluation seed,-0.013786798897052387,-0.015898869382791406,0.0204,requested_base_did,clustered,nan,none_cellwise,-0.014611517408115315,mean_abs_radius_update,16,50,-0.014854354574655422,0.0,cell,1.0,0.0001999600079984003
shared held-out evaluation seed,-0.0024186718750000002,-0.004406484374999999,0.0204,aperture_main_effect,clustered,nan,none_cellwise,-0.0028125,contact_break_rate,16,50,-0.003390625,0.12,cell,0.88,0.0001999600079984003
shared held-out evaluation seed,0.003890625,0.002037421875,0.0204,base_main_effect,clustered,nan,none_cellwise,0.0026562499999999998,contact_break_rate,16,50,0.002940625,0.82,cell,0.84,0.0001999600079984003
shared held-out evaluation seed,-0.006218281250000002,-0.009037656250000001,0.0204,aperture_base_interaction,clustered,nan,none_cellwise,-0.00671875,contact_break_rate,16,50,-0.00760625,0.02,cell,0.98,0.0001999600079984003
shared held-out evaluation seed,-0.006149843750000002,-0.0091125,0.0204,requested_measurement_did,clustered,nan,none_cellwise,-0.00671875,contact_break_rate,16,50,-0.00760625,0.02,cell,0.98,0.0001999600079984003
shared held-out evaluation seed,-0.0061937500000000005,-0.009019218749999999,0.0204,requested_base_did,clustered,nan,none_cellwise,-0.00671875,contact_break_rate,16,50,-0.00760625,0.02,cell,0.98,0.0001999600079984003
shared held-out evaluation seed,0.032096237562189045,-0.031445351368159215,0.0204,aperture_main_effect,clustered,nan,none_cellwise,0.0,mean_largest_scc_fraction,16,50,0.0014490049751243689,0.48,cell,0.62,0.9318136372725455
shared held-out evaluation seed,0.03037476679104477,-0.034437577736318406,0.0204,base_main_effect,clustered,nan,none_cellwise,0.0,mean_largest_scc_fraction,16,50,-0.0023320895522388,0.38,cell,0.62,0.8904219156168767
shared held-out evaluation seed,0.06862593283582084,-0.06265329601990051,0.0204,aperture_base_interaction,clustered,nan,none_cellwise,5.551115123125783e-17,mean_largest_scc_fraction,16,50,0.0026243781094527252,0.5,cell,0.64,0.936612677464507
shared held-out evaluation seed,0.0677874689054726,-0.05948973880597016,0.0204,requested_measurement_did,clustered,nan,none_cellwise,5.551115123125783e-17,mean_largest_scc_fraction,16,50,0.0026243781094527265,0.5,cell,0.64,0.9402119576084783
shared held-out evaluation seed,0.06529057835820892,-0.06185634328358209,0.0204,requested_base_did,clustered,nan,none_cellwise,5.551115123125783e-17,mean_largest_scc_fraction,16,50,0.0026243781094527287,0.5,cell,0.64,0.943011397720456
shared held-out evaluation seed,0.0011358765644521576,-0.0002258034114714939,0.0204,aperture_main_effect,elongated,nan,none_cellwise,0.0008140279560464921,mean_abs_radius_update,16,50,0.0004710994355255245,0.6,cell,0.6,0.1793641271745651
shared held-out evaluation seed,0.0018553834032138865,0.0004190924627185846,0.0204,base_main_effect,elongated,nan,none_cellwise,0.0014070016044475265,mean_abs_radius_update,16,50,0.0011492065565454903,0.72,cell,0.72,0.003599280143971206
shared held-out evaluation seed,-0.014872950253395738,-0.017216372974572448,0.0204,aperture_base_interaction,elongated,nan,none_cellwise,-0.016255198532243435,mean_abs_radius_update,16,50,-0.01608869064926253,0.0,cell,1.0,0.0001999600079984003
shared held-out evaluation seed,-0.014937315291659311,-0.0172706061631603,0.0204,requested_measurement_did,elongated,nan,none_cellwise,-0.016255198532243435,mean_abs_radius_update,16,50,-0.01608869064926253,0.0,cell,1.0,0.0001999600079984003
shared held-out evaluation seed,-0.014872430443452805,-0.017205139605643394,0.0204,requested_base_did,elongated,nan,none_cellwise,-0.016255198532243435,mean_abs_radius_update,16,50,-0.01608869064926253,0.0,cell,1.0,0.0001999600079984003
shared held-out evaluation seed,-0.0002999218750000004,-0.001812734375,0.0204,aperture_main_effect,elongated,nan,none_cellwise,0.0,contact_break_rate,16,50,-0.0010531249999999998,0.46,cell,0.54,0.008998200359928014
shared held-out evaluation seed,0.0010531249999999998,-0.00047812500000000003,0.0204,base_main_effect,elongated,nan,none_cellwise,-0.00046875,contact_break_rate,16,50,0.000271875,0.38,cell,0.62,0.4959008198360328
shared held-out evaluation seed,-0.0031309375000000018,-0.00580640625,0.0204,aperture_base_interaction,elongated,nan,none_cellwise,-0.00296875,contact_break_rate,16,50,-0.00440625,0.12,cell,0.88,0.0001999600079984003
shared held-out evaluation seed,-0.003143281250000002,-0.00578140625,0.0204,requested_measurement_did,elongated,nan,none_cellwise,-0.00296875,contact_break_rate,16,50,-0.00440625,0.14,cell,0.86,0.0001999600079984003
shared held-out evaluation seed,-0.003137187500000002,-0.00568765625,0.0204,requested_base_did,elongated,nan,none_cellwise,-0.0029687500000000005,contact_break_rate,16,50,-0.00440625,0.12,cell,0.88,0.0001999600079984003
shared held-out evaluation seed,0.02743229166666667,-0.011864350124378099,0.0204,aperture_main_effect,elongated,nan,none_cellwise,0.0,mean_largest_scc_fraction,16,50,0.008317786069651745,0.34,cell,0.72,0.4279144171165767
shared held-out evaluation seed,0.053309001865671626,-0.010639692164179109,0.0204,base_main_effect,elongated,nan,none_cellwise,0.0,mean_largest_scc_fraction,16,50,0.019785447761194022,0.32,cell,0.68,0.23895220955808838
shared held-out evaluation seed,0.08982276119402982,0.010980876865671627,0.0204,aperture_base_interaction,elongated,nan,none_cellwise,0.001554726368159176,mean_largest_scc_fraction,16,50,0.048986318407960194,0.52,cell,0.88,0.019596080783843232
shared held-out evaluation seed,0.08903700248756219,0.008650186567164176,0.0204,requested_measurement_did,elongated,nan,none_cellwise,0.001554726368159176,mean_largest_scc_fraction,16,50,0.048986318407960194,0.52,cell,0.88,0.01879624075184963
shared held-out evaluation seed,0.08872512437810945,0.009733208955223862,0.0204,requested_base_did,elongated,nan,none_cellwise,0.001554726368159176,mean_largest_scc_fraction,16,50,0.048986318407960194,0.52,cell,0.88,0.01739652069586083
shared held-out evaluation seed,0.015004046879019817,0.012780511639292133,0.0204,aperture_main_effect,uniform,nan,none_cellwise,0.01390053622993275,mean_abs_radius_update,16,50,0.013914850232519095,1.0,cell,1.0,0.0001999600079984003
shared held-out evaluation seed,-0.011499933085068793,-0.014001255662483949,0.0204,base_main_effect,uniform,nan,none_cellwise,-0.012588217170073029,mean_abs_radius_update,16,50,-0.012730582543963986,0.0,cell,1.0,0.0001999600079984003
shared held-out evaluation seed,-0.026196877884158226,-0.030263503433277245,0.0204,aperture_base_interaction,uniform,nan,none_cellwise,-0.028484697069113586,mean_abs_radius_update,16,50,-0.028199729251463045,0.0,cell,1.0,0.0001999600079984003
shared held-out evaluation seed,-0.026022916691418402,-0.03028666470145636,0.0204,requested_measurement_did,uniform,nan,none_cellwise,-0.028484697069113586,mean_abs_radius_update,16,50,-0.028199729251463045,0.0,cell,1.0,0.0001999600079984003
shared held-out evaluation seed,-0.026008095599175822,-0.03037350016073647,0.0204,requested_base_did,uniform,nan,none_cellwise,-0.02848469706911359,mean_abs_radius_update,16,50,-0.028199729251463045,0.0,cell,1.0,0.0001999600079984003
shared held-out evaluation seed,0.0021125,0.001696796875,0.0204,aperture_main_effect,uniform,nan,none_cellwise,0.001875,contact_break_rate,16,50,0.0019,0.98,cell,1.0,0.0001999600079984003
shared held-out evaluation seed,-0.001946875,-0.00246875,0.0204,base_main_effect,uniform,nan,none_cellwise,-0.002109375,contact_break_rate,16,50,-0.0022,0.0,cell,1.0,0.0001999600079984003
shared held-out evaluation seed,-0.003275,-0.004025,0.0204,aperture_base_interaction,uniform,nan,none_cellwise,-0.0034375000000000005,contact_break_rate,16,50,-0.00365,0.0,cell,1.0,0.0001999600079984003
shared held-out evaluation seed,-0.00325625,-0.00403140625,0.0204,requested_measurement_did,uniform,nan,none_cellwise,-0.0034375000000000005,contact_break_rate,16,50,-0.00365,0.0,cell,1.0,0.0001999600079984003
shared held-out evaluation seed,-0.0032810937500000006,-0.00403125,0.0204,requested_base_did,uniform,nan,none_cellwise,-0.0034375000000000005,contact_break_rate,16,50,-0.00365,0.0,cell,1.0,0.0001999600079984003
shared held-out evaluation seed,-0.061171564054726374,-0.10945631218905472,0.0204,aperture_main_effect,uniform,nan,none_cellwise,-0.054026741293532354,mean_largest_scc_fraction,16,50,-0.08421019900497512,0.02,cell,0.98,0.0001999600079984003
shared held-out evaluation seed,0.13770942164179104,0.07931001243781094,0.0204,base_main_effect,uniform,nan,none_cellwise,0.06856343283582086,mean_largest_scc_fraction,16,50,0.10657960199004975,0.82,cell,1.0,0.0001999600079984003
shared held-out evaluation seed,0.21220491293532334,0.1168341106965174,0.0204,aperture_base_interaction,uniform,nan,none_cellwise,0.10152363184079605,mean_largest_scc_fraction,16,50,0.1654228855721393,0.8,cell,0.98,0.0001999600079984003
shared held-out evaluation seed,0.2117490671641791,0.11926803482587066,0.0204,requested_measurement_did,uniform,nan,none_cellwise,0.10152363184079605,mean_largest_scc_fraction,16,50,0.1654228855721393,0.8,cell,0.98,0.0001999600079984003
shared held-out evaluation seed,0.21587126865671644,0.11947761194029852,0.0204,requested_base_did,uniform,nan,none_cellwise,0.10152363184079605,mean_largest_scc_fraction,16,50,0.1654228855721393,0.8,cell,0.98,0.0001999600079984003
shared held-out evaluation seed,-0.0026976333116591877,-0.003303469430531436,0.0331,aperture_main_effect,clustered,nan,none_cellwise,-0.0031949400276742057,mean_abs_radius_update,16,50,-0.003015734851589365,0.0,cell,1.0,0.0001999600079984003
shared held-out evaluation seed,0.004511801481469505,0.0035171956384613214,0.0331,base_main_effect,clustered,nan,none_cellwise,0.0038256591437785506,mean_abs_radius_update,16,50,0.0040153657399485095,0.98,cell,0.98,0.0001999600079984003
shared held-out evaluation seed,-0.011889806606985779,-0.013457287174126949,0.0331,aperture_base_interaction,clustered,nan,none_cellwise,-0.012405124449598737,mean_abs_radius_update,16,50,-0.01265789457536011,0.0,cell,1.0,0.0001999600079984003
shared held-out evaluation seed,-0.011878107262179553,-0.013439858111323848,0.0331,requested_measurement_did,clustered,nan,none_cellwise,-0.012405124449598738,mean_abs_radius_update,16,50,-0.01265789457536011,0.0,cell,1.0,0.0001999600079984003
shared held-out evaluation seed,-0.011857278226190033,-0.013469935487710572,0.0331,requested_base_did,clustered,nan,none_cellwise,-0.01240512444959874,mean_abs_radius_update,16,50,-0.012657894575360106,0.0,cell,1.0,0.0001999600079984003
shared held-out evaluation seed,-0.007924921875000001,-0.009412499999999999,0.0331,aperture_main_effect,clustered,nan,none_cellwise,-0.00828125,contact_break_rate,16,50,-0.008678125,0.0,cell,1.0,0.0001999600079984003
shared held-out evaluation seed,0.009312890624999999,0.00782796875,0.0331,base_main_effect,clustered,nan,none_cellwise,0.0084375,contact_break_rate,16,50,0.008571875,1.0,cell,1.0,0.0001999600079984003
shared held-out evaluation seed,-0.01481875,-0.01736890625,0.0331,aperture_base_interaction,clustered,nan,none_cellwise,-0.016406249999999997,contact_break_rate,16,50,-0.01613125,0.0,cell,1.0,0.0001999600079984003
shared held-out evaluation seed,-0.01485609375,-0.017381406250000002,0.0331,requested_measurement_did,clustered,nan,none_cellwise,-0.01640625,contact_break_rate,16,50,-0.01613125,0.0,cell,1.0,0.0001999600079984003
shared held-out evaluation seed,-0.01489359375,-0.017349999999999997,0.0331,requested_base_did,clustered,nan,none_cellwise,-0.016406249999999997,contact_break_rate,16,50,-0.01613125,0.0,cell,1.0,0.0001999600079984003
shared held-out evaluation seed,0.18689388992537315,0.13138362873134332,0.0331,aperture_main_effect,clustered,nan,none_cellwise,0.18431281094527363,mean_largest_scc_fraction,16,50,0.1587810945273632,0.96,cell,0.98,0.0001999600079984003
shared held-out evaluation seed,-0.13726982276119404,-0.19527479788557214,0.0331,base_main_effect,clustered,nan,none_cellwise,-0.18952114427860697,mean_largest_scc_fraction,16,50,-0.16590796019900497,0.04,cell,0.96,0.0001999600079984003
shared held-out evaluation seed,0.3442444029850745,0.21992273009950247,0.0331,aperture_base_interaction,clustered,nan,none_cellwise,0.3577425373134328,mean_largest_scc_fraction,16,50,0.2841666666666667,0.86,cell,0.88,0.0001999600079984003
shared held-out evaluation seed,0.3461819029850746,0.21990469527363185,0.0331,requested_measurement_did,clustered,nan,none_cellwise,0.3577425373134328,mean_largest_scc_fraction,16,50,0.2841666666666667,0.86,cell,0.88,0.0001999600079984003
shared held-out evaluation seed,0.34742537313432836,0.21940982587064675,0.0331,requested_base_did,clustered,nan,none_cellwise,0.3577425373134328,mean_largest_scc_fraction,16,50,0.2841666666666667,0.86,cell,0.88,0.0001999600079984003
shared held-out evaluation seed,-0.00028231913898009935,-0.0013299431580560323,0.0331,aperture_main_effect,elongated,nan,none_cellwise,-0.0007818035901116806,mean_abs_radius_update,16,50,-0.0008033662358168159,0.32,cell,0.68,0.003599280143971206
shared held-out evaluation seed,0.0023499154478458053,0.001306125430371078,0.0331,base_main_effect,elongated,nan,none_cellwise,0.0014287558753794901,mean_abs_radius_update,16,50,0.0018252843010854605,0.88,cell,0.88,0.0001999600079984003
shared held-out evaluation seed,-0.014585022378082851,-0.016868776775886392,0.0331,aperture_base_interaction,elongated,nan,none_cellwise,-0.015955612811332908,mean_abs_radius_update,16,50,-0.01572302932219164,0.0,cell,1.0,0.0001999600079984003
shared held-out evaluation seed,-0.01458825286678006,-0.01684607003486766,0.0331,requested_measurement_did,elongated,nan,none_cellwise,-0.015955612811332908,mean_abs_radius_update,16,50,-0.01572302932219164,0.0,cell,1.0,0.0001999600079984003
shared held-out evaluation seed,-0.014579221423770723,-0.016901243174157032,0.0331,requested_base_did,elongated,nan,none_cellwise,-0.01595561281133291,mean_abs_radius_update,16,50,-0.01572302932219164,0.0,cell,1.0,0.0001999600079984003
shared held-out evaluation seed,-0.002843593750000001,-0.004296953125,0.0331,aperture_main_effect,elongated,nan,none_cellwise,-0.003203125,contact_break_rate,16,50,-0.00358125,0.08,cell,0.92,0.0001999600079984003
shared held-out evaluation seed,0.004025078125,0.002374921875,0.0331,base_main_effect,elongated,nan,none_cellwise,0.0028125,contact_break_rate,16,50,0.0032,0.82,cell,0.82,0.0001999600079984003
shared held-out evaluation seed,-0.006725,-0.00955625,0.0331,aperture_base_interaction,elongated,nan,none_cellwise,-0.007812499999999999,contact_break_rate,16,50,-0.008150000000000001,0.02,cell,0.98,0.0001999600079984003
shared held-out evaluation seed,-0.0067374999999999996,-0.009656406250000001,0.0331,requested_measurement_did,elongated,nan,none_cellwise,-0.0078125,contact_break_rate,16,50,-0.008150000000000001,0.02,cell,0.98,0.0001999600079984003
shared held-out evaluation seed,-0.006693437500000003,-0.00964375,0.0331,requested_base_did,elongated,nan,none_cellwise,-0.0078125,contact_break_rate,16,50,-0.008150000000000001,0.02,cell,0.98,0.0001999600079984003
shared held-out evaluation seed,0.09463121890547262,0.050655006218905466,0.0331,aperture_main_effect,elongated,nan,none_cellwise,0.04532027363184078,mean_largest_scc_fraction,16,50,0.0719931592039801,0.76,cell,0.94,0.0001999600079984003
shared held-out evaluation seed,-0.04518750000000002,-0.11620537935323381,0.0331,base_main_effect,elongated,nan,none_cellwise,-0.04532027363184078,mean_largest_scc_fraction,16,50,-0.08054415422885572,0.08,cell,0.92,0.0001999600079984003
shared held-out evaluation seed,0.22178187189054724,0.10297248134328359,0.0331,aperture_base_interaction,elongated,nan,none_cellwise,0.06047885572139311,mean_largest_scc_fraction,16,50,0.16151119402985073,0.74,cell,0.92,0.0001999600079984003
shared held-out evaluation seed,0.2214673507462686,0.10209437189054728,0.0331,requested_measurement_did,elongated,nan,none_cellwise,0.06047885572139311,mean_largest_scc_fraction,16,50,0.16151119402985073,0.74,cell,0.92,0.0001999600079984003
shared held-out evaluation seed,0.22291744402985075,0.10464210199004975,0.0331,requested_base_did,elongated,nan,none_cellwise,0.06047885572139311,mean_largest_scc_fraction,16,50,0.16151119402985073,0.74,cell,0.92,0.0001999600079984003
shared held-out evaluation seed,0.013378919797807304,0.011501859093246037,0.0331,aperture_main_effect,uniform,nan,none_cellwise,0.012550613409345093,mean_abs_radius_update,16,50,0.012426511952975798,1.0,cell,1.0,0.0001999600079984003
shared held-out evaluation seed,-0.009594127905376471,-0.011763353134877762,0.0331,base_main_effect,uniform,nan,none_cellwise,-0.01071302895482358,mean_abs_radius_update,16,50,-0.010715018579804024,0.0,cell,1.0,0.0001999600079984003
shared held-out evaluation seed,-0.025904491187241214,-0.029429194980124924,0.0331,aperture_base_interaction,uniform,nan,none_cellwise,-0.0279623775966902,mean_abs_radius_update,16,50,-0.02758453580744098,0.0,cell,1.0,0.0001999600079984003
shared held-out evaluation seed,-0.025829463599723955,-0.029326034227098,0.0331,requested_measurement_did,uniform,nan,none_cellwise,-0.0279623775966902,mean_abs_radius_update,16,50,-0.02758453580744098,0.0,cell,1.0,0.0001999600079984003
shared held-out evaluation seed,-0.025787575007272988,-0.029357827390371523,0.0331,requested_base_did,uniform,nan,none_cellwise,-0.027962377596690197,mean_abs_radius_update,16,50,-0.02758453580744098,0.0,cell,1.0,0.0001999600079984003
shared held-out evaluation seed,0.00400625,0.003321875,0.0331,aperture_main_effect,uniform,nan,none_cellwise,0.0037500000000000003,contact_break_rate,16,50,0.003671875,1.0,cell,1.0,0.0001999600079984003
shared held-out evaluation seed,-0.00340625,-0.00401875,0.0331,base_main_effect,uniform,nan,none_cellwise,-0.0035937499999999997,contact_break_rate,16,50,-0.0037093750000000004,0.0,cell,1.0,0.0001999600079984003
shared held-out evaluation seed,-0.00514375,-0.006350156249999999,0.0331,aperture_base_interaction,uniform,nan,none_cellwise,-0.00578125,contact_break_rate,16,50,-0.00573125,0.02,cell,0.98,0.0001999600079984003
shared held-out evaluation seed,-0.00514375,-0.006331406249999999,0.0331,requested_measurement_did,uniform,nan,none_cellwise,-0.005781249999999999,contact_break_rate,16,50,-0.00573125,0.02,cell,0.98,0.0001999600079984003
shared held-out evaluation seed,-0.005118593750000001,-0.0063124999999999995,0.0331,requested_base_did,uniform,nan,none_cellwise,-0.00578125,contact_break_rate,16,50,-0.00573125,0.02,cell,0.98,0.0001999600079984003
shared held-out evaluation seed,-0.009497279228855727,-0.03837010261194029,0.0331,aperture_main_effect,uniform,nan,none_cellwise,0.0,mean_largest_scc_fraction,16,50,-0.02336442786069651,0.02,cell,0.98,0.0007998400319936012
shared held-out evaluation seed,0.059795164800994983,0.01836753731343283,0.0331,base_main_effect,uniform,nan,none_cellwise,0.0,mean_largest_scc_fraction,16,50,0.03735074626865671,0.44,cell,1.0,0.0001999600079984003
shared held-out evaluation seed,0.07707835820895517,0.019307369402985074,0.0331,aperture_base_interaction,uniform,nan,none_cellwise,0.0,mean_largest_scc_fraction,16,50,0.045721393034825863,0.4,cell,0.96,0.0005998800239952009
shared held-out evaluation seed,0.07748507462686564,0.019240982587064675,0.0331,requested_measurement_did,uniform,nan,none_cellwise,0.0,mean_largest_scc_fraction,16,50,0.045721393034825863,0.4,cell,0.96,0.0009998000399920016
shared held-out evaluation seed,0.07630939054726359,0.01925357587064676,0.0331,requested_base_did,uniform,nan,none_cellwise,0.0,mean_largest_scc_fraction,16,50,0.045721393034825863,0.4,cell,0.96,0.0005998800239952009
shared held-out evaluation seed,0.0017459177821810771,0.000659076270370746,0.0123,aperture_main_effect,clustered,nan,none_cellwise,0.0012980326312300094,mean_abs_radius_update,32,50,0.001212827196013391,0.7,cell,0.7,0.0001999600079984003
shared held-out evaluation seed,2.896896288745611e-05,-0.001032017852972418,0.0123,base_main_effect,clustered,nan,none_cellwise,-0.0009241654129634826,mean_abs_radius_update,32,50,-0.0005166859523699858,0.34,cell,0.66,0.0617876424715057
shared held-out evaluation seed,-0.016865737233455694,-0.018211476297227688,0.0123,aperture_base_interaction,clustered,nan,none_cellwise,-0.017464690811591535,mean_abs_radius_update,32,50,-0.017534077648346424,0.0,cell,1.0,0.0001999600079984003
shared held-out evaluation seed,-0.016835390956208774,-0.01824437572091027,0.0123,requested_measurement_did,clustered,nan,none_cellwise,-0.017464690811591535,mean_abs_radius_update,32,50,-0.017534077648346424,0.0,cell,1.0,0.0001999600079984003
shared held-out evaluation seed,-0.01683095669550858,-0.018178152475843163,0.0123,requested_base_did,clustered,nan,none_cellwise,-0.017464690811591535,mean_abs_radius_update,32,50,-0.017534077648346424,0.0,cell,1.0,0.0001999600079984003
shared held-out evaluation seed,-0.002198242187500001,-0.0041971484375,0.0123,aperture_main_effect,clustered,nan,none_cellwise,-0.0027734375,contact_break_rate,32,50,-0.0031562499999999998,0.22,cell,0.78,0.0001999600079984003
shared held-out evaluation seed,0.004117421874999999,0.0021702734375,0.0123,base_main_effect,clustered,nan,none_cellwise,0.003046875,contact_break_rate,32,50,0.003140625,0.78,cell,0.78,0.0001999600079984003
shared held-out evaluation seed,-0.0076906249999999995,-0.010709609375,0.0123,aperture_base_interaction,clustered,nan,none_cellwise,-0.00890625,contact_break_rate,32,50,-0.0091625,0.04,cell,0.96,0.0001999600079984003
shared held-out evaluation seed,-0.007630859375000003,-0.01060953125,0.0123,requested_measurement_did,clustered,nan,none_cellwise,-0.00890625,contact_break_rate,32,50,-0.0091625,0.04,cell,0.96,0.0001999600079984003
shared held-out evaluation seed,-0.007696640625000001,-0.0106375,0.0123,requested_base_did,clustered,nan,none_cellwise,-0.00890625,contact_break_rate,32,50,-0.0091625,0.04,cell,0.96,0.0001999600079984003
shared held-out evaluation seed,0.020681086753731346,-0.04563055814676616,0.0123,aperture_main_effect,clustered,nan,none_cellwise,0.0016713308457711462,mean_largest_scc_fraction,32,50,-0.010175684079601987,0.5,cell,0.56,0.5580883823235353
shared held-out evaluation seed,0.011917055348258664,-0.04307116759950249,0.0123,base_main_effect,clustered,nan,none_cellwise,-0.012943097014925353,mean_largest_scc_fraction,32,50,-0.015679415422885576,0.38,cell,0.62,0.2939412117576485
shared held-out evaluation seed,0.17180107276119405,0.06994799440298509,0.0123,aperture_base_interaction,clustered,nan,none_cellwise,0.11365049751243778,mean_largest_scc_fraction,32,50,0.12164490049751243,0.76,cell,0.82,0.0001999600079984003
shared held-out evaluation seed,0.17432672574626867,0.0685420553482587,0.0123,requested_measurement_did,clustered,nan,none_cellwise,0.11365049751243778,mean_largest_scc_fraction,32,50,0.12164490049751243,0.76,cell,0.82,0.0003999200159968006
shared held-out evaluation seed,0.17400956156716413,0.06900722947761194,0.0123,requested_base_did,clustered,nan,none_cellwise,0.11365049751243778,mean_largest_scc_fraction,32,50,0.12164490049751243,0.76,cell,0.82,0.0001999600079984003
shared held-out evaluation seed,0.002327126251258451,0.0011191984796364927,0.0123,aperture_main_effect,elongated,nan,none_cellwise,0.0016052737180139416,mean_abs_radius_update,32,50,0.001726278883232703,0.78,cell,0.78,0.0001999600079984003
shared held-out evaluation seed,6.307479366816793e-05,-0.00096406648521415,0.0123,base_main_effect,elongated,nan,none_cellwise,-0.0008308139870286211,mean_abs_radius_update,32,50,-0.0004424450002813148,0.38,cell,0.62,0.10997800439912017
shared held-out evaluation seed,-0.014724113712715797,-0.01654501053686654,0.0123,aperture_base_interaction,elongated,nan,none_cellwise,-0.01526895497393328,mean_abs_radius_update,32,50,-0.01560801256524734,0.0,cell,1.0,0.0001999600079984003
shared held-out evaluation seed,-0.014735964316253075,-0.016516952075392288,0.0123,requested_measurement_did,elongated,nan,none_cellwise,-0.015268954973933279,mean_abs_radius_update,32,50,-0.01560801256524734,0.0,cell,1.0,0.0001999600079984003
shared held-out evaluation seed,-0.014716388801907874,-0.016442934416570656,0.0123,requested_base_did,elongated,nan,none_cellwise,-0.015268954973933279,mean_abs_radius_update,32,50,-0.01560801256524734,0.0,cell,1.0,0.0001999600079984003
shared held-out evaluation seed,3.441406249999978e-05,-0.0012360937500000002,0.0123,aperture_main_effect,elongated,nan,none_cellwise,-0.0008203125,contact_break_rate,32,50,-0.0005875,0.38,cell,0.62,0.07158568286342731
shared held-out evaluation seed,0.0004453125,-0.0007548437500000001,0.0123,base_main_effect,elongated,nan,none_cellwise,-0.0002734374999999998,contact_break_rate,32,50,-0.00015937500000000004,0.46,cell,0.54,0.610877824435113
shared held-out evaluation seed,-0.0029967968750000008,-0.0047969531250000004,0.0123,aperture_base_interaction,elongated,nan,none_cellwise,-0.003515625,contact_break_rate,32,50,-0.0038437500000000004,0.08,cell,0.92,0.0001999600079984003
shared held-out evaluation seed,-0.00295625,-0.004756328125000001,0.0123,requested_measurement_did,elongated,nan,none_cellwise,-0.0035156249999999997,contact_break_rate,32,50,-0.0038437500000000004,0.08,cell,0.92,0.0001999600079984003
shared held-out evaluation seed,-0.0029903906250000013,-0.00475640625,0.0123,requested_base_did,elongated,nan,none_cellwise,-0.0035156249999999997,contact_break_rate,32,50,-0.0038437500000000004,0.08,cell,0.92,0.0001999600079984003
shared held-out evaluation seed,0.006947644589552192,-0.0588730565920398,0.0123,aperture_main_effect,elongated,nan,none_cellwise,-0.0368081467661692,mean_largest_scc_fraction,32,50,-0.02805192786069652,0.42,cell,0.58,0.11157768446310738
shared held-out evaluation seed,0.07461454446517413,0.010872356965174133,0.0123,base_main_effect,elongated,nan,none_cellwise,0.0541433457711443,mean_largest_scc_fraction,32,50,0.04210043532338308,0.6,cell,0.62,0.013797240551889621
shared held-out evaluation seed,0.13829322139303482,0.040928171641791036,0.0123,aperture_base_interaction,elongated,nan,none_cellwise,0.05527052238805974,mean_largest_scc_fraction,32,50,0.09028917910447759,0.7,cell,0.72,0.0009998000399920016
shared held-out evaluation seed,0.14147971082089544,0.0407950093283582,0.0123,requested_measurement_did,elongated,nan,none_cellwise,0.05527052238805974,mean_largest_scc_fraction,32,50,0.09028917910447759,0.7,cell,0.72,0.0007998400319936012
shared held-out evaluation seed,0.1398499689054726,0.045251243781094526,0.0123,requested_base_did,elongated,nan,none_cellwise,0.05527052238805974,mean_largest_scc_fraction,32,50,0.09028917910447759,0.7,cell,0.72,0.0007998400319936012
shared held-out evaluation seed,0.014366939850189048,0.013001014839291364,0.0123,aperture_main_effect,uniform,nan,none_cellwise,0.013378710562817763,mean_abs_radius_update,32,50,0.013697515928221547,1.0,cell,1.0,0.0001999600079984003
shared held-out evaluation seed,-0.012576378618235658,-0.01400860842574623,0.0123,base_main_effect,uniform,nan,none_cellwise,-0.013104191996895753,mean_abs_radius_update,32,50,-0.013315249855012656,0.0,cell,1.0,0.0001999600079984003
shared held-out evaluation seed,-0.026137045695268066,-0.02870314373226093,0.0123,aperture_base_interaction,uniform,nan,none_cellwise,-0.026782225756026207,mean_abs_radius_update,32,50,-0.027446873723393325,0.0,cell,1.0,0.0001999600079984003
shared held-out evaluation seed,-0.02618521299472356,-0.028773924922433254,0.0123,requested_measurement_did,uniform,nan,none_cellwise,-0.026782225756026207,mean_abs_radius_update,32,50,-0.027446873723393325,0.0,cell,1.0,0.0001999600079984003
shared held-out evaluation seed,-0.02616425363875401,-0.02882277770057526,0.0123,requested_base_did,uniform,nan,none_cellwise,-0.026782225756026207,mean_abs_radius_update,32,50,-0.027446873723393325,0.0,cell,1.0,0.0001999600079984003
shared held-out evaluation seed,0.0012140625,0.0009812500000000001,0.0123,aperture_main_effect,uniform,nan,none_cellwise,0.0011328125000000001,contact_break_rate,32,50,0.0010953125,0.98,cell,1.0,0.0001999600079984003
shared held-out evaluation seed,-0.0011796484375000001,-0.001528125,0.0123,base_main_effect,uniform,nan,none_cellwise,-0.0012890624999999998,contact_break_rate,32,50,-0.0013515625000000001,0.02,cell,0.98,0.0001999600079984003
shared held-out evaluation seed,-0.00191875,-0.002368828125,0.0123,aperture_base_interaction,uniform,nan,none_cellwise,-0.002109375,contact_break_rate,32,50,-0.002146875,0.0,cell,1.0,0.0001999600079984003
shared held-out evaluation seed,-0.0019125000000000001,-0.002381328125,0.0123,requested_measurement_did,uniform,nan,none_cellwise,-0.002109375,contact_break_rate,32,50,-0.002146875,0.0,cell,1.0,0.0001999600079984003
shared held-out evaluation seed,-0.0019187499999999999,-0.002381328125,0.0123,requested_base_did,uniform,nan,none_cellwise,-0.002109375,contact_break_rate,32,50,-0.002146875,0.0,cell,1.0,0.0001999600079984003
shared held-out evaluation seed,-0.09093901585820896,-0.1288282027363184,0.0123,aperture_main_effect,uniform,nan,none_cellwise,-0.09285603233830847,mean_largest_scc_fraction,32,50,-0.10942786069651741,0.0,cell,1.0,0.0001999600079984003
shared held-out evaluation seed,0.15986034670398008,0.10755717506218906,0.0123,base_main_effect,uniform,nan,none_cellwise,0.11598258706467657,mean_largest_scc_fraction,32,50,0.13352922885572138,0.96,cell,0.96,0.0001999600079984003
shared held-out evaluation seed,0.24891604477611942,0.171417677238806,0.0123,aperture_base_interaction,uniform,nan,none_cellwise,0.18151430348258707,mean_largest_scc_fraction,32,50,0.20958955223880596,0.98,cell,0.98,0.0001999600079984003
shared held-out evaluation seed,0.24938580534825866,0.17319022077114427,0.0123,requested_measurement_did,uniform,nan,none_cellwise,0.18151430348258707,mean_largest_scc_fraction,32,50,0.20958955223880596,0.98,cell,0.98,0.0001999600079984003
shared held-out evaluation seed,0.2512197605721393,0.17173655161691545,0.0123,requested_base_did,uniform,nan,none_cellwise,0.18151430348258707,mean_largest_scc_fraction,32,50,0.20958955223880596,0.98,cell,0.98,0.0001999600079984003
shared held-out evaluation seed,-0.0008564464090921669,-0.0017211248089173954,0.0204,aperture_main_effect,clustered,nan,none_cellwise,-0.0014439479483255514,mean_abs_radius_update,32,50,-0.0012899717166137226,0.16,cell,0.84,0.0001999600079984003
shared held-out evaluation seed,0.0022167667255822976,0.0013922116804334997,0.0204,base_main_effect,clustered,nan,none_cellwise,0.001797618892116702,mean_abs_radius_update,32,50,0.0018112171633929935,0.84,cell,0.84,0.0001999600079984003
shared held-out evaluation seed,-0.014424821737275292,-0.016050113450511307,0.0204,aperture_base_interaction,clustered,nan,none_cellwise,-0.015134801597975898,mean_abs_radius_update,32,50,-0.015233793939824334,0.0,cell,1.0,0.0001999600079984003
shared held-out evaluation seed,-0.014467571134560124,-0.016045903821674277,0.0204,requested_measurement_did,clustered,nan,none_cellwise,-0.0151348015979759,mean_abs_radius_update,32,50,-0.015233793939824334,0.0,cell,1.0,0.0001999600079984003
shared held-out evaluation seed,-0.01448959880965783,-0.016048040461388257,0.0204,requested_base_did,clustered,nan,none_cellwise,-0.0151348015979759,mean_abs_radius_update,32,50,-0.015233793939824334,0.0,cell,1.0,0.0001999600079984003
shared held-out evaluation seed,-0.008187421875000002,-0.010026601562500001,0.0204,aperture_main_effect,clustered,nan,none_cellwise,-0.008984375,contact_break_rate,32,50,-0.0090625,0.0,cell,1.0,0.0001999600079984003
shared held-out evaluation seed,0.010362578124999997,0.008518710937499998,0.0204,base_main_effect,clustered,nan,none_cellwise,0.009296875,contact_break_rate,32,50,0.009453125,1.0,cell,1.0,0.0001999600079984003
shared held-out evaluation seed,-0.014899921875000001,-0.017428203125000003,0.0204,aperture_base_interaction,clustered,nan,none_cellwise,-0.01625,contact_break_rate,32,50,-0.0161875,0.0,cell,1.0,0.0001999600079984003
shared held-out evaluation seed,-0.014931171875000001,-0.017406484375000003,0.0204,requested_measurement_did,clustered,nan,none_cellwise,-0.01625,contact_break_rate,32,50,-0.0161875,0.0,cell,1.0,0.0001999600079984003
shared held-out evaluation seed,-0.014990468750000001,-0.017472187499999996,0.0204,requested_base_did,clustered,nan,none_cellwise,-0.01625,contact_break_rate,32,50,-0.0161875,0.0,cell,1.0,0.0001999600079984003
shared held-out evaluation seed,0.1615657260572139,0.09075268190298508,0.0204,aperture_main_effect,clustered,nan,none_cellwise,0.142568407960199,mean_largest_scc_fraction,32,50,0.12793532338308458,0.88,cell,0.88,0.0001999600079984003
shared held-out evaluation seed,-0.1101666666666667,-0.17250687966417913,0.0204,base_main_effect,clustered,nan,none_cellwise,-0.14929259950248755,mean_largest_scc_fraction,32,50,-0.14189987562189055,0.12,cell,0.88,0.0001999600079984003
shared held-out evaluation seed,0.3275170242537314,0.2044284825870647,0.0204,aperture_base_interaction,clustered,nan,none_cellwise,0.2803171641791045,mean_largest_scc_fraction,32,50,0.26861940298507464,0.88,cell,0.88,0.0001999600079984003
shared held-out evaluation seed,0.3295761815920397,0.20677899564676616,0.0204,requested_measurement_did,clustered,nan,none_cellwise,0.2803171641791045,mean_largest_scc_fraction,32,50,0.26861940298507464,0.88,cell,0.88,0.0001999600079984003
shared held-out evaluation seed,0.328329835199005,0.20542824937810947,0.0204,requested_base_did,clustered,nan,none_cellwise,0.2803171641791045,mean_largest_scc_fraction,32,50,0.26861940298507464,0.88,cell,0.88,0.0001999600079984003
shared held-out evaluation seed,-0.001070409206712056,-0.0019277030750948373,0.0204,aperture_main_effect,elongated,nan,none_cellwise,-0.0012657552428356248,mean_abs_radius_update,32,50,-0.0014942787354523784,0.18,cell,0.82,0.0001999600079984003
shared held-out evaluation seed,0.0026501012271733806,0.0018059821913657685,0.0204,base_main_effect,elongated,nan,none_cellwise,0.0025090992668150712,mean_abs_radius_update,32,50,0.0022299751722611384,0.92,cell,0.92,0.0001999600079984003
shared held-out evaluation seed,-0.013885115721456332,-0.015480048760702017,0.0204,aperture_base_interaction,elongated,nan,none_cellwise,-0.014249357565645614,mean_abs_radius_update,32,50,-0.014672420879732608,0.0,cell,1.0,0.0001999600079984003
shared held-out evaluation seed,-0.013918444937785476,-0.015431384077659037,0.0204,requested_measurement_did,elongated,nan,none_cellwise,-0.014249357565645614,mean_abs_radius_update,32,50,-0.014672420879732606,0.0,cell,1.0,0.0001999600079984003
shared held-out evaluation seed,-0.013893720774178256,-0.015434882553033718,0.0204,requested_base_did,elongated,nan,none_cellwise,-0.014249357565645614,mean_abs_radius_update,32,50,-0.014672420879732606,0.0,cell,1.0,0.0001999600079984003
shared held-out evaluation seed,-0.005301445312500001,-0.006745390625000001,0.0204,aperture_main_effect,elongated,nan,none_cellwise,-0.0060546875,contact_break_rate,32,50,-0.0060265625,0.0,cell,1.0,0.0001999600079984003
shared held-out evaluation seed,0.006231328125,0.0047388281249999996,0.0204,base_main_effect,elongated,nan,none_cellwise,0.005742187500000001,contact_break_rate,32,50,0.0054859374999999995,0.96,cell,0.96,0.0001999600079984003
shared held-out evaluation seed,-0.010174921875000001,-0.012562578125,0.0204,aperture_base_interaction,elongated,nan,none_cellwise,-0.0121875,contact_break_rate,32,50,-0.011396874999999999,0.02,cell,0.98,0.0001999600079984003
shared held-out evaluation seed,-0.010106171875,-0.0126875,0.0204,requested_measurement_did,elongated,nan,none_cellwise,-0.0121875,contact_break_rate,32,50,-0.011396874999999999,0.02,cell,0.98,0.0001999600079984003
shared held-out evaluation seed,-0.010215546875,-0.012596953125000001,0.0204,requested_base_did,elongated,nan,none_cellwise,-0.0121875,contact_break_rate,32,50,-0.011396874999999999,0.02,cell,0.98,0.0001999600079984003
shared held-out evaluation seed,0.14786108519900495,0.08146132618159205,0.0204,aperture_main_effect,elongated,nan,none_cellwise,0.12974191542288555,mean_largest_scc_fraction,32,50,0.11539179104477613,0.88,cell,0.88,0.0001999600079984003
shared held-out evaluation seed,-0.08940683302238807,-0.14789404539800996,0.0204,base_main_effect,elongated,nan,none_cellwise,-0.12282338308457709,mean_largest_scc_fraction,32,50,-0.11879664179104477,0.12,cell,0.88,0.0001999600079984003
shared held-out evaluation seed,0.3091936411691542,0.20710113495024876,0.0204,aperture_base_interaction,elongated,nan,none_cellwise,0.26368159203980107,mean_largest_scc_fraction,32,50,0.25765547263681593,0.94,cell,0.94,0.0001999600079984003
shared held-out evaluation seed,0.30803420398009945,0.2077999067164179,0.0204,requested_measurement_did,elongated,nan,none_cellwise,0.26368159203980107,mean_largest_scc_fraction,32,50,0.25765547263681593,0.94,cell,0.94,0.0001999600079984003
shared held-out evaluation seed,0.30655635883084564,0.2072451803482587,0.0204,requested_base_did,elongated,nan,none_cellwise,0.26368159203980107,mean_largest_scc_fraction,32,50,0.25765547263681593,0.94,cell,0.94,0.0001999600079984003
shared held-out evaluation seed,0.015949465354777276,0.014476585445718317,0.0204,aperture_main_effect,uniform,nan,none_cellwise,0.015467799574709435,mean_abs_radius_update,32,50,0.015243461878442386,1.0,cell,1.0,0.0001999600079984003
shared held-out evaluation seed,-0.013598908373989086,-0.015200652701168745,0.0204,base_main_effect,uniform,nan,none_cellwise,-0.014637831500789528,mean_abs_radius_update,32,50,-0.014443360022669032,0.0,cell,1.0,0.0001999600079984003
shared held-out evaluation seed,-0.029280513306263852,-0.032045451396491766,0.0204,aperture_base_interaction,uniform,nan,none_cellwise,-0.030511543501942632,mean_abs_radius_update,32,50,-0.03064459131827911,0.0,cell,1.0,0.0001999600079984003
shared held-out evaluation seed,-0.02930609780940714,-0.032011609208308936,0.0204,requested_measurement_did,uniform,nan,none_cellwise,-0.03051154350194263,mean_abs_radius_update,32,50,-0.03064459131827911,0.0,cell,1.0,0.0001999600079984003
shared held-out evaluation seed,-0.02930051884191298,-0.031950453076723596,0.0204,requested_base_did,uniform,nan,none_cellwise,-0.030511543501942632,mean_abs_radius_update,32,50,-0.03064459131827911,0.0,cell,1.0,0.0001999600079984003
shared held-out evaluation seed,0.0020890625,0.0017828125000000001,0.0204,aperture_main_effect,uniform,nan,none_cellwise,0.001953125,contact_break_rate,32,50,0.0019359375000000002,1.0,cell,1.0,0.0001999600079984003
shared held-out evaluation seed,-0.0022875,-0.0026860156250000005,0.0204,base_main_effect,uniform,nan,none_cellwise,-0.0023828125,contact_break_rate,32,50,-0.0024828125,0.0,cell,1.0,0.0001999600079984003
shared held-out evaluation seed,-0.0032187500000000003,-0.003809453125,0.0204,aperture_base_interaction,uniform,nan,none_cellwise,-0.0035937499999999997,contact_break_rate,32,50,-0.003515625,0.0,cell,1.0,0.0001999600079984003
shared held-out evaluation seed,-0.003228125,-0.0038250000000000003,0.0204,requested_measurement_did,uniform,nan,none_cellwise,-0.0035937499999999997,contact_break_rate,32,50,-0.003515625,0.0,cell,1.0,0.0001999600079984003
shared held-out evaluation seed,-0.0032436718750000005,-0.0037907031250000002,0.0204,requested_base_did,uniform,nan,none_cellwise,-0.0035937499999999997,contact_break_rate,32,50,-0.003515625,0.0,cell,1.0,0.0001999600079984003
shared held-out evaluation seed,-0.07051263215174128,-0.11270693407960197,0.0204,aperture_main_effect,uniform,nan,none_cellwise,-0.06790267412935325,mean_largest_scc_fraction,32,50,-0.09094371890547263,0.04,cell,0.96,0.0001999600079984003
shared held-out evaluation seed,0.13749137126865668,0.08810883084577115,0.0204,base_main_effect,uniform,nan,none_cellwise,0.0748600746268657,mean_largest_scc_fraction,32,50,0.11285914179104477,0.96,cell,0.98,0.0001999600079984003
shared held-out evaluation seed,0.22771571828358206,0.13921735074626865,0.0204,aperture_base_interaction,uniform,nan,none_cellwise,0.1358053482587065,mean_largest_scc_fraction,32,50,0.18176927860696515,0.92,cell,0.94,0.0001999600079984003
shared held-out evaluation seed,0.22806770833333334,0.1394737251243781,0.0204,requested_measurement_did,uniform,nan,none_cellwise,0.1358053482587065,mean_largest_scc_fraction,32,50,0.18176927860696515,0.92,cell,0.94,0.0001999600079984003
shared held-out evaluation seed,0.22781498756218901,0.14010696517412932,0.0204,requested_base_did,uniform,nan,none_cellwise,0.1358053482587065,mean_largest_scc_fraction,32,50,0.18176927860696515,0.92,cell,0.94,0.0001999600079984003
shared held-out evaluation seed,-0.002063499815132077,-0.002723650101940538,0.0331,aperture_main_effect,clustered,nan,none_cellwise,-0.0021050125632784836,mean_abs_radius_update,32,50,-0.0023849294791519855,0.0,cell,1.0,0.0001999600079984003
shared held-out evaluation seed,0.003566548736394458,0.00289346665369492,0.0331,base_main_effect,clustered,nan,none_cellwise,0.0029507818854117114,mean_abs_radius_update,32,50,0.0032167271924651046,1.0,cell,1.0,0.0001999600079984003
shared held-out evaluation seed,-0.012072796422408074,-0.013499377138081406,0.0331,aperture_base_interaction,clustered,nan,none_cellwise,-0.012736851176703456,mean_abs_radius_update,32,50,-0.012735263867558848,0.0,cell,1.0,0.0001999600079984003
shared held-out evaluation seed,-0.012057851584600383,-0.013438216448084966,0.0331,requested_measurement_did,clustered,nan,none_cellwise,-0.012736851176703456,mean_abs_radius_update,32,50,-0.012735263867558848,0.0,cell,1.0,0.0001999600079984003
shared held-out evaluation seed,-0.012069031848467165,-0.01346393290934726,0.0331,requested_base_did,clustered,nan,none_cellwise,-0.012736851176703456,mean_abs_radius_update,32,50,-0.012735263867558848,0.0,cell,1.0,0.0001999600079984003
shared held-out evaluation seed,-0.011051445312500002,-0.0122296875,0.0331,aperture_main_effect,clustered,nan,none_cellwise,-0.0112890625,contact_break_rate,32,50,-0.011625000000000002,0.0,cell,1.0,0.0001999600079984003
shared held-out evaluation seed,0.014490625,0.013096835937499999,0.0331,base_main_effect,clustered,nan,none_cellwise,0.013554687499999999,contact_break_rate,32,50,0.013790625,1.0,cell,1.0,0.0001999600079984003
shared held-out evaluation seed,-0.017634375,-0.0196,0.0331,aperture_base_interaction,clustered,nan,none_cellwise,-0.018359375,contact_break_rate,32,50,-0.018600000000000002,0.0,cell,1.0,0.0001999600079984003
shared held-out evaluation seed,-0.017596796875,-0.019597109374999998,0.0331,requested_measurement_did,clustered,nan,none_cellwise,-0.018359375,contact_break_rate,32,50,-0.018600000000000002,0.0,cell,1.0,0.0001999600079984003
shared held-out evaluation seed,-0.017621875,-0.019581328124999995,0.0331,requested_base_did,clustered,nan,none_cellwise,-0.018359375,contact_break_rate,32,50,-0.018600000000000002,0.0,cell,1.0,0.0001999600079984003
shared held-out evaluation seed,0.22167576181592039,0.16434336131840793,0.0331,aperture_main_effect,clustered,nan,none_cellwise,0.1677161069651741,mean_largest_scc_fraction,32,50,0.1927285447761194,0.98,cell,1.0,0.0001999600079984003
shared held-out evaluation seed,-0.16277549751243783,-0.2172971082089552,0.0331,base_main_effect,clustered,nan,none_cellwise,-0.17937655472636815,mean_largest_scc_fraction,32,50,-0.19072605721393035,0.0,cell,1.0,0.0001999600079984003
shared held-out evaluation seed,0.37700287624378104,0.27585183457711443,0.0331,aperture_base_interaction,clustered,nan,none_cellwise,0.27534203980099503,mean_largest_scc_fraction,32,50,0.3241511194029851,0.98,cell,1.0,0.0001999600079984003
shared held-out evaluation seed,0.3759130130597015,0.2712590951492537,0.0331,requested_measurement_did,clustered,nan,none_cellwise,0.27534203980099503,mean_largest_scc_fraction,32,50,0.3241511194029851,0.98,cell,1.0,0.0001999600079984003
shared held-out evaluation seed,0.3784764458955223,0.2734235074626866,0.0331,requested_base_did,clustered,nan,none_cellwise,0.27534203980099503,mean_largest_scc_fraction,32,50,0.3241511194029851,0.98,cell,1.0,0.0001999600079984003
shared held-out evaluation seed,-0.0026744848978362025,-0.00335049646996125,0.0331,aperture_main_effect,elongated,nan,none_cellwise,-0.0029070542098663926,mean_abs_radius_update,32,50,-0.0029998886221288667,0.0,cell,1.0,0.0001999600079984003
shared held-out evaluation seed,0.004328008091266341,0.0036759500252928623,0.0331,base_main_effect,elongated,nan,none_cellwise,0.004030690793182376,mean_abs_radius_update,32,50,0.004000587057632847,1.0,cell,1.0,0.0001999600079984003
shared held-out evaluation seed,-0.012307039568908563,-0.013730431967145282,0.0331,aperture_base_interaction,elongated,nan,none_cellwise,-0.012940047720181213,mean_abs_radius_update,32,50,-0.012993230230410926,0.0,cell,1.0,0.0001999600079984003
shared held-out evaluation seed,-0.012261367533418091,-0.013765661333932876,0.0331,requested_measurement_did,elongated,nan,none_cellwise,-0.012940047720181211,mean_abs_radius_update,32,50,-0.012993230230410926,0.0,cell,1.0,0.0001999600079984003
shared held-out evaluation seed,-0.012287718356534999,-0.013688432234586115,0.0331,requested_base_did,elongated,nan,none_cellwise,-0.012940047720181211,mean_abs_radius_update,32,50,-0.012993230230410926,0.0,cell,1.0,0.0001999600079984003
shared held-out evaluation seed,-0.0094359375,-0.010753164062499999,0.0331,aperture_main_effect,elongated,nan,none_cellwise,-0.01046875,contact_break_rate,32,50,-0.0100984375,0.0,cell,1.0,0.0001999600079984003
shared held-out evaluation seed,0.0113312890625,0.0101171484375,0.0331,base_main_effect,elongated,nan,none_cellwise,0.0112109375,contact_break_rate,32,50,0.010723437499999999,1.0,cell,1.0,0.0001999600079984003
shared held-out evaluation seed,-0.016018671874999998,-0.01803140625,0.0331,aperture_base_interaction,elongated,nan,none_cellwise,-0.017343749999999998,contact_break_rate,32,50,-0.017065625,0.0,cell,1.0,0.0001999600079984003
shared held-out evaluation seed,-0.016018359375,-0.018037578125,0.0331,requested_measurement_did,elongated,nan,none_cellwise,-0.017343749999999998,contact_break_rate,32,50,-0.017065625,0.0,cell,1.0,0.0001999600079984003
shared held-out evaluation seed,-0.01604359375,-0.018078125,0.0331,requested_base_did,elongated,nan,none_cellwise,-0.017343749999999998,contact_break_rate,32,50,-0.017065625,0.0,cell,1.0,0.0001999600079984003
shared held-out evaluation seed,0.2597483286691542,0.21228447605721393,0.0331,aperture_main_effect,elongated,nan,none_cellwise,0.26717972636815923,mean_largest_scc_fraction,32,50,0.23726990049751243,1.0,cell,1.0,0.0001999600079984003
shared held-out evaluation seed,-0.21987192941542288,-0.2678472481343284,0.0331,base_main_effect,elongated,nan,none_cellwise,-0.26904539800995025,mean_largest_scc_fraction,32,50,-0.24462064676616915,0.0,cell,1.0,0.0001999600079984003
shared held-out evaluation seed,0.48133620957711437,0.3606972947761194,0.0331,aperture_base_interaction,elongated,nan,none_cellwise,0.48367537313432835,mean_largest_scc_fraction,32,50,0.4223009950248756,0.96,cell,0.96,0.0001999600079984003
shared held-out evaluation seed,0.4805603233830845,0.36041464552238806,0.0331,requested_measurement_did,elongated,nan,none_cellwise,0.48367537313432835,mean_largest_scc_fraction,32,50,0.4223009950248756,0.96,cell,0.96,0.0001999600079984003
shared held-out evaluation seed,0.48042754975124374,0.361849657960199,0.0331,requested_base_did,elongated,nan,none_cellwise,0.48367537313432835,mean_largest_scc_fraction,32,50,0.4223009950248756,0.96,cell,0.96,0.0001999600079984003
shared held-out evaluation seed,0.013710232612882864,0.011837198402744884,0.0331,aperture_main_effect,uniform,nan,none_cellwise,0.012639740583689925,mean_abs_radius_update,32,50,0.012768929213418479,1.0,cell,1.0,0.0001999600079984003
shared held-out evaluation seed,-0.010017442804307952,-0.01190770344694139,0.0331,base_main_effect,uniform,nan,none_cellwise,-0.010885342754105489,mean_abs_radius_update,32,50,-0.010950564764077426,0.0,cell,1.0,0.0001999600079984003
shared held-out evaluation seed,-0.02532873852457916,-0.02836836334791976,0.0331,aperture_base_interaction,uniform,nan,none_cellwise,-0.026845111951441285,mean_abs_radius_update,32,50,-0.02675802722970891,0.0,cell,1.0,0.0001999600079984003
shared held-out evaluation seed,-0.025338878337836362,-0.02826290523493458,0.0331,requested_measurement_did,uniform,nan,none_cellwise,-0.026845111951441285,mean_abs_radius_update,32,50,-0.02675802722970891,0.0,cell,1.0,0.0001999600079984003
shared held-out evaluation seed,-0.025276048278797435,-0.028401738134441485,0.0331,requested_base_did,uniform,nan,none_cellwise,-0.026845111951441285,mean_abs_radius_update,32,50,-0.02675802722970891,0.0,cell,1.0,0.0001999600079984003
shared held-out evaluation seed,0.0041359765625,0.0035328125,0.0331,aperture_main_effect,uniform,nan,none_cellwise,0.0036718750000000002,contact_break_rate,32,50,0.0038359375,1.0,cell,1.0,0.0001999600079984003
shared held-out evaluation seed,-0.0036875000000000002,-0.004125,0.0331,base_main_effect,uniform,nan,none_cellwise,-0.0039453125,contact_break_rate,32,50,-0.0038984375,0.0,cell,1.0,0.0001999600079984003
shared held-out evaluation seed,-0.00455,-0.005653125,0.0331,aperture_base_interaction,uniform,nan,none_cellwise,-0.005234375000000001,contact_break_rate,32,50,-0.0051218750000000006,0.02,cell,0.98,0.0001999600079984003
shared held-out evaluation seed,-0.00456875,-0.005699999999999999,0.0331,requested_measurement_did,uniform,nan,none_cellwise,-0.005234375,contact_break_rate,32,50,-0.0051218750000000006,0.02,cell,0.98,0.0001999600079984003
shared held-out evaluation seed,-0.00453125,-0.0056875,0.0331,requested_base_did,uniform,nan,none_cellwise,-0.005234375000000001,contact_break_rate,32,50,-0.0051218750000000006,0.02,cell,0.98,0.0001999600079984003
shared held-out evaluation seed,-0.026093711131840797,-0.053560012437810944,0.0331,aperture_main_effect,uniform,nan,none_cellwise,-0.016285758706467673,mean_largest_scc_fraction,32,50,-0.03887126865671642,0.02,cell,0.98,0.0001999600079984003
shared held-out evaluation seed,0.050859763681592014,0.02384775342039801,0.0331,base_main_effect,uniform,nan,none_cellwise,0.014886504975124365,mean_largest_scc_fraction,32,50,0.03671019900497512,0.78,cell,0.98,0.0001999600079984003
shared held-out evaluation seed,0.10049852300995024,0.04886753731343283,0.0331,aperture_base_interaction,uniform,nan,none_cellwise,0.03257151741293535,mean_largest_scc_fraction,32,50,0.07401741293532338,0.78,cell,0.98,0.0001999600079984003
shared held-out evaluation seed,0.10296066542288555,0.04822699004975124,0.0331,requested_measurement_did,uniform,nan,none_cellwise,0.03257151741293535,mean_largest_scc_fraction,32,50,0.07401741293532338,0.78,cell,0.98,0.0001999600079984003
shared held-out evaluation seed,0.10293586753731342,0.04935043532338308,0.0331,requested_base_did,uniform,nan,none_cellwise,0.03257151741293535,mean_largest_scc_fraction,32,50,0.07401741293532338,0.78,cell,0.98,0.0001999600079984003
within-cell shared held-out seed; equal-weighted density-geometry cells,0.004615311669258379,0.0040916288236646,all,aperture_main_effect,all,0.0011997600479904018,secondary_main_effect_n16,0.002254144554757174,mean_abs_radius_update,16,450,0.004353940418888642,0.6333333333333333,n_agents_stratified_aggregate,0.6333333333333333,0.0001999600079984003
within-cell shared held-out seed; equal-weighted density-geometry cells,-0.0029081286451132097,-0.0034911723832107733,all,base_main_effect,all,0.0011997600479904018,secondary_main_effect_n16,-0.0005011520199726537,mean_abs_radius_update,16,450,-0.0031992419030522166,0.46444444444444444,n_agents_stratified_aggregate,0.5355555555555556,0.0001999600079984003
within-cell shared held-out seed; equal-weighted density-geometry cells,-0.019083875506972957,-0.020037445974155677,all,aperture_base_interaction,all,0.0005998800239952009,primary_interaction_n16,-0.01778025874540321,mean_abs_radius_update,16,450,-0.019581094772295443,0.0,n_agents_stratified_aggregate,1.0,0.0001999600079984003
within-cell shared held-out seed; equal-weighted density-geometry cells,-0.0007631250000000003,-0.0011513975694444445,all,aperture_main_effect,all,0.0011997600479904018,secondary_main_effect_n16,0.000625,contact_break_rate,16,450,-0.0009520833333333333,0.5666666666666667,n_agents_stratified_aggregate,0.5866666666666667,0.0001999600079984003
within-cell shared held-out seed; equal-weighted density-geometry cells,0.0007830555555555553,0.0003794531250000001,all,base_main_effect,all,0.010397920415916816,secondary_main_effect_n16,-0.0009375,contact_break_rate,16,450,0.0005805555555555555,0.38,n_agents_stratified_aggregate,0.62,0.005198960207958408
within-cell shared held-out seed; equal-weighted density-geometry cells,-0.005560399305555556,-0.006227100694444445,all,aperture_base_interaction,all,0.0005998800239952009,primary_interaction_n16,-0.0040625,contact_break_rate,16,450,-0.005901388888888889,0.04,n_agents_stratified_aggregate,0.96,0.0001999600079984003
within-cell shared held-out seed; equal-weighted density-geometry cells,0.0012306522940851237,-0.014462911138750693,all,aperture_main_effect,all,0.20835832833433313,secondary_main_effect_n16,0.0,mean_largest_scc_fraction,16,450,-0.006770660585959091,0.32,n_agents_stratified_aggregate,0.68,0.20835832833433313
within-cell shared held-out seed; equal-weighted density-geometry cells,0.030078116362631278,0.010393121199557768,all,base_main_effect,all,0.009598080383923215,secondary_main_effect_n16,0.0,mean_largest_scc_fraction,16,450,0.020356896075179657,0.48,n_agents_stratified_aggregate,0.6955555555555556,0.003199360127974405
within-cell shared held-out seed; equal-weighted density-geometry cells,0.10867934632393586,0.07583357517965725,all,aperture_base_interaction,all,0.0005998800239952009,primary_interaction_n16,0.030006218905472615,mean_largest_scc_fraction,16,450,0.09262368711995578,0.6155555555555555,n_agents_stratified_aggregate,0.84,0.0001999600079984003
within-cell shared held-out seed; equal-weighted density-geometry cells,0.004251824945235768,0.0038606206793930726,all,aperture_main_effect,all,0.0011997600479904018,secondary_main_effect_n32,0.0007258081795397729,mean_abs_radius_update,32,450,0.004053327171775728,0.5355555555555556,n_agents_stratified_aggregate,0.5355555555555556,0.0001999600079984003
within-cell shared held-out seed; equal-weighted density-geometry cells,-0.0029710864813299377,-0.003344714927348997,all,base_main_effect,all,0.0011997600479904018,secondary_main_effect_n32,-1.4745180974400649e-05,mean_abs_radius_update,32,450,-0.00315664433429537,0.49777777777777776,n_agents_stratified_aggregate,0.5022222222222222,0.0001999600079984003
within-cell shared held-out seed; equal-weighted density-geometry cells,-0.018949175159723105,-0.019627303659942093,all,aperture_base_interaction,all,0.0005998800239952009,primary_interaction_n32,-0.016913083297466415,mean_abs_radius_update,32,450,-0.019291810155833537,0.0,n_agents_stratified_aggregate,1.0,0.0001999600079984003
within-cell shared held-out seed; equal-weighted density-geometry cells,-0.0035274001736111107,-0.003954045138888888,all,aperture_main_effect,all,0.0011997600479904018,secondary_main_effect_n32,-0.0027734375,contact_break_rate,32,450,-0.0037432291666666664,0.3977777777777778,n_agents_stratified_aggregate,0.6022222222222222,0.0001999600079984003
within-cell shared held-out seed; equal-weighted density-geometry cells,0.0040654730902777774,0.0036334939236111106,all,base_main_effect,all,0.0011997600479904018,secondary_main_effect_n32,0.0025781249999999997,contact_break_rate,32,450,0.0038557291666666666,0.58,n_agents_stratified_aggregate,0.5822222222222222,0.0001999600079984003
within-cell shared held-out seed; equal-weighted density-geometry cells,-0.009355815972222225,-0.009988541666666666,all,aperture_base_interaction,all,0.0005998800239952009,primary_interaction_n32,-0.008046875000000002,contact_break_rate,32,450,-0.009671180555555556,0.017777777777777778,n_agents_stratified_aggregate,0.9822222222222222,0.0001999600079984003
within-cell shared held-out seed; equal-weighted density-geometry cells,0.05315166355721392,0.03454165802929795,all,aperture_main_effect,all,0.0011997600479904018,secondary_main_effect_n32,0.013448383084577131,mean_largest_scc_fraction,32,450,0.043983899944720836,0.5244444444444445,n_agents_stratified_aggregate,0.56,0.0001999600079984003
within-cell shared held-out seed; equal-weighted density-geometry cells,-0.03369833126036483,-0.051710773389994476,all,base_main_effect,all,0.0011997600479904018,secondary_main_effect_n32,-0.012943097014925353,mean_largest_scc_fraction,32,450,-0.042947070204532894,0.43555555555555553,n_agents_stratified_aggregate,0.5644444444444444,0.0001999600079984003
within-cell shared held-out seed; equal-weighted density-geometry cells,0.23394683699557767,0.20002845149253728,all,aperture_base_interaction,all,0.0005998800239952009,primary_interaction_n32,0.18275808457711443,mean_largest_scc_fraction,32,450,0.2166708126036484,0.8777777777777778,n_agents_stratified_aggregate,0.9133333333333333,0.0001999600079984003
