experiment,method,density,metric,mean,ci95_low,ci95_high,bootstrap_scheme,n_top_level,n_episodes,n_bootstrap
canonical_analytical_density,alf,0.00444444444444,final_fragmentation,0.24625,0.19,0.29753125,episode,50,50,2000
canonical_analytical_density,alf,0.00444444444444,mean_fragmentation,0.448233830846,0.413989116915,0.481340485075,episode,50,50,2000
canonical_analytical_density,alf,0.00444444444444,polar_order,0.615043592365,0.567334457018,0.662188840896,episode,50,50,2000
canonical_analytical_density,alf,0.00444444444444,mean_degree,1.74825870647,1.69238603856,1.80437857587,episode,50,50,2000
canonical_analytical_density,alf,0.00444444444444,mean_probe_degree,0.215746268657,0.174897699005,0.258981032338,episode,50,50,2000
canonical_analytical_density,alf,0.00444444444444,mean_radius,7.97702061512,7.96019213727,7.99123499508,episode,50,50,2000
canonical_analytical_density,alf,0.00444444444444,mean_radius_sq,63.6601665761,63.3939020688,63.88,episode,50,50,2000
canonical_analytical_density,alf,0.00444444444444,control_energy,0.16234285638,0.135489973034,0.192084949237,episode,50,50,2000
canonical_analytical_density,alf,0.00444444444444,final_largest_scc_fraction,0.75375,0.6975,0.80625,episode,50,50,2000
canonical_analytical_density,alf,0.00756143667297,final_fragmentation,0.065,0.03,0.10375,episode,50,50,2000
canonical_analytical_density,alf,0.00756143667297,mean_fragmentation,0.237574626866,0.198485385572,0.276946672886,episode,50,50,2000
canonical_analytical_density,alf,0.00756143667297,polar_order,0.780799792102,0.730325998744,0.82510236365,episode,50,50,2000
canonical_analytical_density,alf,0.00756143667297,mean_degree,2.28996268657,2.19938945896,2.38167972637,episode,50,50,2000
canonical_analytical_density,alf,0.00756143667297,mean_probe_degree,0.35736318408,0.308583022388,0.408129353234,episode,50,50,2000
canonical_analytical_density,alf,0.00756143667297,mean_radius,7.9551352776,7.93265118327,7.976299494,episode,50,50,2000
canonical_analytical_density,alf,0.00756143667297,mean_radius_sq,63.3371134991,62.9760473804,63.6381724319,episode,50,50,2000
canonical_analytical_density,alf,0.00756143667297,control_energy,0.0595384470085,0.0466443178768,0.0738702604038,episode,50,50,2000
canonical_analytical_density,alf,0.00756143667297,final_largest_scc_fraction,0.935,0.89371875,0.96875,episode,50,50,2000
canonical_analytical_density,alf,0.0123456790123,final_fragmentation,0.0025,0,0.0075,episode,50,50,2000
canonical_analytical_density,alf,0.0123456790123,mean_fragmentation,0.0836194029851,0.0584354788557,0.112488495025,episode,50,50,2000
canonical_analytical_density,alf,0.0123456790123,polar_order,0.904328980663,0.875751658022,0.929394315962,episode,50,50,2000
canonical_analytical_density,alf,0.0123456790123,mean_degree,2.8719278607,2.7596857898,2.97906980721,episode,50,50,2000
canonical_analytical_density,alf,0.0123456790123,mean_probe_degree,0.586393034826,0.521564987562,0.651094838308,episode,50,50,2000
canonical_analytical_density,alf,0.0123456790123,mean_radius,7.85337056128,7.81378900072,7.88823861198,episode,50,50,2000
canonical_analytical_density,alf,0.0123456790123,mean_radius_sq,61.8451352829,61.3046891022,62.3759287252,episode,50,50,2000
canonical_analytical_density,alf,0.0123456790123,control_energy,0.0176228112634,0.0151373687828,0.0204359256339,episode,50,50,2000
canonical_analytical_density,alf,0.0123456790123,final_largest_scc_fraction,0.9775,0.95125,0.9975,episode,50,50,2000
canonical_analytical_density,alf,0.0204081632653,final_fragmentation,0,0,0,episode,50,50,2000
canonical_analytical_density,alf,0.0204081632653,mean_fragmentation,0.00174129353234,0.000715018656716,0.00307213930348,episode,50,50,2000
canonical_analytical_density,alf,0.0204081632653,polar_order,0.969311020087,0.955334726389,0.978920996026,episode,50,50,2000
canonical_analytical_density,alf,0.0204081632653,mean_degree,3.95383706468,3.82779073383,4.07966526741,episode,50,50,2000
canonical_analytical_density,alf,0.0204081632653,mean_probe_degree,0.92552238806,0.842360074627,1.01356902985,episode,50,50,2000
canonical_analytical_density,alf,0.0204081632653,mean_radius,7.65221927314,7.58089847523,7.71381867866,episode,50,50,2000
canonical_analytical_density,alf,0.0204081632653,mean_radius_sq,59.0182851073,58.0838453995,59.9257723396,episode,50,50,2000
canonical_analytical_density,alf,0.0204081632653,control_energy,0.00982046115063,0.00936037785027,0.010319904086,episode,50,50,2000
canonical_analytical_density,alf,0.0204081632653,final_largest_scc_fraction,0.995,0.98625,1,episode,50,50,2000
canonical_analytical_density,alf,0.0330578512397,final_fragmentation,0,0,0,episode,50,50,2000
canonical_analytical_density,alf,0.0330578512397,mean_fragmentation,0,0,0,episode,50,50,2000
canonical_analytical_density,alf,0.0330578512397,polar_order,0.986339926314,0.983369776077,0.988812730557,episode,50,50,2000
canonical_analytical_density,alf,0.0330578512397,mean_degree,5.44221393035,5.31804493159,5.56980425995,episode,50,50,2000
canonical_analytical_density,alf,0.0330578512397,mean_probe_degree,1.59317164179,1.47871548507,1.70250901741,episode,50,50,2000
canonical_analytical_density,alf,0.0330578512397,mean_radius,7.16966960711,7.06773436039,7.26806729952,episode,50,50,2000
canonical_analytical_density,alf,0.0330578512397,mean_radius_sq,52.3991509053,51.0811793598,53.6407651256,episode,50,50,2000
canonical_analytical_density,alf,0.0330578512397,control_energy,0.00873560994686,0.00842042042233,0.00906353827185,episode,50,50,2000
canonical_analytical_density,alf,0.0330578512397,final_largest_scc_fraction,0.99625,0.98875,1,episode,50,50,2000
canonical_analytical_density,alf,0.0493827160494,final_fragmentation,0,0,0,episode,50,50,2000
canonical_analytical_density,alf,0.0493827160494,mean_fragmentation,0,0,0,episode,50,50,2000
canonical_analytical_density,alf,0.0493827160494,polar_order,0.989286560539,0.987397279486,0.990805670039,episode,50,50,2000
canonical_analytical_density,alf,0.0493827160494,mean_degree,6.82913557214,6.6776050995,6.9866778607,episode,50,50,2000
canonical_analytical_density,alf,0.0493827160494,mean_probe_degree,2.41043532338,2.28621299751,2.54727052239,episode,50,50,2000
canonical_analytical_density,alf,0.0493827160494,mean_radius,6.46328658125,6.35087528098,6.57517844142,episode,50,50,2000
canonical_analytical_density,alf,0.0493827160494,mean_radius_sq,43.2461387643,41.8455879809,44.5720526215,episode,50,50,2000
canonical_analytical_density,alf,0.0493827160494,control_energy,0.00863255825139,0.00827937265993,0.00899261434636,episode,50,50,2000
canonical_analytical_density,alf,0.0493827160494,final_largest_scc_fraction,0.99375,0.98125,1,episode,50,50,2000
canonical_analytical_density,alf,0.0816326530612,final_fragmentation,0,0,0,episode,50,50,2000
canonical_analytical_density,alf,0.0816326530612,mean_fragmentation,0,0,0,episode,50,50,2000
canonical_analytical_density,alf,0.0816326530612,polar_order,0.99033327721,0.989068784298,0.991453063108,episode,50,50,2000
canonical_analytical_density,alf,0.0816326530612,mean_degree,7.26529228856,7.10819900498,7.42677798507,episode,50,50,2000
canonical_analytical_density,alf,0.0816326530612,mean_probe_degree,3.93144278607,3.77543034826,4.10242941542,episode,50,50,2000
canonical_analytical_density,alf,0.0816326530612,mean_radius,5.16674031884,5.07438529881,5.25314659123,episode,50,50,2000
canonical_analytical_density,alf,0.0816326530612,mean_radius_sq,27.6768564313,26.801549873,28.5405898897,episode,50,50,2000
canonical_analytical_density,alf,0.0816326530612,control_energy,0.00859191419678,0.00824594181334,0.00895588213235,episode,50,50,2000
canonical_analytical_density,alf,0.0816326530612,final_largest_scc_fraction,1,1,1,episode,50,50,2000
canonical_analytical_density,fixed_r4,0.00444444444444,final_fragmentation,0.57625,0.54375,0.60875,episode,50,50,2000
canonical_analytical_density,fixed_r4,0.00444444444444,mean_fragmentation,0.719160447761,0.702168843284,0.735827425373,episode,50,50,2000
canonical_analytical_density,fixed_r4,0.00444444444444,polar_order,0.3724437762,0.330235758145,0.416529851329,episode,50,50,2000
canonical_analytical_density,fixed_r4,0.00444444444444,mean_degree,1.03400497512,0.978100746269,1.08984421642,episode,50,50,2000
canonical_analytical_density,fixed_r4,0.00444444444444,mean_probe_degree,1.03400497512,0.979763370647,1.08735789801,episode,50,50,2000
canonical_analytical_density,fixed_r4,0.00444444444444,mean_radius,4,4,4,episode,50,50,2000
canonical_analytical_density,fixed_r4,0.00444444444444,mean_radius_sq,16,16,16,episode,50,50,2000
canonical_analytical_density,fixed_r4,0.00444444444444,control_energy,0.249802658435,0.219982600007,0.276969045743,episode,50,50,2000
canonical_analytical_density,fixed_r4,0.00444444444444,final_largest_scc_fraction,0.42375,0.39125,0.4575,episode,50,50,2000
canonical_analytical_density,fixed_r4,0.00756143667297,final_fragmentation,0.42125,0.37375,0.4675,episode,50,50,2000
canonical_analytical_density,fixed_r4,0.00756143667297,mean_fragmentation,0.598675373134,0.574060323383,0.624128109453,episode,50,50,2000
canonical_analytical_density,fixed_r4,0.00756143667297,polar_order,0.479347800483,0.430219537914,0.532321172687,episode,50,50,2000
canonical_analytical_density,fixed_r4,0.00756143667297,mean_degree,1.43603233831,1.37855752488,1.49010074627,episode,50,50,2000
canonical_analytical_density,fixed_r4,0.00756143667297,mean_probe_degree,1.43603233831,1.37932680348,1.48999751244,episode,50,50,2000
canonical_analytical_density,fixed_r4,0.00756143667297,mean_radius,4,4,4,episode,50,50,2000
canonical_analytical_density,fixed_r4,0.00756143667297,mean_radius_sq,16,16,16,episode,50,50,2000
canonical_analytical_density,fixed_r4,0.00756143667297,control_energy,0.219131075111,0.190600273505,0.248996132973,episode,50,50,2000
canonical_analytical_density,fixed_r4,0.00756143667297,final_largest_scc_fraction,0.57875,0.53,0.62375,episode,50,50,2000
canonical_analytical_density,fixed_r4,0.0123456790123,final_fragmentation,0.265,0.21371875,0.32,episode,50,50,2000
canonical_analytical_density,fixed_r4,0.0123456790123,mean_fragmentation,0.467151741294,0.43483550995,0.498982276119,episode,50,50,2000
canonical_analytical_density,fixed_r4,0.0123456790123,polar_order,0.597805809722,0.53923703314,0.652418598892,episode,50,50,2000
canonical_analytical_density,fixed_r4,0.0123456790123,mean_degree,1.81323383085,1.74461007463,1.88287562189,episode,50,50,2000
canonical_analytical_density,fixed_r4,0.0123456790123,mean_probe_degree,1.81323383085,1.74517661692,1.88124409204,episode,50,50,2000
canonical_analytical_density,fixed_r4,0.0123456790123,mean_radius,4,4,4,episode,50,50,2000
canonical_analytical_density,fixed_r4,0.0123456790123,mean_radius_sq,16,16,16,episode,50,50,2000
canonical_analytical_density,fixed_r4,0.0123456790123,control_energy,0.142823353655,0.122416800734,0.164466907888,episode,50,50,2000
canonical_analytical_density,fixed_r4,0.0123456790123,final_largest_scc_fraction,0.735,0.68,0.7875,episode,50,50,2000
canonical_analytical_density,fixed_r4,0.0204081632653,final_fragmentation,0.11875,0.07621875,0.16375,episode,50,50,2000
canonical_analytical_density,fixed_r4,0.0204081632653,mean_fragmentation,0.293345771144,0.256479477612,0.328700715174,episode,50,50,2000
canonical_analytical_density,fixed_r4,0.0204081632653,polar_order,0.770321449346,0.729726727257,0.807184606075,episode,50,50,2000
canonical_analytical_density,fixed_r4,0.0204081632653,mean_degree,2.31226368159,2.20013681592,2.42780876866,episode,50,50,2000
canonical_analytical_density,fixed_r4,0.0204081632653,mean_probe_degree,2.31226368159,2.19961287313,2.43138588308,episode,50,50,2000
canonical_analytical_density,fixed_r4,0.0204081632653,mean_radius,4,4,4,episode,50,50,2000
canonical_analytical_density,fixed_r4,0.0204081632653,mean_radius_sq,16,16,16,episode,50,50,2000
canonical_analytical_density,fixed_r4,0.0204081632653,control_energy,0.0764485519364,0.0623475264447,0.0935468148126,episode,50,50,2000
canonical_analytical_density,fixed_r4,0.0204081632653,final_largest_scc_fraction,0.88125,0.83625,0.925,episode,50,50,2000
canonical_analytical_density,fixed_r4,0.0330578512397,final_fragmentation,0.03375,0.0075,0.0675,episode,50,50,2000
canonical_analytical_density,fixed_r4,0.0330578512397,mean_fragmentation,0.154129353234,0.124714863184,0.185566697761,episode,50,50,2000
canonical_analytical_density,fixed_r4,0.0330578512397,polar_order,0.860828081671,0.815092257221,0.896374354672,episode,50,50,2000
canonical_analytical_density,fixed_r4,0.0330578512397,mean_degree,2.74689054726,2.63675124378,2.86234390547,episode,50,50,2000
canonical_analytical_density,fixed_r4,0.0330578512397,mean_probe_degree,2.74689054726,2.63376057214,2.86314738806,episode,50,50,2000
canonical_analytical_density,fixed_r4,0.0330578512397,mean_radius,4,4,4,episode,50,50,2000
canonical_analytical_density,fixed_r4,0.0330578512397,mean_radius_sq,16,16,16,episode,50,50,2000
canonical_analytical_density,fixed_r4,0.0330578512397,control_energy,0.0333361990409,0.0272119664868,0.0407939486937,episode,50,50,2000
canonical_analytical_density,fixed_r4,0.0330578512397,final_largest_scc_fraction,0.96625,0.935,0.9925,episode,50,50,2000
canonical_analytical_density,fixed_r4,0.0493827160494,final_fragmentation,0,0,0,episode,50,50,2000
canonical_analytical_density,fixed_r4,0.0493827160494,mean_fragmentation,0.0539987562189,0.0384379664179,0.0712513992537,episode,50,50,2000
canonical_analytical_density,fixed_r4,0.0493827160494,polar_order,0.935255760546,0.913108955613,0.952579382345,episode,50,50,2000
canonical_analytical_density,fixed_r4,0.0493827160494,mean_degree,3.27104477612,3.13816728856,3.41169620647,episode,50,50,2000
canonical_analytical_density,fixed_r4,0.0493827160494,mean_probe_degree,3.27104477612,3.12952300995,3.40927891791,episode,50,50,2000
canonical_analytical_density,fixed_r4,0.0493827160494,mean_radius,4,4,4,episode,50,50,2000
canonical_analytical_density,fixed_r4,0.0493827160494,mean_radius_sq,16,16,16,episode,50,50,2000
canonical_analytical_density,fixed_r4,0.0493827160494,control_energy,0.0159349022399,0.0136556915626,0.0189005429757,episode,50,50,2000
canonical_analytical_density,fixed_r4,0.0493827160494,final_largest_scc_fraction,1,1,1,episode,50,50,2000
canonical_analytical_density,fixed_r4,0.0816326530612,final_fragmentation,0,0,0,episode,50,50,2000
canonical_analytical_density,fixed_r4,0.0816326530612,mean_fragmentation,0.00115049751244,0.000596859452736,0.00181592039801,episode,50,50,2000
canonical_analytical_density,fixed_r4,0.0816326530612,polar_order,0.979414083591,0.974905860451,0.983382252614,episode,50,50,2000
canonical_analytical_density,fixed_r4,0.0816326530612,mean_degree,4.35626865672,4.18987624378,4.51882245025,episode,50,50,2000
canonical_analytical_density,fixed_r4,0.0816326530612,mean_probe_degree,4.35626865672,4.17770273632,4.52400652985,episode,50,50,2000
canonical_analytical_density,fixed_r4,0.0816326530612,mean_radius,4,4,4,episode,50,50,2000
canonical_analytical_density,fixed_r4,0.0816326530612,mean_radius_sq,16,16,16,episode,50,50,2000
canonical_analytical_density,fixed_r4,0.0816326530612,control_energy,0.00971954968349,0.00927414617074,0.010143641719,episode,50,50,2000
canonical_analytical_density,fixed_r4,0.0816326530612,final_largest_scc_fraction,1,1,1,episode,50,50,2000
canonical_analytical_density,fixed_r5,0.00444444444444,final_fragmentation,0.51625,0.47246875,0.55875,episode,50,50,2000
canonical_analytical_density,fixed_r5,0.00444444444444,mean_fragmentation,0.658899253731,0.636322294776,0.680112251244,episode,50,50,2000
canonical_analytical_density,fixed_r5,0.00444444444444,polar_order,0.442049815718,0.394294457915,0.492121378267,episode,50,50,2000
canonical_analytical_density,fixed_r5,0.00444444444444,mean_degree,1.23905472637,1.1864113806,1.29711691542,episode,50,50,2000
canonical_analytical_density,fixed_r5,0.00444444444444,mean_probe_degree,1.23905472637,1.18496144279,1.29225777363,episode,50,50,2000
canonical_analytical_density,fixed_r5,0.00444444444444,mean_radius,5,5,5,episode,50,50,2000
canonical_analytical_density,fixed_r5,0.00444444444444,mean_radius_sq,25,25,25,episode,50,50,2000
canonical_analytical_density,fixed_r5,0.00444444444444,control_energy,0.253751596777,0.22299765239,0.285087148446,episode,50,50,2000
canonical_analytical_density,fixed_r5,0.00444444444444,final_largest_scc_fraction,0.48375,0.4425,0.52875,episode,50,50,2000
canonical_analytical_density,fixed_r5,0.00756143667297,final_fragmentation,0.29875,0.24496875,0.35503125,episode,50,50,2000
canonical_analytical_density,fixed_r5,0.00756143667297,mean_fragmentation,0.501050995025,0.469754197761,0.531087375622,episode,50,50,2000
canonical_analytical_density,fixed_r5,0.00756143667297,polar_order,0.55480788363,0.503224398339,0.60214639226,episode,50,50,2000
canonical_analytical_density,fixed_r5,0.00756143667297,mean_degree,1.65104477612,1.60305597015,1.70143190299,episode,50,50,2000
canonical_analytical_density,fixed_r5,0.00756143667297,mean_probe_degree,1.65104477612,1.59960696517,1.70279850746,episode,50,50,2000
canonical_analytical_density,fixed_r5,0.00756143667297,mean_radius,5,5,5,episode,50,50,2000
canonical_analytical_density,fixed_r5,0.00756143667297,mean_radius_sq,25,25,25,episode,50,50,2000
canonical_analytical_density,fixed_r5,0.00756143667297,control_energy,0.170186647937,0.146089790321,0.194367262151,episode,50,50,2000
canonical_analytical_density,fixed_r5,0.00756143667297,final_largest_scc_fraction,0.70125,0.64625,0.75753125,episode,50,50,2000
canonical_analytical_density,fixed_r5,0.0123456790123,final_fragmentation,0.15625,0.10625,0.21125,episode,50,50,2000
canonical_analytical_density,fixed_r5,0.0123456790123,mean_fragmentation,0.334054726368,0.29950233209,0.370702736318,episode,50,50,2000
canonical_analytical_density,fixed_r5,0.0123456790123,polar_order,0.70747619312,0.65877629095,0.755729498341,episode,50,50,2000
canonical_analytical_density,fixed_r5,0.0123456790123,mean_degree,2.07062189055,1.99639272388,2.14559390547,episode,50,50,2000
canonical_analytical_density,fixed_r5,0.0123456790123,mean_probe_degree,2.07062189055,1.99558924129,2.14483208955,episode,50,50,2000
canonical_analytical_density,fixed_r5,0.0123456790123,mean_radius,5,5,5,episode,50,50,2000
canonical_analytical_density,fixed_r5,0.0123456790123,mean_radius_sq,25,25,25,episode,50,50,2000
canonical_analytical_density,fixed_r5,0.0123456790123,control_energy,0.105064758117,0.0859476806624,0.128358489749,episode,50,50,2000
canonical_analytical_density,fixed_r5,0.0123456790123,final_largest_scc_fraction,0.84375,0.79125,0.89625,episode,50,50,2000
canonical_analytical_density,fixed_r5,0.0204081632653,final_fragmentation,0.07,0.03625,0.11,episode,50,50,2000
canonical_analytical_density,fixed_r5,0.0204081632653,mean_fragmentation,0.197549751244,0.162393190299,0.233240982587,episode,50,50,2000
canonical_analytical_density,fixed_r5,0.0204081632653,polar_order,0.83735337039,0.790366207523,0.87820379222,episode,50,50,2000
canonical_analytical_density,fixed_r5,0.0204081632653,mean_degree,2.53242537313,2.42680721393,2.64206778607,episode,50,50,2000
canonical_analytical_density,fixed_r5,0.0204081632653,mean_probe_degree,2.53242537313,2.42609172886,2.64292661692,episode,50,50,2000
canonical_analytical_density,fixed_r5,0.0204081632653,mean_radius,5,5,5,episode,50,50,2000
canonical_analytical_density,fixed_r5,0.0204081632653,mean_radius_sq,25,25,25,episode,50,50,2000
canonical_analytical_density,fixed_r5,0.0204081632653,control_energy,0.0390820555591,0.0319277560591,0.0466630469614,episode,50,50,2000
canonical_analytical_density,fixed_r5,0.0204081632653,final_largest_scc_fraction,0.93,0.89246875,0.965,episode,50,50,2000
canonical_analytical_density,fixed_r5,0.0330578512397,final_fragmentation,0.01625,0,0.04125,episode,50,50,2000
canonical_analytical_density,fixed_r5,0.0330578512397,mean_fragmentation,0.0567910447761,0.0399252176617,0.0771223569652,episode,50,50,2000
canonical_analytical_density,fixed_r5,0.0330578512397,polar_order,0.938014834376,0.921553817427,0.951905813926,episode,50,50,2000
canonical_analytical_density,fixed_r5,0.0330578512397,mean_degree,3.22733830846,3.09778358209,3.37381405473,episode,50,50,2000
canonical_analytical_density,fixed_r5,0.0330578512397,mean_probe_degree,3.22733830846,3.08800217662,3.37855534826,episode,50,50,2000
canonical_analytical_density,fixed_r5,0.0330578512397,mean_radius,5,5,5,episode,50,50,2000
canonical_analytical_density,fixed_r5,0.0330578512397,mean_radius_sq,25,25,25,episode,50,50,2000
canonical_analytical_density,fixed_r5,0.0330578512397,control_energy,0.0152062180383,0.0134303221897,0.0173107922073,episode,50,50,2000
canonical_analytical_density,fixed_r5,0.0330578512397,final_largest_scc_fraction,0.98375,0.95875,1,episode,50,50,2000
canonical_analytical_density,fixed_r5,0.0493827160494,final_fragmentation,0,0,0,episode,50,50,2000
canonical_analytical_density,fixed_r5,0.0493827160494,mean_fragmentation,0.00254975124378,0.00123740671642,0.00422947761194,episode,50,50,2000
canonical_analytical_density,fixed_r5,0.0493827160494,polar_order,0.975425814192,0.969846296571,0.980399486278,episode,50,50,2000
canonical_analytical_density,fixed_r5,0.0493827160494,mean_degree,4.0917039801,3.94199347015,4.25030099502,episode,50,50,2000
canonical_analytical_density,fixed_r5,0.0493827160494,mean_probe_degree,4.0917039801,3.9380295398,4.24789925373,episode,50,50,2000
canonical_analytical_density,fixed_r5,0.0493827160494,mean_radius,5,5,5,episode,50,50,2000
canonical_analytical_density,fixed_r5,0.0493827160494,mean_radius_sq,25,25,25,episode,50,50,2000
canonical_analytical_density,fixed_r5,0.0493827160494,control_energy,0.00985530210871,0.0093995115082,0.0103243431963,episode,50,50,2000
canonical_analytical_density,fixed_r5,0.0493827160494,final_largest_scc_fraction,1,1,1,episode,50,50,2000
canonical_analytical_density,fixed_r5,0.0816326530612,final_fragmentation,0,0,0,episode,50,50,2000
canonical_analytical_density,fixed_r5,0.0816326530612,mean_fragmentation,0,0,0,episode,50,50,2000
canonical_analytical_density,fixed_r5,0.0816326530612,polar_order,0.988739179011,0.986489821286,0.990460079667,episode,50,50,2000
canonical_analytical_density,fixed_r5,0.0816326530612,mean_degree,6.20962686567,6.03335136816,6.38482524876,episode,50,50,2000
canonical_analytical_density,fixed_r5,0.0816326530612,mean_probe_degree,6.20962686567,6.03023849502,6.39227487562,episode,50,50,2000
canonical_analytical_density,fixed_r5,0.0816326530612,mean_radius,5,5,5,episode,50,50,2000
canonical_analytical_density,fixed_r5,0.0816326530612,mean_radius_sq,25,25,25,episode,50,50,2000
canonical_analytical_density,fixed_r5,0.0816326530612,control_energy,0.00869961915795,0.00837763756955,0.00902669336483,episode,50,50,2000
canonical_analytical_density,fixed_r5,0.0816326530612,final_largest_scc_fraction,1,1,1,episode,50,50,2000
canonical_analytical_density,fixed_r6,0.00444444444444,final_fragmentation,0.37625,0.32625,0.42625,episode,50,50,2000
canonical_analytical_density,fixed_r6,0.00444444444444,mean_fragmentation,0.580416666667,0.554085354478,0.609248600746,episode,50,50,2000
canonical_analytical_density,fixed_r6,0.00444444444444,polar_order,0.494298616974,0.442420041607,0.548732529028,episode,50,50,2000
canonical_analytical_density,fixed_r6,0.00444444444444,mean_degree,1.42573383085,1.37662655473,1.47190516169,episode,50,50,2000
canonical_analytical_density,fixed_r6,0.00444444444444,mean_probe_degree,1.42573383085,1.37869371891,1.47207866915,episode,50,50,2000
canonical_analytical_density,fixed_r6,0.00444444444444,mean_radius,6,6,6,episode,50,50,2000
canonical_analytical_density,fixed_r6,0.00444444444444,mean_radius_sq,36,36,36,episode,50,50,2000
canonical_analytical_density,fixed_r6,0.00444444444444,control_energy,0.202724974964,0.175487095866,0.229023588178,episode,50,50,2000
canonical_analytical_density,fixed_r6,0.00444444444444,final_largest_scc_fraction,0.62375,0.57371875,0.675,episode,50,50,2000
canonical_analytical_density,fixed_r6,0.00756143667297,final_fragmentation,0.25625,0.20125,0.31375,episode,50,50,2000
canonical_analytical_density,fixed_r6,0.00756143667297,mean_fragmentation,0.420721393035,0.387387437811,0.454231809701,episode,50,50,2000
canonical_analytical_density,fixed_r6,0.00756143667297,polar_order,0.635707244052,0.588479560822,0.682098899796,episode,50,50,2000
canonical_analytical_density,fixed_r6,0.00756143667297,mean_degree,1.84211442786,1.77921144279,1.90578731343,episode,50,50,2000
canonical_analytical_density,fixed_r6,0.00756143667297,mean_probe_degree,1.84211442786,1.77663619403,1.9068846393,episode,50,50,2000
canonical_analytical_density,fixed_r6,0.00756143667297,mean_radius,6,6,6,episode,50,50,2000
canonical_analytical_density,fixed_r6,0.00756143667297,mean_radius_sq,36,36,36,episode,50,50,2000
canonical_analytical_density,fixed_r6,0.00756143667297,control_energy,0.139608459369,0.115728691148,0.168173197841,episode,50,50,2000
canonical_analytical_density,fixed_r6,0.00756143667297,final_largest_scc_fraction,0.74375,0.68875,0.79878125,episode,50,50,2000
canonical_analytical_density,fixed_r6,0.0123456790123,final_fragmentation,0.12,0.07125,0.17253125,episode,50,50,2000
canonical_analytical_density,fixed_r6,0.0123456790123,mean_fragmentation,0.256741293532,0.220870335821,0.293095149254,episode,50,50,2000
canonical_analytical_density,fixed_r6,0.0123456790123,polar_order,0.787643785253,0.741636152735,0.829210389841,episode,50,50,2000
canonical_analytical_density,fixed_r6,0.0123456790123,mean_degree,2.30842039801,2.21829664179,2.39889085821,episode,50,50,2000
canonical_analytical_density,fixed_r6,0.0123456790123,mean_probe_degree,2.30842039801,2.21768625622,2.39775,episode,50,50,2000
canonical_analytical_density,fixed_r6,0.0123456790123,mean_radius,6,6,6,episode,50,50,2000
canonical_analytical_density,fixed_r6,0.0123456790123,mean_radius_sq,36,36,36,episode,50,50,2000
canonical_analytical_density,fixed_r6,0.0123456790123,control_energy,0.0577169788246,0.0470620990602,0.0697612166375,episode,50,50,2000
canonical_analytical_density,fixed_r6,0.0123456790123,final_largest_scc_fraction,0.88,0.82621875,0.92625,episode,50,50,2000
canonical_analytical_density,fixed_r6,0.0204081632653,final_fragmentation,0.01125,0,0.02875,episode,50,50,2000
canonical_analytical_density,fixed_r6,0.0204081632653,mean_fragmentation,0.0717972636816,0.0546787935323,0.0916693097015,episode,50,50,2000
canonical_analytical_density,fixed_r6,0.0204081632653,polar_order,0.912445584541,0.888036928647,0.93282063339,episode,50,50,2000
canonical_analytical_density,fixed_r6,0.0204081632653,mean_degree,2.94570895522,2.84416324627,3.05102176617,episode,50,50,2000
canonical_analytical_density,fixed_r6,0.0204081632653,mean_probe_degree,2.94570895522,2.84296330846,3.04738681592,episode,50,50,2000
canonical_analytical_density,fixed_r6,0.0204081632653,mean_radius,6,6,6,episode,50,50,2000
canonical_analytical_density,fixed_r6,0.0204081632653,mean_radius_sq,36,36,36,episode,50,50,2000
canonical_analytical_density,fixed_r6,0.0204081632653,control_energy,0.0183502724964,0.0161509845578,0.0207939820268,episode,50,50,2000
canonical_analytical_density,fixed_r6,0.0204081632653,final_largest_scc_fraction,0.98875,0.97125,1,episode,50,50,2000
canonical_analytical_density,fixed_r6,0.0330578512397,final_fragmentation,0.005,0,0.015,episode,50,50,2000
canonical_analytical_density,fixed_r6,0.0330578512397,mean_fragmentation,0.00701492537313,0.00218858830846,0.0151433457711,episode,50,50,2000
canonical_analytical_density,fixed_r6,0.0330578512397,polar_order,0.972705708409,0.966480252135,0.978090690926,episode,50,50,2000
canonical_analytical_density,fixed_r6,0.0330578512397,mean_degree,3.92176616915,3.76720024876,4.07186722637,episode,50,50,2000
canonical_analytical_density,fixed_r6,0.0330578512397,mean_probe_degree,3.92176616915,3.77439179104,4.06549844527,episode,50,50,2000
canonical_analytical_density,fixed_r6,0.0330578512397,mean_radius,6,6,6,episode,50,50,2000
canonical_analytical_density,fixed_r6,0.0330578512397,mean_radius_sq,36,36,36,episode,50,50,2000
canonical_analytical_density,fixed_r6,0.0330578512397,control_energy,0.0101268792636,0.00962085460305,0.0106462323953,episode,50,50,2000
canonical_analytical_density,fixed_r6,0.0330578512397,final_largest_scc_fraction,0.995,0.985,1,episode,50,50,2000
canonical_analytical_density,fixed_r6,0.0493827160494,final_fragmentation,0,0,0,episode,50,50,2000
canonical_analytical_density,fixed_r6,0.0493827160494,mean_fragmentation,0,0,0,episode,50,50,2000
canonical_analytical_density,fixed_r6,0.0493827160494,polar_order,0.986443569583,0.98314586053,0.988914868811,episode,50,50,2000
canonical_analytical_density,fixed_r6,0.0493827160494,mean_degree,5.43150497512,5.2624175995,5.5980391791,episode,50,50,2000
canonical_analytical_density,fixed_r6,0.0493827160494,mean_probe_degree,5.43150497512,5.2625363806,5.61010292289,episode,50,50,2000
canonical_analytical_density,fixed_r6,0.0493827160494,mean_radius,6,6,6,episode,50,50,2000
canonical_analytical_density,fixed_r6,0.0493827160494,mean_radius_sq,36,36,36,episode,50,50,2000
canonical_analytical_density,fixed_r6,0.0493827160494,control_energy,0.00893400392598,0.00859353566727,0.00926076050934,episode,50,50,2000
canonical_analytical_density,fixed_r6,0.0493827160494,final_largest_scc_fraction,1,1,1,episode,50,50,2000
canonical_analytical_density,fixed_r6,0.0816326530612,final_fragmentation,0,0,0,episode,50,50,2000
canonical_analytical_density,fixed_r6,0.0816326530612,mean_fragmentation,0,0,0,episode,50,50,2000
canonical_analytical_density,fixed_r6,0.0816326530612,polar_order,0.991384335225,0.990053869137,0.992370521474,episode,50,50,2000
canonical_analytical_density,fixed_r6,0.0816326530612,mean_degree,8.68385572139,8.49570553483,8.89273196517,episode,50,50,2000
canonical_analytical_density,fixed_r6,0.0816326530612,mean_probe_degree,8.68385572139,8.49538432836,8.87295429104,episode,50,50,2000
canonical_analytical_density,fixed_r6,0.0816326530612,mean_radius,6,6,6,episode,50,50,2000
canonical_analytical_density,fixed_r6,0.0816326530612,mean_radius_sq,36,36,36,episode,50,50,2000
canonical_analytical_density,fixed_r6,0.0816326530612,control_energy,0.00849899123111,0.00816085254035,0.00888772920721,episode,50,50,2000
canonical_analytical_density,fixed_r6,0.0816326530612,final_largest_scc_fraction,1,1,1,episode,50,50,2000
canonical_analytical_density,fixed_r7,0.00444444444444,final_fragmentation,0.33375,0.2825,0.385,episode,50,50,2000
canonical_analytical_density,fixed_r7,0.00444444444444,mean_fragmentation,0.525223880597,0.493636349502,0.554816075871,episode,50,50,2000
canonical_analytical_density,fixed_r7,0.00444444444444,polar_order,0.527665821411,0.475042966324,0.580850472014,episode,50,50,2000
canonical_analytical_density,fixed_r7,0.00444444444444,mean_degree,1.54604477612,1.50076337065,1.59471859453,episode,50,50,2000
canonical_analytical_density,fixed_r7,0.00444444444444,mean_probe_degree,1.54604477612,1.49968159204,1.59350186567,episode,50,50,2000
canonical_analytical_density,fixed_r7,0.00444444444444,mean_radius,7,7,7,episode,50,50,2000
canonical_analytical_density,fixed_r7,0.00444444444444,mean_radius_sq,49,49,49,episode,50,50,2000
canonical_analytical_density,fixed_r7,0.00444444444444,control_energy,0.195002616238,0.171094828665,0.220430728785,episode,50,50,2000
canonical_analytical_density,fixed_r7,0.00444444444444,final_largest_scc_fraction,0.66625,0.61625,0.71628125,episode,50,50,2000
canonical_analytical_density,fixed_r7,0.00756143667297,final_fragmentation,0.15875,0.1175,0.2025,episode,50,50,2000
canonical_analytical_density,fixed_r7,0.00756143667297,mean_fragmentation,0.329583333333,0.294669776119,0.365168376866,episode,50,50,2000
canonical_analytical_density,fixed_r7,0.00756143667297,polar_order,0.704184971736,0.660159637104,0.74750802724,episode,50,50,2000
canonical_analytical_density,fixed_r7,0.00756143667297,mean_degree,2.05723880597,1.98324564677,2.13134732587,episode,50,50,2000
canonical_analytical_density,fixed_r7,0.00756143667297,mean_probe_degree,2.05723880597,1.98142226368,2.13723600746,episode,50,50,2000
canonical_analytical_density,fixed_r7,0.00756143667297,mean_radius,7,7,7,episode,50,50,2000
canonical_analytical_density,fixed_r7,0.00756143667297,mean_radius_sq,49,49,49,episode,50,50,2000
canonical_analytical_density,fixed_r7,0.00756143667297,control_energy,0.101166631504,0.0828712042691,0.121364625325,episode,50,50,2000
canonical_analytical_density,fixed_r7,0.00756143667297,final_largest_scc_fraction,0.84125,0.7975,0.88625,episode,50,50,2000
canonical_analytical_density,fixed_r7,0.0123456790123,final_fragmentation,0.0375,0.01375,0.0675,episode,50,50,2000
canonical_analytical_density,fixed_r7,0.0123456790123,mean_fragmentation,0.139415422886,0.115221393035,0.16556016791,episode,50,50,2000
canonical_analytical_density,fixed_r7,0.0123456790123,polar_order,0.865672026407,0.838201407077,0.891803885127,episode,50,50,2000
canonical_analytical_density,fixed_r7,0.0123456790123,mean_degree,2.58912935323,2.49099502488,2.68435292289,episode,50,50,2000
canonical_analytical_density,fixed_r7,0.0123456790123,mean_probe_degree,2.58912935323,2.49196579602,2.68991542289,episode,50,50,2000
canonical_analytical_density,fixed_r7,0.0123456790123,mean_radius,7,7,7,episode,50,50,2000
canonical_analytical_density,fixed_r7,0.0123456790123,mean_radius_sq,49,49,49,episode,50,50,2000
canonical_analytical_density,fixed_r7,0.0123456790123,control_energy,0.0308374380601,0.024898298997,0.0376342811034,episode,50,50,2000
canonical_analytical_density,fixed_r7,0.0123456790123,final_largest_scc_fraction,0.9625,0.93125,0.9875,episode,50,50,2000
canonical_analytical_density,fixed_r7,0.0204081632653,final_fragmentation,0.0125,0,0.03375,episode,50,50,2000
canonical_analytical_density,fixed_r7,0.0204081632653,mean_fragmentation,0.0301243781095,0.014364738806,0.050682369403,episode,50,50,2000
canonical_analytical_density,fixed_r7,0.0204081632653,polar_order,0.956490913275,0.945190797586,0.965982511425,episode,50,50,2000
canonical_analytical_density,fixed_r7,0.0204081632653,mean_degree,3.39490049751,3.25423103234,3.53639738806,episode,50,50,2000
canonical_analytical_density,fixed_r7,0.0204081632653,mean_probe_degree,3.39490049751,3.25975217662,3.52833737562,episode,50,50,2000
canonical_analytical_density,fixed_r7,0.0204081632653,mean_radius,7,7,7,episode,50,50,2000
canonical_analytical_density,fixed_r7,0.0204081632653,mean_radius_sq,49,49,49,episode,50,50,2000
canonical_analytical_density,fixed_r7,0.0204081632653,control_energy,0.011812240131,0.0109134298061,0.0127580105378,episode,50,50,2000
canonical_analytical_density,fixed_r7,0.0204081632653,final_largest_scc_fraction,0.9875,0.96625,1,episode,50,50,2000
canonical_analytical_density,fixed_r7,0.0330578512397,final_fragmentation,0,0,0,episode,50,50,2000
canonical_analytical_density,fixed_r7,0.0330578512397,mean_fragmentation,7.46268656716e-05,0,0.000180348258706,episode,50,50,2000
canonical_analytical_density,fixed_r7,0.0330578512397,polar_order,0.984142715213,0.980105669135,0.987305634353,episode,50,50,2000
canonical_analytical_density,fixed_r7,0.0330578512397,mean_degree,5.00444029851,4.84601927861,5.15724440299,episode,50,50,2000
canonical_analytical_density,fixed_r7,0.0330578512397,mean_probe_degree,5.00444029851,4.83833364428,5.15653513682,episode,50,50,2000
canonical_analytical_density,fixed_r7,0.0330578512397,mean_radius,7,7,7,episode,50,50,2000
canonical_analytical_density,fixed_r7,0.0330578512397,mean_radius_sq,49,49,49,episode,50,50,2000
canonical_analytical_density,fixed_r7,0.0330578512397,control_energy,0.0091070031396,0.00872496562154,0.0094906922419,episode,50,50,2000
canonical_analytical_density,fixed_r7,0.0330578512397,final_largest_scc_fraction,1,1,1,episode,50,50,2000
canonical_analytical_density,fixed_r7,0.0493827160494,final_fragmentation,0,0,0,episode,50,50,2000
canonical_analytical_density,fixed_r7,0.0493827160494,mean_fragmentation,0,0,0,episode,50,50,2000
canonical_analytical_density,fixed_r7,0.0493827160494,polar_order,0.990201773851,0.988777838781,0.99139138093,episode,50,50,2000
canonical_analytical_density,fixed_r7,0.0493827160494,mean_degree,7.23231343284,7.04017133085,7.41215764925,episode,50,50,2000
canonical_analytical_density,fixed_r7,0.0493827160494,mean_probe_degree,7.23231343284,7.04577705224,7.41831374378,episode,50,50,2000
canonical_analytical_density,fixed_r7,0.0493827160494,mean_radius,7,7,7,episode,50,50,2000
canonical_analytical_density,fixed_r7,0.0493827160494,mean_radius_sq,49,49,49,episode,50,50,2000
canonical_analytical_density,fixed_r7,0.0493827160494,control_energy,0.00852306324188,0.00819251929144,0.0088761076335,episode,50,50,2000
canonical_analytical_density,fixed_r7,0.0493827160494,final_largest_scc_fraction,1,1,1,episode,50,50,2000
canonical_analytical_density,fixed_r7,0.0816326530612,final_fragmentation,0,0,0,episode,50,50,2000
canonical_analytical_density,fixed_r7,0.0816326530612,mean_fragmentation,0,0,0,episode,50,50,2000
canonical_analytical_density,fixed_r7,0.0816326530612,polar_order,0.992637510066,0.991928212938,0.993287125849,episode,50,50,2000
canonical_analytical_density,fixed_r7,0.0816326530612,mean_degree,11.8050746269,11.640494403,11.9716965174,episode,50,50,2000
canonical_analytical_density,fixed_r7,0.0816326530612,mean_probe_degree,11.8050746269,11.6334863184,11.9750824005,episode,50,50,2000
canonical_analytical_density,fixed_r7,0.0816326530612,mean_radius,7,7,7,episode,50,50,2000
canonical_analytical_density,fixed_r7,0.0816326530612,mean_radius_sq,49,49,49,episode,50,50,2000
canonical_analytical_density,fixed_r7,0.0816326530612,control_energy,0.0084239573549,0.00806094471945,0.00877009802615,episode,50,50,2000
canonical_analytical_density,fixed_r7,0.0816326530612,final_largest_scc_fraction,1,1,1,episode,50,50,2000
canonical_analytical_density,fixed_r8,0.00444444444444,final_fragmentation,0.26375,0.21,0.3175,episode,50,50,2000
canonical_analytical_density,fixed_r8,0.00444444444444,mean_fragmentation,0.458072139303,0.422635416667,0.493657804726,episode,50,50,2000
canonical_analytical_density,fixed_r8,0.00444444444444,polar_order,0.610469238231,0.562583524595,0.657629346599,episode,50,50,2000
canonical_analytical_density,fixed_r8,0.00444444444444,mean_degree,1.73967661692,1.68162531095,1.79482649254,episode,50,50,2000
canonical_analytical_density,fixed_r8,0.00444444444444,mean_probe_degree,1.73967661692,1.68362966418,1.79723911692,episode,50,50,2000
canonical_analytical_density,fixed_r8,0.00444444444444,mean_radius,8,8,8,episode,50,50,2000
canonical_analytical_density,fixed_r8,0.00444444444444,mean_radius_sq,64,64,64,episode,50,50,2000
canonical_analytical_density,fixed_r8,0.00444444444444,control_energy,0.168052711018,0.138927038673,0.198723810741,episode,50,50,2000
canonical_analytical_density,fixed_r8,0.00444444444444,final_largest_scc_fraction,0.73625,0.68246875,0.7925,episode,50,50,2000
canonical_analytical_density,fixed_r8,0.00756143667297,final_fragmentation,0.085,0.0425,0.13125,episode,50,50,2000
canonical_analytical_density,fixed_r8,0.00756143667297,mean_fragmentation,0.237425373134,0.196497201493,0.278980721393,episode,50,50,2000
canonical_analytical_density,fixed_r8,0.00756143667297,polar_order,0.783466923336,0.735196109646,0.826591294847,episode,50,50,2000
canonical_analytical_density,fixed_r8,0.00756143667297,mean_degree,2.29217661692,2.20637002488,2.3806016791,episode,50,50,2000
canonical_analytical_density,fixed_r8,0.00756143667297,mean_probe_degree,2.29217661692,2.2075329602,2.38269993781,episode,50,50,2000
canonical_analytical_density,fixed_r8,0.00756143667297,mean_radius,8,8,8,episode,50,50,2000
canonical_analytical_density,fixed_r8,0.00756143667297,mean_radius_sq,64,64,64,episode,50,50,2000
canonical_analytical_density,fixed_r8,0.00756143667297,control_energy,0.0612026519935,0.0495343572163,0.0742759531179,episode,50,50,2000
canonical_analytical_density,fixed_r8,0.00756143667297,final_largest_scc_fraction,0.915,0.86625,0.95625,episode,50,50,2000
canonical_analytical_density,fixed_r8,0.0123456790123,final_fragmentation,0.015,0,0.03875,episode,50,50,2000
canonical_analytical_density,fixed_r8,0.0123456790123,mean_fragmentation,0.0861131840796,0.0619379664179,0.112686878109,episode,50,50,2000
canonical_analytical_density,fixed_r8,0.0123456790123,polar_order,0.905426765787,0.876841217353,0.928941532117,episode,50,50,2000
canonical_analytical_density,fixed_r8,0.0123456790123,mean_degree,2.94337064677,2.81941449005,3.06641915423,episode,50,50,2000
canonical_analytical_density,fixed_r8,0.0123456790123,mean_probe_degree,2.94337064677,2.82471330846,3.06981529851,episode,50,50,2000
canonical_analytical_density,fixed_r8,0.0123456790123,mean_radius,8,8,8,episode,50,50,2000
canonical_analytical_density,fixed_r8,0.0123456790123,mean_radius_sq,64,64,64,episode,50,50,2000
canonical_analytical_density,fixed_r8,0.0123456790123,control_energy,0.0188412262959,0.0161220789298,0.022060317537,episode,50,50,2000
canonical_analytical_density,fixed_r8,0.0123456790123,final_largest_scc_fraction,0.985,0.96125,1,episode,50,50,2000
canonical_analytical_density,fixed_r8,0.0204081632653,final_fragmentation,0,0,0,episode,50,50,2000
canonical_analytical_density,fixed_r8,0.0204081632653,mean_fragmentation,0.00482587064677,0.00126850124378,0.0106035447761,episode,50,50,2000
canonical_analytical_density,fixed_r8,0.0204081632653,polar_order,0.975325370128,0.969236684572,0.980579743296,episode,50,50,2000
canonical_analytical_density,fixed_r8,0.0204081632653,mean_degree,4.15518656716,3.99392537313,4.31328762438,episode,50,50,2000
canonical_analytical_density,fixed_r8,0.0204081632653,mean_probe_degree,4.15518656716,3.99810883085,4.31678016169,episode,50,50,2000
canonical_analytical_density,fixed_r8,0.0204081632653,mean_radius,8,8,8,episode,50,50,2000
canonical_analytical_density,fixed_r8,0.0204081632653,mean_radius_sq,64,64,64,episode,50,50,2000
canonical_analytical_density,fixed_r8,0.0204081632653,control_energy,0.00974812914473,0.00929245470891,0.0102573747517,episode,50,50,2000
canonical_analytical_density,fixed_r8,0.0204081632653,final_largest_scc_fraction,1,1,1,episode,50,50,2000
canonical_analytical_density,fixed_r8,0.0330578512397,final_fragmentation,0,0,0,episode,50,50,2000
canonical_analytical_density,fixed_r8,0.0330578512397,mean_fragmentation,0,0,0,episode,50,50,2000
canonical_analytical_density,fixed_r8,0.0330578512397,polar_order,0.988851294678,0.98695163577,0.990465015955,episode,50,50,2000
canonical_analytical_density,fixed_r8,0.0330578512397,mean_degree,6.33221393035,6.14268097015,6.53376927861,episode,50,50,2000
canonical_analytical_density,fixed_r8,0.0330578512397,mean_probe_degree,6.33221393035,6.12956778607,6.52359577114,episode,50,50,2000
canonical_analytical_density,fixed_r8,0.0330578512397,mean_radius,8,8,8,episode,50,50,2000
canonical_analytical_density,fixed_r8,0.0330578512397,mean_radius_sq,64,64,64,episode,50,50,2000
canonical_analytical_density,fixed_r8,0.0330578512397,control_energy,0.00863998935061,0.00830913351444,0.00897291928029,episode,50,50,2000
canonical_analytical_density,fixed_r8,0.0330578512397,final_largest_scc_fraction,1,1,1,episode,50,50,2000
canonical_analytical_density,fixed_r8,0.0493827160494,final_fragmentation,0,0,0,episode,50,50,2000
canonical_analytical_density,fixed_r8,0.0493827160494,mean_fragmentation,0,0,0,episode,50,50,2000
canonical_analytical_density,fixed_r8,0.0493827160494,polar_order,0.991432211896,0.990068397143,0.992368097768,episode,50,50,2000
canonical_analytical_density,fixed_r8,0.0493827160494,mean_degree,9.31915422886,9.13081902985,9.52585261194,episode,50,50,2000
canonical_analytical_density,fixed_r8,0.0493827160494,mean_probe_degree,9.31915422886,9.13592257463,9.51068843284,episode,50,50,2000
canonical_analytical_density,fixed_r8,0.0493827160494,mean_radius,8,8,8,episode,50,50,2000
canonical_analytical_density,fixed_r8,0.0493827160494,mean_radius_sq,64,64,64,episode,50,50,2000
canonical_analytical_density,fixed_r8,0.0493827160494,control_energy,0.00848848249461,0.00813503311061,0.00884294872794,episode,50,50,2000
canonical_analytical_density,fixed_r8,0.0493827160494,final_largest_scc_fraction,1,1,1,episode,50,50,2000
canonical_analytical_density,fixed_r8,0.0816326530612,final_fragmentation,0,0,0,episode,50,50,2000
canonical_analytical_density,fixed_r8,0.0816326530612,mean_fragmentation,0,0,0,episode,50,50,2000
canonical_analytical_density,fixed_r8,0.0816326530612,polar_order,0.992637510066,0.991933723586,0.993231331975,episode,50,50,2000
canonical_analytical_density,fixed_r8,0.0816326530612,mean_degree,11.8050746269,11.6402708333,11.9669850746,episode,50,50,2000
canonical_analytical_density,fixed_r8,0.0816326530612,mean_probe_degree,13.8124378109,13.6973703358,13.92433551,episode,50,50,2000
canonical_analytical_density,fixed_r8,0.0816326530612,mean_radius,7,7,7,episode,50,50,2000
canonical_analytical_density,fixed_r8,0.0816326530612,mean_radius_sq,49,49,49,episode,50,50,2000
canonical_analytical_density,fixed_r8,0.0816326530612,control_energy,0.0084239573549,0.00804807880381,0.00878276201442,episode,50,50,2000
canonical_analytical_density,fixed_r8,0.0816326530612,final_largest_scc_fraction,1,1,1,episode,50,50,2000
canonical_analytical_density,knn_k4,0.00444444444444,final_fragmentation,0.26625,0.21246875,0.3175,episode,50,50,2000
canonical_analytical_density,knn_k4,0.00444444444444,mean_fragmentation,0.457854477612,0.423435478856,0.491021766169,episode,50,50,2000
canonical_analytical_density,knn_k4,0.00444444444444,polar_order,0.611167156034,0.563139681895,0.658679817514,episode,50,50,2000
canonical_analytical_density,knn_k4,0.00444444444444,mean_degree,1.7310199005,1.67783830846,1.78509483831,episode,50,50,2000
canonical_analytical_density,knn_k4,0.00444444444444,mean_probe_degree,1.73889303483,1.68458706468,1.79474004975,episode,50,50,2000
canonical_analytical_density,knn_k4,0.00444444444444,mean_radius,8,8,8,episode,50,50,2000
canonical_analytical_density,knn_k4,0.00444444444444,mean_radius_sq,64,64,64,episode,50,50,2000
canonical_analytical_density,knn_k4,0.00444444444444,control_energy,0.167922123882,0.1416580238,0.198187862267,episode,50,50,2000
canonical_analytical_density,knn_k4,0.00444444444444,final_largest_scc_fraction,0.73375,0.68125,0.78625,episode,50,50,2000
canonical_analytical_density,knn_k4,0.00756143667297,final_fragmentation,0.07125,0.03375,0.1125,episode,50,50,2000
canonical_analytical_density,knn_k4,0.00756143667297,mean_fragmentation,0.233314676617,0.196604633085,0.27405363806,episode,50,50,2000
canonical_analytical_density,knn_k4,0.00756143667297,polar_order,0.779569712188,0.729094224482,0.823649157489,episode,50,50,2000
canonical_analytical_density,knn_k4,0.00756143667297,mean_degree,2.2593221393,2.18320506841,2.34113370647,episode,50,50,2000
canonical_analytical_density,knn_k4,0.00756143667297,mean_probe_degree,2.29646766169,2.21023445274,2.38757245025,episode,50,50,2000
canonical_analytical_density,knn_k4,0.00756143667297,mean_radius,8,8,8,episode,50,50,2000
canonical_analytical_density,knn_k4,0.00756143667297,mean_radius_sq,64,64,64,episode,50,50,2000
canonical_analytical_density,knn_k4,0.00756143667297,control_energy,0.0609430219066,0.0485069142438,0.074207428847,episode,50,50,2000
canonical_analytical_density,knn_k4,0.00756143667297,final_largest_scc_fraction,0.92875,0.88625,0.965,episode,50,50,2000
canonical_analytical_density,knn_k4,0.0123456790123,final_fragmentation,0.025,0,0.05628125,episode,50,50,2000
canonical_analytical_density,knn_k4,0.0123456790123,mean_fragmentation,0.0841853233831,0.0596012126866,0.110841573383,episode,50,50,2000
canonical_analytical_density,knn_k4,0.0123456790123,polar_order,0.905328890014,0.87712264538,0.928677330581,episode,50,50,2000
canonical_analytical_density,knn_k4,0.0123456790123,mean_degree,2.75905472637,2.679835199,2.84504695274,episode,50,50,2000
canonical_analytical_density,knn_k4,0.0123456790123,mean_probe_degree,2.92141791045,2.80534950249,3.04178327114,episode,50,50,2000
canonical_analytical_density,knn_k4,0.0123456790123,mean_radius,8,8,8,episode,50,50,2000
canonical_analytical_density,knn_k4,0.0123456790123,mean_radius_sq,64,64,64,episode,50,50,2000
canonical_analytical_density,knn_k4,0.0123456790123,control_energy,0.0188160094092,0.0158696629002,0.0221640862448,episode,50,50,2000
canonical_analytical_density,knn_k4,0.0123456790123,final_largest_scc_fraction,0.9575,0.9225,0.98378125,episode,50,50,2000
canonical_analytical_density,knn_k4,0.0204081632653,final_fragmentation,0.005,0,0.015,episode,50,50,2000
canonical_analytical_density,knn_k4,0.0204081632653,mean_fragmentation,0.00577114427861,0.0013243159204,0.0131411691542,episode,50,50,2000
canonical_analytical_density,knn_k4,0.0204081632653,polar_order,0.972238016235,0.965015144434,0.97843953189,episode,50,50,2000
canonical_analytical_density,knn_k4,0.0204081632653,mean_degree,3.45285447761,3.39716386816,3.50604026741,episode,50,50,2000
canonical_analytical_density,knn_k4,0.0204081632653,mean_probe_degree,4.18957711443,4.03152207711,4.34678264925,episode,50,50,2000
canonical_analytical_density,knn_k4,0.0204081632653,mean_radius,8,8,8,episode,50,50,2000
canonical_analytical_density,knn_k4,0.0204081632653,mean_radius_sq,64,64,64,episode,50,50,2000
canonical_analytical_density,knn_k4,0.0204081632653,control_energy,0.00988426338806,0.00944859573275,0.0103120306257,episode,50,50,2000
canonical_analytical_density,knn_k4,0.0204081632653,final_largest_scc_fraction,0.95125,0.92125,0.9775,episode,50,50,2000
canonical_analytical_density,knn_k4,0.0330578512397,final_fragmentation,0,0,0,episode,50,50,2000
canonical_analytical_density,knn_k4,0.0330578512397,mean_fragmentation,0.000248756218905,0,0.000746268656716,episode,50,50,2000
canonical_analytical_density,knn_k4,0.0330578512397,polar_order,0.979819335205,0.973005665085,0.985011941144,episode,50,50,2000
canonical_analytical_density,knn_k4,0.0330578512397,mean_degree,3.91739427861,3.89573072139,3.93865158582,episode,50,50,2000
canonical_analytical_density,knn_k4,0.0330578512397,mean_probe_degree,6.36288557214,6.15262251244,6.57473942786,episode,50,50,2000
canonical_analytical_density,knn_k4,0.0330578512397,mean_radius,8,8,8,episode,50,50,2000
canonical_analytical_density,knn_k4,0.0330578512397,mean_radius_sq,64,64,64,episode,50,50,2000
canonical_analytical_density,knn_k4,0.0330578512397,control_energy,0.0090628329858,0.00873852427846,0.00940650971836,episode,50,50,2000
canonical_analytical_density,knn_k4,0.0330578512397,final_largest_scc_fraction,0.96875,0.94125,0.99,episode,50,50,2000
canonical_analytical_density,knn_k4,0.0493827160494,final_fragmentation,0,0,0,episode,50,50,2000
canonical_analytical_density,knn_k4,0.0493827160494,mean_fragmentation,0.000348258706468,0,0.0010447761194,episode,50,50,2000
canonical_analytical_density,knn_k4,0.0493827160494,polar_order,0.981941106209,0.977195047114,0.98608746968,episode,50,50,2000
canonical_analytical_density,knn_k4,0.0493827160494,mean_degree,3.99808457711,3.99428482587,4,episode,50,50,2000
canonical_analytical_density,knn_k4,0.0493827160494,mean_probe_degree,9.52100746269,9.31927829602,9.72798849502,episode,50,50,2000
canonical_analytical_density,knn_k4,0.0493827160494,mean_radius,8,8,8,episode,50,50,2000
canonical_analytical_density,knn_k4,0.0493827160494,mean_radius_sq,64,64,64,episode,50,50,2000
canonical_analytical_density,knn_k4,0.0493827160494,control_energy,0.00902083046917,0.00868590644372,0.00937792743074,episode,50,50,2000
canonical_analytical_density,knn_k4,0.0493827160494,final_largest_scc_fraction,0.975,0.95,0.99375,episode,50,50,2000
canonical_analytical_density,knn_k4,0.0816326530612,final_fragmentation,0,0,0,episode,50,50,2000
canonical_analytical_density,knn_k4,0.0816326530612,mean_fragmentation,0,0,0,episode,50,50,2000
canonical_analytical_density,knn_k4,0.0816326530612,polar_order,0.982826663183,0.97903649774,0.986177913016,episode,50,50,2000
canonical_analytical_density,knn_k4,0.0816326530612,mean_degree,4,4,4,episode,50,50,2000
canonical_analytical_density,knn_k4,0.0816326530612,mean_probe_degree,11.991181592,11.8270861318,12.1615314055,episode,50,50,2000
canonical_analytical_density,knn_k4,0.0816326530612,mean_radius,7,7,7,episode,50,50,2000
canonical_analytical_density,knn_k4,0.0816326530612,mean_radius_sq,49,49,49,episode,50,50,2000
canonical_analytical_density,knn_k4,0.0816326530612,control_energy,0.00902887241572,0.0086689872505,0.00937169934215,episode,50,50,2000
canonical_analytical_density,knn_k4,0.0816326530612,final_largest_scc_fraction,0.985,0.97,0.9975,episode,50,50,2000
canonical_analytical_density,knn_k6,0.00444444444444,final_fragmentation,0.26375,0.2075,0.31375,episode,50,50,2000
canonical_analytical_density,knn_k6,0.00444444444444,mean_fragmentation,0.458072139303,0.422884328358,0.491935945274,episode,50,50,2000
canonical_analytical_density,knn_k6,0.00444444444444,polar_order,0.610469238231,0.560830587891,0.657616494986,episode,50,50,2000
canonical_analytical_density,knn_k6,0.00444444444444,mean_degree,1.73967661692,1.68549689055,1.79691573383,episode,50,50,2000
canonical_analytical_density,knn_k6,0.00444444444444,mean_probe_degree,1.73967661692,1.68108333333,1.79906063433,episode,50,50,2000
canonical_analytical_density,knn_k6,0.00444444444444,mean_radius,8,8,8,episode,50,50,2000
canonical_analytical_density,knn_k6,0.00444444444444,mean_radius_sq,64,64,64,episode,50,50,2000
canonical_analytical_density,knn_k6,0.00444444444444,control_energy,0.168052711018,0.138471706247,0.198486188342,episode,50,50,2000
canonical_analytical_density,knn_k6,0.00444444444444,final_largest_scc_fraction,0.73625,0.68246875,0.78878125,episode,50,50,2000
canonical_analytical_density,knn_k6,0.00756143667297,final_fragmentation,0.085,0.04375,0.13125,episode,50,50,2000
canonical_analytical_density,knn_k6,0.00756143667297,mean_fragmentation,0.237425373134,0.199183924129,0.28053653607,episode,50,50,2000
canonical_analytical_density,knn_k6,0.00756143667297,polar_order,0.783390599796,0.738162801581,0.82762722307,episode,50,50,2000
canonical_analytical_density,knn_k6,0.00756143667297,mean_degree,2.29128731343,2.20294294154,2.37535463308,episode,50,50,2000
canonical_analytical_density,knn_k6,0.00756143667297,mean_probe_degree,2.29218905473,2.20949968905,2.37912220149,episode,50,50,2000
canonical_analytical_density,knn_k6,0.00756143667297,mean_radius,8,8,8,episode,50,50,2000
canonical_analytical_density,knn_k6,0.00756143667297,mean_radius_sq,64,64,64,episode,50,50,2000
canonical_analytical_density,knn_k6,0.00756143667297,control_energy,0.0612026039135,0.0492340565925,0.0735928425973,episode,50,50,2000
canonical_analytical_density,knn_k6,0.00756143667297,final_largest_scc_fraction,0.915,0.865,0.955,episode,50,50,2000
canonical_analytical_density,knn_k6,0.0123456790123,final_fragmentation,0.015,0,0.03875,episode,50,50,2000
canonical_analytical_density,knn_k6,0.0123456790123,mean_fragmentation,0.0861380597015,0.0619320584577,0.113036225124,episode,50,50,2000
canonical_analytical_density,knn_k6,0.0123456790123,polar_order,0.90532874002,0.877979987788,0.929032185173,episode,50,50,2000
canonical_analytical_density,knn_k6,0.0123456790123,mean_degree,2.93345149254,2.81335541045,3.05133955224,episode,50,50,2000
canonical_analytical_density,knn_k6,0.0123456790123,mean_probe_degree,2.94356965174,2.82280130597,3.07279757463,episode,50,50,2000
canonical_analytical_density,knn_k6,0.0123456790123,mean_radius,8,8,8,episode,50,50,2000
canonical_analytical_density,knn_k6,0.0123456790123,mean_radius_sq,64,64,64,episode,50,50,2000
canonical_analytical_density,knn_k6,0.0123456790123,control_energy,0.0188537299815,0.0160523404971,0.0220660578655,episode,50,50,2000
canonical_analytical_density,knn_k6,0.0123456790123,final_largest_scc_fraction,0.985,0.96125,1,episode,50,50,2000
canonical_analytical_density,knn_k6,0.0204081632653,final_fragmentation,0,0,0,episode,50,50,2000
canonical_analytical_density,knn_k6,0.0204081632653,mean_fragmentation,0.00492537313433,0.0012871579602,0.0113263370647,episode,50,50,2000
canonical_analytical_density,knn_k6,0.0204081632653,polar_order,0.974800482652,0.968626904753,0.980042965736,episode,50,50,2000
canonical_analytical_density,knn_k6,0.0204081632653,mean_degree,4.02375,3.90092801617,4.14255939055,episode,50,50,2000
canonical_analytical_density,knn_k6,0.0204081632653,mean_probe_degree,4.15266169154,4.00366044776,4.30727300995,episode,50,50,2000
canonical_analytical_density,knn_k6,0.0204081632653,mean_radius,8,8,8,episode,50,50,2000
canonical_analytical_density,knn_k6,0.0204081632653,mean_radius_sq,64,64,64,episode,50,50,2000
canonical_analytical_density,knn_k6,0.0204081632653,control_energy,0.00977484762583,0.00929421757388,0.010271207614,episode,50,50,2000
canonical_analytical_density,knn_k6,0.0204081632653,final_largest_scc_fraction,0.99375,0.98375,1,episode,50,50,2000
canonical_analytical_density,knn_k6,0.0330578512397,final_fragmentation,0,0,0,episode,50,50,2000
canonical_analytical_density,knn_k6,0.0330578512397,mean_fragmentation,0,0,0,episode,50,50,2000
canonical_analytical_density,knn_k6,0.0330578512397,polar_order,0.987987281494,0.986291001526,0.989476740891,episode,50,50,2000
canonical_analytical_density,knn_k6,0.0330578512397,mean_degree,5.40450248756,5.32062422264,5.48286116294,episode,50,50,2000
canonical_analytical_density,knn_k6,0.0330578512397,mean_probe_degree,6.31164179104,6.12234919154,6.50718594527,episode,50,50,2000
canonical_analytical_density,knn_k6,0.0330578512397,mean_radius,8,8,8,episode,50,50,2000
canonical_analytical_density,knn_k6,0.0330578512397,mean_radius_sq,64,64,64,episode,50,50,2000
canonical_analytical_density,knn_k6,0.0330578512397,control_energy,0.0087501129196,0.00839665606598,0.00910168933085,episode,50,50,2000
canonical_analytical_density,knn_k6,0.0330578512397,final_largest_scc_fraction,0.99625,0.98875,1,episode,50,50,2000
canonical_analytical_density,knn_k6,0.0493827160494,final_fragmentation,0,0,0,episode,50,50,2000
canonical_analytical_density,knn_k6,0.0493827160494,mean_fragmentation,0,0,0,episode,50,50,2000
canonical_analytical_density,knn_k6,0.0493827160494,polar_order,0.989298140026,0.987690526799,0.990625313684,episode,50,50,2000
canonical_analytical_density,knn_k6,0.0493827160494,mean_degree,5.97472014925,5.96359452736,5.98481996269,episode,50,50,2000
canonical_analytical_density,knn_k6,0.0493827160494,mean_probe_degree,9.31605721393,9.1238420398,9.53465547264,episode,50,50,2000
canonical_analytical_density,knn_k6,0.0493827160494,mean_radius,8,8,8,episode,50,50,2000
canonical_analytical_density,knn_k6,0.0493827160494,mean_radius_sq,64,64,64,episode,50,50,2000
canonical_analytical_density,knn_k6,0.0493827160494,control_energy,0.00863346779359,0.00826457273046,0.00898676918877,episode,50,50,2000
canonical_analytical_density,knn_k6,0.0493827160494,final_largest_scc_fraction,1,1,1,episode,50,50,2000
canonical_analytical_density,knn_k6,0.0816326530612,final_fragmentation,0,0,0,episode,50,50,2000
canonical_analytical_density,knn_k6,0.0816326530612,mean_fragmentation,0,0,0,episode,50,50,2000
canonical_analytical_density,knn_k6,0.0816326530612,polar_order,0.989725108381,0.988255635038,0.9910459642,episode,50,50,2000
canonical_analytical_density,knn_k6,0.0816326530612,mean_degree,6,6,6,episode,50,50,2000
canonical_analytical_density,knn_k6,0.0816326530612,mean_probe_degree,11.8552114428,11.6735544154,12.03310199,episode,50,50,2000
canonical_analytical_density,knn_k6,0.0816326530612,mean_radius,7,7,7,episode,50,50,2000
canonical_analytical_density,knn_k6,0.0816326530612,mean_radius_sq,49,49,49,episode,50,50,2000
canonical_analytical_density,knn_k6,0.0816326530612,control_energy,0.00863940146659,0.00826819874165,0.00898962529215,episode,50,50,2000
canonical_analytical_density,knn_k6,0.0816326530612,final_largest_scc_fraction,1,1,1,episode,50,50,2000
canonical_analytical_density,knn_k8,0.00444444444444,final_fragmentation,0.26375,0.20875,0.31378125,episode,50,50,2000
canonical_analytical_density,knn_k8,0.00444444444444,mean_fragmentation,0.458072139303,0.425048973881,0.490678016169,episode,50,50,2000
canonical_analytical_density,knn_k8,0.00444444444444,polar_order,0.610469238231,0.563147183823,0.657285638607,episode,50,50,2000
canonical_analytical_density,knn_k8,0.00444444444444,mean_degree,1.73967661692,1.68191075871,1.79751710199,episode,50,50,2000
canonical_analytical_density,knn_k8,0.00444444444444,mean_probe_degree,1.73967661692,1.68492817164,1.79611038557,episode,50,50,2000
canonical_analytical_density,knn_k8,0.00444444444444,mean_radius,8,8,8,episode,50,50,2000
canonical_analytical_density,knn_k8,0.00444444444444,mean_radius_sq,64,64,64,episode,50,50,2000
canonical_analytical_density,knn_k8,0.00444444444444,control_energy,0.168052711018,0.141747283175,0.198368982002,episode,50,50,2000
canonical_analytical_density,knn_k8,0.00444444444444,final_largest_scc_fraction,0.73625,0.68375,0.7925,episode,50,50,2000
canonical_analytical_density,knn_k8,0.00756143667297,final_fragmentation,0.085,0.04371875,0.13375,episode,50,50,2000
canonical_analytical_density,knn_k8,0.00756143667297,mean_fragmentation,0.237425373134,0.19959965796,0.276195118159,episode,50,50,2000
canonical_analytical_density,knn_k8,0.00756143667297,polar_order,0.783466923336,0.735973558172,0.827882239528,episode,50,50,2000
canonical_analytical_density,knn_k8,0.00756143667297,mean_degree,2.29217661692,2.20441106965,2.38300497512,episode,50,50,2000
canonical_analytical_density,knn_k8,0.00756143667297,mean_probe_degree,2.29217661692,2.20677238806,2.37645677861,episode,50,50,2000
canonical_analytical_density,knn_k8,0.00756143667297,mean_radius,8,8,8,episode,50,50,2000
canonical_analytical_density,knn_k8,0.00756143667297,mean_radius_sq,64,64,64,episode,50,50,2000
canonical_analytical_density,knn_k8,0.00756143667297,control_energy,0.0612026519935,0.0492343939023,0.0740302336026,episode,50,50,2000
canonical_analytical_density,knn_k8,0.00756143667297,final_largest_scc_fraction,0.915,0.87,0.9575,episode,50,50,2000
canonical_analytical_density,knn_k8,0.0123456790123,final_fragmentation,0.015,0,0.03875,episode,50,50,2000
canonical_analytical_density,knn_k8,0.0123456790123,mean_fragmentation,0.0861131840796,0.0617403606965,0.11405130597,episode,50,50,2000
canonical_analytical_density,knn_k8,0.0123456790123,polar_order,0.905426765787,0.878850635323,0.930610767063,episode,50,50,2000
canonical_analytical_density,knn_k8,0.0123456790123,mean_degree,2.94337064677,2.82773631841,3.07627145522,episode,50,50,2000
canonical_analytical_density,knn_k8,0.0123456790123,mean_probe_degree,2.94337064677,2.81942661692,3.07182089552,episode,50,50,2000
canonical_analytical_density,knn_k8,0.0123456790123,mean_radius,8,8,8,episode,50,50,2000
canonical_analytical_density,knn_k8,0.0123456790123,mean_radius_sq,64,64,64,episode,50,50,2000
canonical_analytical_density,knn_k8,0.0123456790123,control_energy,0.0188412262959,0.0158574404736,0.022075951279,episode,50,50,2000
canonical_analytical_density,knn_k8,0.0123456790123,final_largest_scc_fraction,0.985,0.96125,1,episode,50,50,2000
canonical_analytical_density,knn_k8,0.0204081632653,final_fragmentation,0,0,0,episode,50,50,2000
canonical_analytical_density,knn_k8,0.0204081632653,mean_fragmentation,0.00482587064677,0.00134934701493,0.0108373756219,episode,50,50,2000
canonical_analytical_density,knn_k8,0.0204081632653,polar_order,0.975301733267,0.969156030565,0.980446713215,episode,50,50,2000
canonical_analytical_density,knn_k8,0.0204081632653,mean_degree,4.14805348259,3.99426321517,4.30606856343,episode,50,50,2000
canonical_analytical_density,knn_k8,0.0204081632653,mean_probe_degree,4.15518656716,4.00205503731,4.31173196517,episode,50,50,2000
canonical_analytical_density,knn_k8,0.0204081632653,mean_radius,8,8,8,episode,50,50,2000
canonical_analytical_density,knn_k8,0.0204081632653,mean_radius_sq,64,64,64,episode,50,50,2000
canonical_analytical_density,knn_k8,0.0204081632653,control_energy,0.00974816227611,0.00926151450476,0.010220272595,episode,50,50,2000
canonical_analytical_density,knn_k8,0.0204081632653,final_largest_scc_fraction,1,1,1,episode,50,50,2000
canonical_analytical_density,knn_k8,0.0330578512397,final_fragmentation,0,0,0,episode,50,50,2000
canonical_analytical_density,knn_k8,0.0330578512397,mean_fragmentation,0,0,0,episode,50,50,2000
canonical_analytical_density,knn_k8,0.0330578512397,polar_order,0.988736540375,0.986683430729,0.990349033681,episode,50,50,2000
canonical_analytical_density,knn_k8,0.0330578512397,mean_degree,6.11986940299,5.96237919776,6.26627021144,episode,50,50,2000
canonical_analytical_density,knn_k8,0.0330578512397,mean_probe_degree,6.32705223881,6.11821455224,6.51965080846,episode,50,50,2000
canonical_analytical_density,knn_k8,0.0330578512397,mean_radius,8,8,8,episode,50,50,2000
canonical_analytical_density,knn_k8,0.0330578512397,mean_radius_sq,64,64,64,episode,50,50,2000
canonical_analytical_density,knn_k8,0.0330578512397,control_energy,0.0086560058747,0.00830491055946,0.00900377732123,episode,50,50,2000
canonical_analytical_density,knn_k8,0.0330578512397,final_largest_scc_fraction,1,1,1,episode,50,50,2000
canonical_analytical_density,knn_k8,0.0493827160494,final_fragmentation,0,0,0,episode,50,50,2000
canonical_analytical_density,knn_k8,0.0493827160494,mean_fragmentation,0,0,0,episode,50,50,2000
canonical_analytical_density,knn_k8,0.0493827160494,polar_order,0.991008606652,0.989933480885,0.991916737077,episode,50,50,2000
canonical_analytical_density,knn_k8,0.0493827160494,mean_degree,7.74338308458,7.70700777363,7.78081809701,episode,50,50,2000
canonical_analytical_density,knn_k8,0.0493827160494,mean_probe_degree,9.30702736318,9.12382462687,9.51239054726,episode,50,50,2000
canonical_analytical_density,knn_k8,0.0493827160494,mean_radius,8,8,8,episode,50,50,2000
canonical_analytical_density,knn_k8,0.0493827160494,mean_radius_sq,64,64,64,episode,50,50,2000
canonical_analytical_density,knn_k8,0.0493827160494,control_energy,0.0085337117587,0.00816914769757,0.00890118502799,episode,50,50,2000
canonical_analytical_density,knn_k8,0.0493827160494,final_largest_scc_fraction,1,1,1,episode,50,50,2000
canonical_analytical_density,knn_k8,0.0816326530612,final_fragmentation,0,0,0,episode,50,50,2000
canonical_analytical_density,knn_k8,0.0816326530612,mean_fragmentation,0,0,0,episode,50,50,2000
canonical_analytical_density,knn_k8,0.0816326530612,polar_order,0.991451669005,0.99055997015,0.992288919186,episode,50,50,2000
canonical_analytical_density,knn_k8,0.0816326530612,mean_degree,8,8,8,episode,50,50,2000
canonical_analytical_density,knn_k8,0.0816326530612,mean_probe_degree,11.8223258706,11.6406691542,11.9865547264,episode,50,50,2000
canonical_analytical_density,knn_k8,0.0816326530612,mean_radius,7,7,7,episode,50,50,2000
canonical_analytical_density,knn_k8,0.0816326530612,mean_radius_sq,49,49,49,episode,50,50,2000
canonical_analytical_density,knn_k8,0.0816326530612,control_energy,0.00852165022228,0.00817438203351,0.00887168837398,episode,50,50,2000
canonical_analytical_density,knn_k8,0.0816326530612,final_largest_scc_fraction,1,1,1,episode,50,50,2000
formal_learned_density_ood,alf,0.0011,final_fragmentation,0.6975,0.67,0.72375,episode,50,50,2000
formal_learned_density_ood,alf,0.0011,polar_order,0.298053247606,0.255998725526,0.34191289041,episode,50,50,2000
formal_learned_density_ood,alf,0.0016,final_fragmentation,0.6,0.565,0.6325,episode,50,50,2000
formal_learned_density_ood,alf,0.0016,polar_order,0.354363991859,0.307584953803,0.403489296173,episode,50,50,2000
formal_learned_density_ood,alf,0.0025,final_fragmentation,0.45875,0.41625,0.5025,episode,50,50,2000
formal_learned_density_ood,alf,0.0025,polar_order,0.440109700469,0.389875829651,0.491372220107,episode,50,50,2000
formal_learned_density_ood,alf,0.0044,final_fragmentation,0.24625,0.19121875,0.30125,episode,50,50,2000
formal_learned_density_ood,alf,0.0044,polar_order,0.615043595424,0.569238302277,0.65933493252,episode,50,50,2000
formal_learned_density_ood,alf,0.0076,final_fragmentation,0.065,0.03125,0.105,episode,50,50,2000
formal_learned_density_ood,alf,0.0076,polar_order,0.780799791724,0.735246668854,0.824711190372,episode,50,50,2000
formal_learned_density_ood,alf,0.0123,final_fragmentation,0.0025,0,0.0075,episode,50,50,2000
formal_learned_density_ood,alf,0.0123,polar_order,0.904328979713,0.874341645889,0.929659456192,episode,50,50,2000
formal_learned_density_ood,alf,0.0204,final_fragmentation,0,0,0,episode,50,50,2000
formal_learned_density_ood,alf,0.0204,polar_order,0.9693110202,0.956216184768,0.979140439909,episode,50,50,2000
formal_learned_density_ood,alf,0.0331,final_fragmentation,0,0,0,episode,50,50,2000
formal_learned_density_ood,alf,0.0331,polar_order,0.986339926373,0.983481584333,0.98883518037,episode,50,50,2000
formal_learned_density_ood,alf,0.0494,final_fragmentation,0,0,0,episode,50,50,2000
formal_learned_density_ood,alf,0.0494,polar_order,0.98928656051,0.987398352509,0.990819847107,episode,50,50,2000
formal_learned_density_ood,alf,0.0816,final_fragmentation,0,0,0,episode,50,50,2000
formal_learned_density_ood,alf,0.0816,polar_order,0.990333277226,0.989004253642,0.991403874344,episode,50,50,2000
formal_learned_density_ood,analytical_fixed,0.0011,final_fragmentation,0.80125,0.78375,0.8175,episode,50,50,2000
formal_learned_density_ood,analytical_fixed,0.0011,polar_order,0.265116477789,0.228017041593,0.302279224547,episode,50,50,2000
formal_learned_density_ood,analytical_fixed,0.0016,final_fragmentation,0.75875,0.7375,0.77625,episode,50,50,2000
formal_learned_density_ood,analytical_fixed,0.0016,polar_order,0.28476992864,0.244618756244,0.328897157103,episode,50,50,2000
formal_learned_density_ood,analytical_fixed,0.0025,final_fragmentation,0.69375,0.66625,0.71875,episode,50,50,2000
formal_learned_density_ood,analytical_fixed,0.0025,polar_order,0.329409913102,0.286765322927,0.376977421283,episode,50,50,2000
formal_learned_density_ood,analytical_fixed,0.0044,final_fragmentation,0.57625,0.5425,0.6075,episode,50,50,2000
formal_learned_density_ood,analytical_fixed,0.0044,polar_order,0.3724437762,0.328000946863,0.416641114026,episode,50,50,2000
formal_learned_density_ood,analytical_fixed,0.0076,final_fragmentation,0.42125,0.37375,0.4675,episode,50,50,2000
formal_learned_density_ood,analytical_fixed,0.0076,polar_order,0.479347800483,0.428387385906,0.528860502252,episode,50,50,2000
formal_learned_density_ood,analytical_fixed,0.0123,final_fragmentation,0.265,0.21125,0.3225,episode,50,50,2000
formal_learned_density_ood,analytical_fixed,0.0123,polar_order,0.597805809722,0.541386447351,0.650319489684,episode,50,50,2000
formal_learned_density_ood,analytical_fixed,0.0204,final_fragmentation,0.11875,0.07496875,0.16628125,episode,50,50,2000
formal_learned_density_ood,analytical_fixed,0.0204,polar_order,0.770321449346,0.730215731341,0.8104433305,episode,50,50,2000
formal_learned_density_ood,analytical_fixed,0.0331,final_fragmentation,0.03375,0.0075,0.065,episode,50,50,2000
formal_learned_density_ood,analytical_fixed,0.0331,polar_order,0.860828081671,0.817963644369,0.894853892965,episode,50,50,2000
formal_learned_density_ood,analytical_fixed,0.0494,final_fragmentation,0,0,0,episode,50,50,2000
formal_learned_density_ood,analytical_fixed,0.0494,polar_order,0.935255760546,0.914558593393,0.952884774593,episode,50,50,2000
formal_learned_density_ood,analytical_fixed,0.0816,final_fragmentation,0,0,0,episode,50,50,2000
formal_learned_density_ood,analytical_fixed,0.0816,polar_order,0.979414083591,0.974837645334,0.983473815814,episode,50,50,2000
formal_learned_density_ood,sac_adaptive,0.0011,final_fragmentation,0.39275,0.18423125,0.59550625,policy_seed_then_episode,5,250,2000
formal_learned_density_ood,sac_adaptive,0.0011,polar_order,0.672289445178,0.572237023491,0.784439363791,policy_seed_then_episode,5,250,2000
formal_learned_density_ood,sac_adaptive,0.0016,final_fragmentation,0.3155,0.0972375,0.5360125,policy_seed_then_episode,5,250,2000
formal_learned_density_ood,sac_adaptive,0.0016,polar_order,0.677758948035,0.586437065127,0.787959919047,policy_seed_then_episode,5,250,2000
formal_learned_density_ood,sac_adaptive,0.0025,final_fragmentation,0.189,0.043425,0.35351875,policy_seed_then_episode,5,250,2000
formal_learned_density_ood,sac_adaptive,0.0025,polar_order,0.674833407146,0.577038836953,0.782994949858,policy_seed_then_episode,5,250,2000
formal_learned_density_ood,sac_adaptive,0.0044,final_fragmentation,0.14025,0.008,0.27975,policy_seed_then_episode,5,250,2000
formal_learned_density_ood,sac_adaptive,0.0044,polar_order,0.705784931304,0.610072010301,0.821975389868,policy_seed_then_episode,5,250,2000
formal_learned_density_ood,sac_adaptive,0.0076,final_fragmentation,0.14275,0.01725,0.28426875,policy_seed_then_episode,5,250,2000
formal_learned_density_ood,sac_adaptive,0.0076,polar_order,0.707593178214,0.559715145174,0.856775259199,policy_seed_then_episode,5,250,2000
formal_learned_density_ood,sac_adaptive,0.0123,final_fragmentation,0.15725,0.0264875,0.29378125,policy_seed_then_episode,5,250,2000
formal_learned_density_ood,sac_adaptive,0.0123,polar_order,0.705690138561,0.545605281762,0.866278368187,policy_seed_then_episode,5,250,2000
formal_learned_density_ood,sac_adaptive,0.0204,final_fragmentation,0.1325,0.0115,0.26776875,policy_seed_then_episode,5,250,2000
formal_learned_density_ood,sac_adaptive,0.0204,polar_order,0.711038931983,0.54650313103,0.878369697474,policy_seed_then_episode,5,250,2000
formal_learned_density_ood,sac_adaptive,0.0331,final_fragmentation,0.0985,0,0.23650625,policy_seed_then_episode,5,250,2000
formal_learned_density_ood,sac_adaptive,0.0331,polar_order,0.717829124994,0.552250919289,0.886599946407,policy_seed_then_episode,5,250,2000
formal_learned_density_ood,sac_adaptive,0.0494,final_fragmentation,0.07025,0.01325,0.16376875,policy_seed_then_episode,5,250,2000
formal_learned_density_ood,sac_adaptive,0.0494,polar_order,0.723469005604,0.548159935189,0.898399049525,policy_seed_then_episode,5,250,2000
formal_learned_density_ood,sac_adaptive,0.0816,final_fragmentation,0.0175,0.00524375,0.0315,policy_seed_then_episode,5,250,2000
formal_learned_density_ood,sac_adaptive,0.0816,polar_order,0.887504956536,0.77811125403,0.960248841034,policy_seed_then_episode,5,250,2000
formal_learned_density_ood,sac_adaptive_hysteresis,0.0011,final_fragmentation,0.5335,0.342975,0.6675125,policy_seed_then_episode,5,250,2000
formal_learned_density_ood,sac_adaptive_hysteresis,0.0011,polar_order,0.668668279701,0.506398280621,0.762231221317,policy_seed_then_episode,5,250,2000
formal_learned_density_ood,sac_adaptive_hysteresis,0.0016,final_fragmentation,0.45475,0.2985,0.60000625,policy_seed_then_episode,5,250,2000
formal_learned_density_ood,sac_adaptive_hysteresis,0.0016,polar_order,0.673394755197,0.508905234654,0.764729895114,policy_seed_then_episode,5,250,2000
formal_learned_density_ood,sac_adaptive_hysteresis,0.0025,final_fragmentation,0.34375,0.1864625,0.496775,policy_seed_then_episode,5,250,2000
formal_learned_density_ood,sac_adaptive_hysteresis,0.0025,polar_order,0.678000519656,0.506849390768,0.7831663652,policy_seed_then_episode,5,250,2000
formal_learned_density_ood,sac_adaptive_hysteresis,0.0044,final_fragmentation,0.20675,0.117,0.3145125,policy_seed_then_episode,5,250,2000
formal_learned_density_ood,sac_adaptive_hysteresis,0.0044,polar_order,0.750525046028,0.694530625302,0.817674226893,policy_seed_then_episode,5,250,2000
formal_learned_density_ood,sac_adaptive_hysteresis,0.0076,final_fragmentation,0.14325,0.05424375,0.26625,policy_seed_then_episode,5,250,2000
formal_learned_density_ood,sac_adaptive_hysteresis,0.0076,polar_order,0.794782149471,0.740921838368,0.860695987891,policy_seed_then_episode,5,250,2000
formal_learned_density_ood,sac_adaptive_hysteresis,0.0123,final_fragmentation,0.16925,0.072,0.28375,policy_seed_then_episode,5,250,2000
formal_learned_density_ood,sac_adaptive_hysteresis,0.0123,polar_order,0.822409686601,0.757323836995,0.886176517793,policy_seed_then_episode,5,250,2000
formal_learned_density_ood,sac_adaptive_hysteresis,0.0204,final_fragmentation,0.15425,0.05924375,0.26525625,policy_seed_then_episode,5,250,2000
formal_learned_density_ood,sac_adaptive_hysteresis,0.0204,polar_order,0.83458106264,0.755130825132,0.913365986341,policy_seed_then_episode,5,250,2000
formal_learned_density_ood,sac_adaptive_hysteresis,0.0331,final_fragmentation,0.1465,0.052475,0.26325625,policy_seed_then_episode,5,250,2000
formal_learned_density_ood,sac_adaptive_hysteresis,0.0331,polar_order,0.815712034725,0.695748284596,0.919207096414,policy_seed_then_episode,5,250,2000
formal_learned_density_ood,sac_adaptive_hysteresis,0.0494,final_fragmentation,0.0885,0.03549375,0.1505,policy_seed_then_episode,5,250,2000
formal_learned_density_ood,sac_adaptive_hysteresis,0.0494,polar_order,0.825375456848,0.720494229417,0.92542969015,policy_seed_then_episode,5,250,2000
formal_learned_density_ood,sac_adaptive_hysteresis,0.0816,final_fragmentation,0.116,0.0715,0.1675125,policy_seed_then_episode,5,250,2000
formal_learned_density_ood,sac_adaptive_hysteresis,0.0816,polar_order,0.938942708307,0.894621538298,0.964479631905,policy_seed_then_episode,5,250,2000
formal_learned_density_ood,sac_fixed,0.0011,final_fragmentation,0.86,0.826,0.89475,policy_seed_then_episode,5,250,2000
formal_learned_density_ood,sac_fixed,0.0011,polar_order,0.857135937954,0.804647334932,0.907786892414,policy_seed_then_episode,5,250,2000
formal_learned_density_ood,sac_fixed,0.0016,final_fragmentation,0.82075,0.74123125,0.8845,policy_seed_then_episode,5,250,2000
formal_learned_density_ood,sac_fixed,0.0016,polar_order,0.868318765724,0.797651075578,0.932155341234,policy_seed_then_episode,5,250,2000
formal_learned_density_ood,sac_fixed,0.0025,final_fragmentation,0.7465,0.5462375,0.875,policy_seed_then_episode,5,250,2000
formal_learned_density_ood,sac_fixed,0.0025,polar_order,0.870864013568,0.785724531959,0.941174721096,policy_seed_then_episode,5,250,2000
formal_learned_density_ood,sac_fixed,0.0044,final_fragmentation,0.66575,0.3367375,0.8755125,policy_seed_then_episode,5,250,2000
formal_learned_density_ood,sac_fixed,0.0044,polar_order,0.885989809411,0.79736982866,0.954985672741,policy_seed_then_episode,5,250,2000
formal_learned_density_ood,sac_fixed,0.0076,final_fragmentation,0.636,0.3025,0.85625625,policy_seed_then_episode,5,250,2000
formal_learned_density_ood,sac_fixed,0.0076,polar_order,0.888878135616,0.771413080031,0.963654532701,policy_seed_then_episode,5,250,2000
formal_learned_density_ood,sac_fixed,0.0123,final_fragmentation,0.61425,0.28623125,0.84750625,policy_seed_then_episode,5,250,2000
formal_learned_density_ood,sac_fixed,0.0123,polar_order,0.892150948052,0.757482743672,0.968446627982,policy_seed_then_episode,5,250,2000
formal_learned_density_ood,sac_fixed,0.0204,final_fragmentation,0.5555,0.25468125,0.78675625,policy_seed_then_episode,5,250,2000
formal_learned_density_ood,sac_fixed,0.0204,polar_order,0.895539441284,0.756794559966,0.971422295018,policy_seed_then_episode,5,250,2000
formal_learned_density_ood,sac_fixed,0.0331,final_fragmentation,0.46425,0.21073125,0.65425,policy_seed_then_episode,5,250,2000
formal_learned_density_ood,sac_fixed,0.0331,polar_order,0.900489623925,0.765925575067,0.972953892415,policy_seed_then_episode,5,250,2000
formal_learned_density_ood,sac_fixed,0.0494,final_fragmentation,0.34175,0.16049375,0.49300625,policy_seed_then_episode,5,250,2000
formal_learned_density_ood,sac_fixed,0.0494,polar_order,0.89806449656,0.756660626631,0.972796010915,policy_seed_then_episode,5,250,2000
formal_learned_density_ood,sac_fixed,0.0816,final_fragmentation,0.07675,0.02375,0.13125625,policy_seed_then_episode,5,250,2000
formal_learned_density_ood,sac_fixed,0.0816,polar_order,0.961566061719,0.953634832123,0.970468768402,policy_seed_then_episode,5,250,2000
