band,comparison,metric,paired_mean_difference,ci95_low,ci95_high,n_cells,n_bootstrap,bootstrap_unit
primary,maxR+retention - ALF,mean_sym_lambda2,0.9160856308530843,0.04983626586229088,2.04644228219661,5,2000,"cell-stratified, seed-paired"
primary,maxR+retention - ALF,final_sym_lambda2,0.9162485436102428,0.04616177286046519,2.0485184918502553,5,2000,"cell-stratified, seed-paired"
primary,maxR+retention - ALF,mean_min_in_degree,1.5568358208955224,0.20901492537313432,3.1865870646766172,5,2000,"cell-stratified, seed-paired"
primary,maxR+retention - ALF,final_min_in_degree,1.56,0.21200000000000002,3.2079999999999997,5,2000,"cell-stratified, seed-paired"
primary,maxR+retention - ALF,mean_n_scc,-0.033711442786069655,-0.0680995024875622,-0.009432835820895522,5,2000,"cell-stratified, seed-paired"
primary,Local-KNN - ALF,mean_sym_lambda2,-0.301916515081505,-0.8220527354096646,0.08674094345225489,5,2000,"cell-stratified, seed-paired"
primary,Local-KNN - ALF,final_sym_lambda2,-0.3021712371628082,-0.8208611874534416,0.08802957859929962,5,2000,"cell-stratified, seed-paired"
primary,Local-KNN - ALF,mean_min_in_degree,-0.3272636815920398,-0.7008159203980099,0.03010945273631841,5,2000,"cell-stratified, seed-paired"
primary,Local-KNN - ALF,final_min_in_degree,-0.336,-0.704,0.012,5,2000,"cell-stratified, seed-paired"
primary,Local-KNN - ALF,mean_n_scc,-0.028318407960199004,-0.08238805970149253,0.0059502487562188965,5,2000,"cell-stratified, seed-paired"
primary,CRDF - ALF,mean_sym_lambda2,-1.1606531442817505,-2.0006272233524225,-0.32067906521107825,5,2000,"cell-stratified, seed-paired"
primary,CRDF - ALF,final_sym_lambda2,-1.182188580213633,-2.0405217263006126,-0.35257911397026465,5,2000,"cell-stratified, seed-paired"
primary,CRDF - ALF,mean_min_in_degree,-1.1665273631840796,-1.6206368159203979,-0.7424477611940299,5,2000,"cell-stratified, seed-paired"
primary,CRDF - ALF,final_min_in_degree,-1.212,-1.656,-0.796,5,2000,"cell-stratified, seed-paired"
primary,CRDF - ALF,mean_n_scc,0.5219900497512439,0.10919402985074626,0.9347860696517414,5,2000,"cell-stratified, seed-paired"
primary,CRMF - ALF,mean_sym_lambda2,-0.09996587522902979,-0.290791978341378,0.03274885714899934,5,2000,"cell-stratified, seed-paired"
primary,CRMF - ALF,final_sym_lambda2,-0.09731428707590167,-0.28902914496497545,0.03516095760808723,5,2000,"cell-stratified, seed-paired"
primary,CRMF - ALF,mean_min_in_degree,-0.0937512437810945,-0.30847761194029844,0.09472636815920397,5,2000,"cell-stratified, seed-paired"
primary,CRMF - ALF,final_min_in_degree,-0.092,-0.312,0.1,5,2000,"cell-stratified, seed-paired"
primary,CRMF - ALF,mean_n_scc,-0.013950248756218905,-0.0450547263681592,0.009472636815920397,5,2000,"cell-stratified, seed-paired"
tuned,maxR+retention - ALF,mean_sym_lambda2,1.5307797159100005,0.2586591186245302,2.955829488708955,3,2000,"cell-stratified, seed-paired"
tuned,maxR+retention - ALF,final_sym_lambda2,1.5344672057772468,0.26377420944781754,2.9598603638576986,3,2000,"cell-stratified, seed-paired"
tuned,maxR+retention - ALF,mean_min_in_degree,2.538606965174129,0.7083582089552238,4.487164179104478,3,2000,"cell-stratified, seed-paired"
tuned,maxR+retention - ALF,final_min_in_degree,2.54,0.6999999999999998,4.5,3,2000,"cell-stratified, seed-paired"
tuned,maxR+retention - ALF,mean_n_scc,-0.011011608623548922,-0.01890547263681592,0.0,3,2000,"cell-stratified, seed-paired"
tuned,Local-KNN - ALF,mean_sym_lambda2,-0.5217144692133859,-1.211614770309343,0.1666782046060404,3,2000,"cell-stratified, seed-paired"
tuned,Local-KNN - ALF,final_sym_lambda2,-0.521581470170906,-1.2111154150422636,0.16786345498926156,3,2000,"cell-stratified, seed-paired"
tuned,Local-KNN - ALF,mean_min_in_degree,-0.5722719734660032,-0.8936318407960199,-0.010447761194029846,3,2000,"cell-stratified, seed-paired"
tuned,Local-KNN - ALF,final_min_in_degree,-0.5733333333333334,-0.9,-0.02,3,2000,"cell-stratified, seed-paired"
tuned,Local-KNN - ALF,mean_n_scc,-0.010215588723051406,-0.018706467661691536,0.00019900497512438165,3,2000,"cell-stratified, seed-paired"
tuned,CRDF - ALF,mean_sym_lambda2,-1.8441600705463437,-2.308924866218167,-1.0618243065159498,3,2000,"cell-stratified, seed-paired"
tuned,CRDF - ALF,final_sym_lambda2,-1.879413038490447,-2.3573258686952743,-1.0738695994396188,3,2000,"cell-stratified, seed-paired"
tuned,CRDF - ALF,mean_min_in_degree,-1.5257711442786068,-2.0152238805970146,-1.2015920398009952,3,2000,"cell-stratified, seed-paired"
tuned,CRDF - ALF,final_min_in_degree,-1.5599999999999998,-2.06,-1.22,3,2000,"cell-stratified, seed-paired"
tuned,CRDF - ALF,mean_n_scc,0.13529021558872306,0.03870646766169154,0.265771144278607,3,2000,"cell-stratified, seed-paired"
tuned,CRMF - ALF,mean_sym_lambda2,-0.16620905278777698,-0.4776663666717795,0.08273118763368441,3,2000,"cell-stratified, seed-paired"
tuned,CRMF - ALF,final_sym_lambda2,-0.15938304836334932,-0.4788520898067685,0.09127504570780375,3,2000,"cell-stratified, seed-paired"
tuned,CRMF - ALF,mean_min_in_degree,-0.19263681592039797,-0.43303482587064673,0.15691542288557214,3,2000,"cell-stratified, seed-paired"
tuned,CRMF - ALF,final_min_in_degree,-0.19333333333333333,-0.44,0.16,3,2000,"cell-stratified, seed-paired"
tuned,CRMF - ALF,mean_n_scc,-0.004145936981757877,-0.01890547263681592,0.006467661691542288,3,2000,"cell-stratified, seed-paired"
all,maxR+retention - ALF,mean_sym_lambda2,0.654334021856988,0.03168249118305705,1.4719951909795839,7,2000,"cell-stratified, seed-paired"
all,maxR+retention - ALF,final_sym_lambda2,0.6548973949747378,0.025702126412908637,1.540233868213872,7,2000,"cell-stratified, seed-paired"
all,maxR+retention - ALF,mean_min_in_degree,1.1166027007818053,0.13323312011371713,2.3846929637526655,7,2000,"cell-stratified, seed-paired"
all,maxR+retention - ALF,final_min_in_degree,1.1199999999999999,0.13428571428571429,2.4285714285714284,7,2000,"cell-stratified, seed-paired"
all,maxR+retention - ALF,mean_n_scc,-0.031016346837242362,-0.05741613361762617,-0.009748400852878484,7,2000,"cell-stratified, seed-paired"
all,Local-KNN - ALF,mean_sym_lambda2,-0.21677461583393262,-0.5914191311297953,0.05660646886228688,7,2000,"cell-stratified, seed-paired"
all,Local-KNN - ALF,final_sym_lambda2,-0.21828816440282736,-0.5864621601448818,0.052622266264303504,7,2000,"cell-stratified, seed-paired"
all,Local-KNN - ALF,mean_min_in_degree,-0.2342572850035536,-0.5025870646766168,0.025245202558635393,7,2000,"cell-stratified, seed-paired"
all,Local-KNN - ALF,final_min_in_degree,-0.24571428571428572,-0.5828571428571429,0.014285714285714282,7,2000,"cell-stratified, seed-paired"
all,Local-KNN - ALF,mean_n_scc,-0.039687277896233115,-0.078317697228145,-0.007981165600568631,7,2000,"cell-stratified, seed-paired"
all,CRDF - ALF,mean_sym_lambda2,-0.830129544685401,-1.5814097076957319,-0.17501050747126853,7,2000,"cell-stratified, seed-paired"
all,CRDF - ALF,final_sym_lambda2,-0.8469796632346981,-1.590790528664832,-0.19215901860441936,7,2000,"cell-stratified, seed-paired"
all,CRDF - ALF,mean_min_in_degree,-0.9324804548685145,-1.3783511016346837,-0.5494811656005686,7,2000,"cell-stratified, seed-paired"
all,CRDF - ALF,final_min_in_degree,-1.0114285714285713,-1.4372857142857145,-0.6399285714285718,7,2000,"cell-stratified, seed-paired"
all,CRDF - ALF,mean_n_scc,0.7169438521677328,0.30717839374555794,1.1219900497512438,7,2000,"cell-stratified, seed-paired"
all,CRMF - ALF,mean_sym_lambda2,-0.07129481650605339,-0.21958990497945452,0.023650374923927856,7,2000,"cell-stratified, seed-paired"
all,CRMF - ALF,final_sym_lambda2,-0.06913966578340558,-0.21779723765257558,0.0260782147715377,7,2000,"cell-stratified, seed-paired"
all,CRMF - ALF,mean_min_in_degree,-0.06264392324093816,-0.22887029140014215,0.06500213219616191,7,2000,"cell-stratified, seed-paired"
all,CRMF - ALF,final_min_in_degree,-0.06285714285714286,-0.2285714285714286,0.07428571428571429,7,2000,"cell-stratified, seed-paired"
all,CRMF - ALF,mean_n_scc,-0.017754086709310588,-0.039829424307036246,0.002219260838663814,7,2000,"cell-stratified, seed-paired"
