control_energy_bootstrap_ci95_high,control_energy_bootstrap_ci95_low,control_energy_ci95_high,control_energy_ci95_low,control_energy_mean,control_energy_std,density,final_fragmentation_bootstrap_ci95_high,final_fragmentation_bootstrap_ci95_low,final_fragmentation_ci95_high,final_fragmentation_ci95_low,final_fragmentation_mean,final_fragmentation_std,final_largest_scc_fraction_bootstrap_ci95_high,final_largest_scc_fraction_bootstrap_ci95_low,final_largest_scc_fraction_ci95_high,final_largest_scc_fraction_ci95_low,final_largest_scc_fraction_mean,final_largest_scc_fraction_std,half_width,mean_degree_bootstrap_ci95_high,mean_degree_bootstrap_ci95_low,mean_degree_ci95_high,mean_degree_ci95_low,mean_degree_error_bootstrap_ci95_high,mean_degree_error_bootstrap_ci95_low,mean_degree_error_ci95_high,mean_degree_error_ci95_low,mean_degree_error_mean,mean_degree_error_sq_bootstrap_ci95_high,mean_degree_error_sq_bootstrap_ci95_low,mean_degree_error_sq_ci95_high,mean_degree_error_sq_ci95_low,mean_degree_error_sq_mean,mean_degree_error_sq_std,mean_degree_error_std,mean_degree_mean,mean_degree_std,mean_fragmentation_bootstrap_ci95_high,mean_fragmentation_bootstrap_ci95_low,mean_fragmentation_ci95_high,mean_fragmentation_ci95_low,mean_fragmentation_mean,mean_fragmentation_std,mean_interaction_area_bootstrap_ci95_high,mean_interaction_area_bootstrap_ci95_low,mean_interaction_area_ci95_high,mean_interaction_area_ci95_low,mean_interaction_area_mean,mean_interaction_area_std,mean_largest_scc_fraction_bootstrap_ci95_high,mean_largest_scc_fraction_bootstrap_ci95_low,mean_largest_scc_fraction_ci95_high,mean_largest_scc_fraction_ci95_low,mean_largest_scc_fraction_mean,mean_largest_scc_fraction_std,mean_radius_bootstrap_ci95_high,mean_radius_bootstrap_ci95_low,mean_radius_ci95_high,mean_radius_ci95_low,mean_radius_mean,mean_radius_std,method,method_label,n_seeds,neighbor_loss_rate_bootstrap_ci95_high,neighbor_loss_rate_bootstrap_ci95_low,neighbor_loss_rate_ci95_high,neighbor_loss_rate_ci95_low,neighbor_loss_rate_mean,neighbor_loss_rate_std,polar_order_bootstrap_ci95_high,polar_order_bootstrap_ci95_low,polar_order_ci95_high,polar_order_ci95_low,polar_order_mean,polar_order_std,radius_command_temporal_variation_bootstrap_ci95_high,radius_command_temporal_variation_bootstrap_ci95_low,radius_command_temporal_variation_ci95_high,radius_command_temporal_variation_ci95_low,radius_command_temporal_variation_mean,radius_command_temporal_variation_std,radius_max_saturation_fraction_bootstrap_ci95_high,radius_max_saturation_fraction_bootstrap_ci95_low,radius_max_saturation_fraction_ci95_high,radius_max_saturation_fraction_ci95_low,radius_max_saturation_fraction_mean,radius_max_saturation_fraction_std,radius_min_saturation_fraction_bootstrap_ci95_high,radius_min_saturation_fraction_bootstrap_ci95_low,radius_min_saturation_fraction_ci95_high,radius_min_saturation_fraction_ci95_low,radius_min_saturation_fraction_mean,radius_min_saturation_fraction_std,radius_oscillation_frequency_bootstrap_ci95_high,radius_oscillation_frequency_bootstrap_ci95_low,radius_oscillation_frequency_ci95_high,radius_oscillation_frequency_ci95_low,radius_oscillation_frequency_mean,radius_oscillation_frequency_std,radius_temporal_variation_bootstrap_ci95_high,radius_temporal_variation_bootstrap_ci95_low,radius_temporal_variation_ci95_high,radius_temporal_variation_ci95_low,radius_temporal_variation_mean,radius_temporal_variation_std,velocity_dispersion_bootstrap_ci95_high,velocity_dispersion_bootstrap_ci95_low,velocity_dispersion_ci95_high,velocity_dispersion_ci95_low,velocity_dispersion_mean,velocity_dispersion_std
0.008933683486674431,0.008244667838645801,0.008952616600388956,0.008231211793164358,0.008591914196776657,0.0013013016101252224,0.08163265306122448,0.0,0.0,0.0,0.0,0.0,0.0,1.0,1.0,1.0,1.0,1.0,0.0,7.0,7.43525342039801,7.1103692475124385,7.425219932650803,7.105364644463625,2.368252487562189,2.139712997512438,2.3726385610481153,2.138704722533974,2.2556716417910447,7.577133395522388,6.507917288557214,7.555823011182509,6.498579973892118,7.027201492537314,1.9071013291589232,0.4219801111284389,7.265292288557214,0.5769689879477824,0.0,0.0,0.0,0.0,0.0,0.0,89.59271366762246,84.18554745678857,89.70151445423849,84.19730322395921,86.94940883909885,9.928737464320502,1.0,1.0,1.0,1.0,1.0,0.0,5.253494966931714,5.078328038837955,5.25326149052605,5.080219147146396,5.166740318836223,0.31214136335756254,alf,ALF,50,0.00366875,0.0029,0.00367246934868173,0.0028650306513182708,0.0032687500000000004,0.001456493311985037,0.9914303604373013,0.9890216988782355,0.9915141112499211,0.9891524431697241,0.9903332772098226,0.004260080393926319,0.0028568521617344383,0.0024080938214300447,0.002864628680938285,0.002392104514572285,0.002628366597755285,0.0008523598018161197,0.15061582711442786,0.10957571517412937,0.15124454106454224,0.11002411565187567,0.13063432835820896,0.07435521003237455,0.0,0.0,0.0,0.0,0.0,0.0,0.0006375,0.00039375,0.0006408121194587635,0.0003841878805412364,0.0005124999999999999,0.00046291004988627575,0.0023660478164210293,0.001975157762682315,0.002363533259750766,0.001971547624547037,0.0021675404421489016,0.0007070808693374307,0.004085001231229923,0.0036104635550412234,0.0040821439412931666,0.003600142213935505,0.0038411430776143355,0.0008694558417301832
0.008996349752824177,0.008269140241589286,0.008994175370635479,0.008270941132154085,0.008632558251394782,0.0013046016184093954,0.04938271604938271,0.0,0.0,0.0,0.0,0.0,0.0,1.0,0.98125,1.006,0.9815,0.99375,0.04419417382415922,9.0,6.99128125,6.685403140547264,6.980764912604763,6.677506231673843,3.7263582089552236,3.4548230721393036,3.7292802667801066,3.46467495710049,3.5969776119402983,15.559472014925372,13.929572139303481,15.550424176693491,13.86955094768462,14.709987562189056,3.032032802416077,0.4773066551337328,6.829135572139303,0.5470313003569921,0.0,0.0,0.0,0.0,0.0,0.0,140.37518303770074,131.45708122461687,140.20236223515363,131.52114144116322,135.86175183815843,15.65956656226602,1.0,0.982276119402985,1.0056716417910447,0.9825124378109453,0.994092039800995,0.04177558719696643,6.5706099582211674,6.354286607633591,6.575491216589362,6.351081945906603,6.463286581247982,0.4047992782165982,alf,ALF,50,0.0032124999999999996,0.00248125,0.003229245632802805,0.0024707543671971953,0.00285,0.001368199789235953,0.9908007668554597,0.9874015705177851,0.9910331720041958,0.9875399490734127,0.9892865605388043,0.006301228628962097,0.0029335151092229838,0.0022997878931822016,0.002946288311369389,0.0022905857908046457,0.0026184370510870174,0.0011827849457460243,0.23568034825870646,0.17909001865671642,0.23577836597313942,0.1780524797980049,0.20691542288557216,0.1041284835827561,0.0,0.0,0.0,0.0,0.0,0.0,0.000375,0.00016875,0.0003694649475295529,0.0001555350524704471,0.0002625,0.00038589612116025554,0.0024137773926723592,0.0019303323691393503,0.0024188950427829125,0.001935803465237236,0.002177349254010074,0.0008714217612669765,0.004191967355062825,0.0036917572606580172,0.004189267389369026,0.0036803009436376754,0.00393478416650335,0.000918095982584318
0.00906719526716077,0.008426223732763997,0.009062097168318337,0.008409122725405112,0.008735609946861725,0.0011778639197077751,0.03305785123966942,0.0,0.0,0.0,0.0,0.0,0.0,1.0,0.98875,1.0036,0.9889,0.99625,0.026516504294495532,11.0,5.573770055970148,5.308154228855722,5.575178745728701,5.309249114967816,4.5125065298507465,4.299463930348258,4.517348217224882,4.29630849919303,4.406828358208956,21.535896766169152,19.786206156716418,21.57262819984678,19.83018274542685,20.701405472636814,3.1430994812959363,0.3987211314588888,5.442213930348259,0.4796955235445327,0.0,0.0,0.0,0.0,0.0,0.0,168.8259106567134,160.444254803186,168.76468541629643,160.46888966029334,164.6167875382949,14.964319985735631,1.0,0.9912002487562189,1.0028054855715212,0.9913238676623097,0.9970646766169154,0.020711045618868055,7.268851398230851,7.073430846295132,7.269547505848005,7.06979170837883,7.169669607113417,0.3603282626831128,alf,ALF,50,0.00235625,0.0017125,0.0023687265086009875,0.001706273491399013,0.0020375000000000002,0.0011949617874515435,0.9887183435023572,0.983536316927821,0.9889982547356566,0.9836815978930704,0.9863399263143635,0.00959041863937391,0.002405858246593588,0.0016925899104321374,0.0024033373362878432,0.0016783375834252955,0.0020408374598565693,0.001307786330631833,0.4846400808457711,0.39435867537313435,0.48550764946238445,0.39640777342318767,0.44095771144278606,0.16072226160764505,0.0,0.0,0.0,0.0,0.0,0.0,0.00044374999999999997,0.00014375,0.00043406218047001364,0.00012843781952998645,0.00028125000000000003,0.0005512986176441281,0.001881579230737097,0.0013913358459137384,0.0018747121623877358,0.0013837053780898136,0.0016292087702387747,0.0008856995581266866,0.00447758185816134,0.00392960942321406,0.004489293158097949,0.003915848633339347,0.004202570895718648,0.001034404367579349
0.010298884930536815,0.009355532809703667,0.010293523940630489,0.009347398360620238,0.009820461150625364,0.0017066627894880186,0.02040816326530612,0.0,0.0,0.0,0.0,0.0,0.0,1.0,0.98625,1.0027,0.9873,0.995,0.027779194975185797,14.0,4.088837375621891,3.833337064676617,4.085216612999385,3.8224575163538486,5.157482898009952,4.987838619402985,5.162335419181377,4.986619804699219,5.074477611940298,27.40795957711443,25.82922356965174,27.426489372756635,25.82060017948217,26.623544776119402,2.896773312241248,0.31696352694054797,3.953837064676617,0.47397637514415913,0.003004197761194027,0.0007151741293532339,0.002930228558266477,0.0005523585064101397,0.0017412935323383083,0.004289306220530672,188.28978417141127,182.44964614810627,188.33092828268673,182.49189355817595,185.41141092043134,10.532706758380852,0.9976559390547264,0.9832078669154227,0.9996121886668868,0.9844549755122177,0.9920335820895523,0.027341245422337904,7.718633288619544,7.579040775495911,7.7195198085095775,7.58491873776296,7.652219273136269,0.24279931091812038,alf,ALF,50,0.00149375,0.0010375,0.0014920068927942512,0.0010204931072057492,0.0012562500000000002,0.0008505372326851268,0.9792011481210845,0.9555287992848115,0.9815924627674665,0.9570295774069476,0.969311020087207,0.04430760919370075,0.0011669270923146025,0.0006639309408836326,0.0011725585890233756,0.0006472871299508371,0.0009099228594871063,0.0009475076802906739,0.7533813743781094,0.6683137437810945,0.7552721785631418,0.6713571746706892,0.7133146766169155,0.1513695619786959,0.0,0.0,0.0,0.0,0.0,0.0,0.00023125,6.25e-05,0.00021988021607157875,5.511978392842127e-05,0.0001375,0.00029720208887666497,0.0008671219624824955,0.00046993752590467156,0.0008521984119470352,0.0004666455808927224,0.0006594219964198788,0.0006954770952657547,0.006730762913699203,0.005302520547057609,0.006668965668662262,0.005238293975377237,0.005953629822019749,0.002580708306054799
0.020561589494077957,0.015186996294814513,0.020410810738759506,0.014834811788139238,0.017622811263449372,0.010058231300695573,0.012345679012345678,0.0075,0.0,0.0074,-0.0024,0.0025,0.017677669529663688,0.9975,0.95,1.0016880135604393,0.9533119864395606,0.9775,0.0872627980205044,18.0,2.9810082400497513,2.76189598880597,2.9842080820733163,2.7596476393197187,5.481537935323383,5.348847947761193,5.479724491353933,5.347489438994327,5.41360696517413,30.450568097014926,29.16914116915423,30.50568511941593,29.183817368146258,29.844751243781094,2.3844429866188697,0.2385313832500906,2.8719278606965175,0.4050719690237818,0.1113994092039801,0.05750481965174129,0.10990177506883919,0.057337030901310065,0.08361940298507463,0.094818589418867,195.89271959427188,192.57383516003458,196.00247718723602,192.58196814265187,194.29222266494395,6.170064134018846,0.9289521144278606,0.8653837064676617,0.9306569878041985,0.8658106738873438,0.8982338308457711,0.11697262322846808,7.890941630457569,7.816522866708662,7.891233904107815,7.81550721844608,7.8533705612769475,0.13659911466376257,alf,ALF,50,0.0009875,0.00064375,0.0009909656829757475,0.0006340343170242526,0.0008125000000000001,0.000643848442047141,0.9303226918511757,0.8756340101261572,0.9319210251413241,0.8767369361847912,0.9043289806630577,0.09954347835399527,0.00040397508002231944,0.00015528680693403422,0.00039935275494549745,0.0001490176431079129,0.0002741851990267052,0.00045156544680981844,0.8926990049751243,0.8376242226368159,0.8941845062852187,0.8387010658540848,0.8664427860696517,0.10008346166432326,0.0,0.0,0.0,0.0,0.0,0.0,9.375e-05,1.875e-05,9.05154291597658e-05,9.484570840234212e-06,5e-05,0.0001461670137834366,0.0003758610939133058,0.0001466563606419719,0.00037252757877979833,0.00013969427553921237,0.00025611092715950535,0.00041999491736602573,0.016818240738032092,0.012952507843303979,0.01676920592153384,0.01283487867383176,0.0148020422976828,0.007096911929227415
0.07310739342257913,0.046838003873714756,0.07317316387302675,0.045903730144057533,0.05953844700854214,0.0491897997675288,0.007561436672967864,0.10625,0.02875,0.10252679043030458,0.02747320956969542,0.065,0.13538493872160617,0.97125,0.89625,0.9725267904303047,0.8974732095696955,0.935,0.13538493872160617,23.0,2.379292599502487,2.1993746890547263,2.3825389846183787,2.1973863885159495,5.688273631840796,5.595683457711443,5.691056083936448,5.594217547904349,5.642636815920398,32.62725621890547,31.66501119402985,32.660614221455226,31.654112146703987,32.15736318407961,1.8155725569768668,0.17468159568488473,2.289962686567164,0.3339863680059222,0.28009499378109454,0.19839490049751243,0.2783580595070083,0.19679119422433497,0.23757462686567163,0.14713388663649973,199.9108618871018,197.91233610835988,200.01406911710865,197.9447518194586,198.97941046828362,3.732725238762712,0.7995273631840794,0.7195362251243781,0.8005561461824259,0.7182746995887185,0.7594154228855722,0.14842287972512572,7.975471421547394,7.930859687040634,7.977805481026692,7.932465074172946,7.955135277599819,0.08178701313275763,alf,ALF,50,0.0006687500000000001,0.0003625,0.0006646129139034768,0.0003478870860965233,0.0005062500000000001,0.0005713239301510705,0.8258182421881153,0.7340591629620449,0.8276628419787992,0.733936742226112,0.7807997921024556,0.1690672467073775,0.00017416697508022984,4.019237886466843e-05,0.0001708565210673148,3.259977589426026e-05,0.00010172814848078753,0.00024939357667512073,0.9735537935323383,0.9367638370646766,0.9746675227093157,0.9370364573901867,0.9558519900497512,0.06788056497558667,0.0,0.0,0.0,0.0,0.0,0.0,5.625e-05,0.0,5.5499999999999994e-05,-1.7999999999999994e-05,1.875e-05,0.00013258252147247765,0.00013101746653028363,3.349364790288877e-05,0.00012576743346575867,2.921685120489731e-05,7.749214233532798e-05,0.00017416217205144043,0.049372617645576204,0.0377127982076639,0.04913578704137479,0.037551552420304,0.0433436697308394,0.02089615014136513
0.19401247469734323,0.13482480649104636,0.19214050514731829,0.13254520761234917,0.16234285637983373,0.10750060972909847,0.0044444444444444444,0.3,0.19125,0.30130245226145697,0.19119754773854303,0.24625,0.19861205262767814,0.8075,0.69875,0.808802452261457,0.6986975477385431,0.75375,0.19861205262767814,30.0,1.8038341106965174,1.697466262437811,1.8039895207365007,1.6925278921988225,5.825064054726368,5.7405509950248765,5.8266441816530925,5.741863281033474,5.784253731343283,34.12831467661692,33.234730721393035,34.118638791806056,33.22636120819394,33.6725,1.60952941345121,0.15293150444702694,1.7482587064676616,0.20105937087012327,0.4809208644278607,0.413525342039801,0.482785391498741,0.41368227019280135,0.4482338308457712,0.12465123897088398,200.7109457010679,199.20046957136842,200.7639473621236,199.22467592119352,199.99431164165856,2.7766052907358083,0.5840275186567164,0.5176366604477612,0.5858757787423394,0.5168978530984567,0.5513868159203981,0.12442540554839525,7.99199203674373,7.959069110427042,7.99368366301859,7.9603575672136095,7.9770206151161,0.060115072281056926,alf,ALF,50,0.00035000000000000005,0.00015,0.00034770942718195406,0.000139790572818046,0.00024375000000000002,0.00037505314249300397,0.6616773269017001,0.5686845527793061,0.6619171693455955,0.5681700153839774,0.6150435923647865,0.1691052252122436,0.0001042225511190205,6.69872981077807e-06,9.97082094284084e-05,-3.43158943928246e-06,4.813830999456297e-05,0.00018604808976928778,0.9925001554726369,0.9648132773631841,0.993929955480334,0.965336213673895,0.9796330845771145,0.05157864472150609,0.0,0.0,0.0,0.0,0.0,0.0,0.0,0.0,0.0,0.0,0.0,0.0,0.00010425372944485007,6.698703104794656e-06,9.970817071702453e-05,-3.431604504525492e-06,4.813828310624952e-05,0.00018604804711534254,0.1281665304407606,0.1042694304990611,0.12700996664808023,0.1035845764978338,0.11529727157295701,0.04225574547749949
0.00894438327263906,0.008213753206906631,0.008944543785503679,0.0082257647351539,0.008585154260328789,0.0012965651547886653,0.08163265306122448,0.0,0.0,0.0,0.0,0.0,0.0,1.0,0.98625,1.0027,0.9873,0.995,0.027779194975185797,7.0,5.6584530472636825,5.464774409203979,5.6561195138498634,5.463221282170038,1.2694009639303483,1.1579643967661692,1.2763620240604499,1.158389219720645,1.2173756218905474,2.3265071517412936,2.0470472636815917,2.3271739133554585,2.047502703559964,2.1873383084577114,0.5044831860944893,0.21280451516395388,5.559670398009951,0.3479582849482086,0.0,0.0,0.0,0.0,0.0,0.0,65.65449242989662,63.660408789409736,65.67038328564595,63.61989286390904,64.64513807477749,3.6987644948169285,1.0,0.9864987562189055,1.0026970584537147,0.9875143843323548,0.9951057213930348,0.02738717302999753,4.550829530844117,4.476666373056275,4.55107129402564,4.476743812707792,4.513907553366716,0.13407516854175164,crdf,Current-radius feedback,50,0.008287656249999999,0.00705,0.008292008677149793,0.006995491322850207,0.00764375,0.0023387148294675493,0.9909768631435151,0.988211232568479,0.9911163154207802,0.9883749079875145,0.9897456117041473,0.004945070882799264,0.16912302068540205,0.1356268512382796,0.16875076497433422,0.13543459382174783,0.15209267939804103,0.06009716975807522,0.0010760261194029844,0.00083955223880597,0.0010866612538020053,0.0008287616317701339,0.0009577114427860696,0.0004652106418474075,0.0,0.0,0.0,0.0,0.0,0.0,0.28975203124999993,0.23413625,0.28870888847651505,0.23445361152348493,0.26158125,0.09786804655265764,0.014584572409159051,0.012313574851303534,0.014583356595672751,0.012324586545849796,0.013453971570761274,0.0040744684167624695,0.0041133186014381835,0.003632843886439911,0.004109584463812835,0.0036248931623918024,0.0038672388131023184,0.0008743074133085325
0.008988832802808485,0.008276057031284687,0.008994990845578449,0.00827162600977309,0.008633308427675769,0.0013048371955863868,0.04938271604938271,0.0,0.0,0.0,0.0,0.0,0.0,0.9975,0.98,0.9994952619763754,0.9805047380236246,0.99,0.03425593945223371,9.0,4.514439832089552,4.374742226368159,4.5180204466508656,4.372850200115304,2.2137506218905467,2.064188743781094,2.2147941672883,2.0667232456470233,2.1407587064676616,5.6803801305970145,5.175320429104477,5.6749465707970685,5.159506165521339,5.417226368159204,0.9297739945612497,0.26709681833951215,4.445435323383085,0.2618644534485186,0.0,0.0,0.0,0.0,0.0,0.0,85.88660052784167,83.10523096768844,85.92857976297728,83.06534589347538,84.49696282822633,5.164826748081093,0.9975621890547264,0.9789490049751244,0.9985190927318195,0.9794784197059914,0.9889987562189054,0.03434640054826256,5.194183851213156,5.10233072160302,5.195747664710528,5.104520966771294,5.150134315740911,0.16455871616859682,crdf,Current-radius feedback,50,0.01090015625,0.0094625,0.010886748902352509,0.009463251097647491,0.010175,0.0025677677314058177,0.9897572213616562,0.9845271221401538,0.9899276375506806,0.9848145688144908,0.9873711031825857,0.009223177489879332,0.24965773154961626,0.21067467103814777,0.2501561385527813,0.21004690703155116,0.23010152279216622,0.072350789787865,0.0015236318407960197,0.0011940298507462687,0.0015270066236646876,0.0011844361624049641,0.0013557213930348259,0.0006179436127320256,0.0,0.0,0.0,0.0,0.0,0.0,0.28609609374999995,0.24327265625000002,0.2862520689611589,0.24362293103884106,0.2649375,0.07689630740052954,0.023477966162242812,0.020473951471392318,0.023392188374767628,0.02043855902186146,0.021915373698314543,0.005327886083039763,0.004287475519639702,0.0037717541526475196,0.0042904793707395,0.0037648938631147173,0.004027686616927108,0.0009480741748338195
0.009087511338314865,0.008444274993523288,0.009091732083889872,0.008436426272656915,0.008764079178273394,0.0011820693440657527,0.03305785123966942,0.0,0.0,0.0,0.0,0.0,0.0,0.98625,0.94125,0.9892570098013628,0.9432429901986373,0.96625,0.083002105333515,11.0,3.7758429726368163,3.626571517412935,3.7726292803241277,3.6228309186808474,2.881237717661692,2.755084732587065,2.885561475489832,2.7523614100823077,2.81896144278607,9.043148631840795,8.371792288557213,9.033424817837954,8.368901052808813,8.701162935323383,1.1986970931421503,0.24027211608202032,3.6977300995024875,0.2702128503280577,0.004085820895522388,0.0,0.003994283743345896,-0.0012704031463309704,0.0013619402985074627,0.009496672960495984,105.88267525112407,101.9958116375927,105.87288377064802,102.02992120557606,103.95140248811204,6.932104310225581,0.9809359452736318,0.9336895211442787,0.984129883920097,0.9373999668261715,0.9607649253731343,0.0842934726056121,5.761006741836624,5.653327970842922,5.763854690768225,5.65361065440613,5.708732672587177,0.19886302473728176,crdf,Current-radius feedback,50,0.008737812499999999,0.0075621874999999995,0.008759954711433563,0.0075400452885664385,0.008150000000000001,0.0022005260850579363,0.9856001191404348,0.9726621815001403,0.9865715427228153,0.9732578671703317,0.9799147049465735,0.02401579149407846,0.3616346707406634,0.30165782549288567,0.3624087363243953,0.3010604010320759,0.3317345686782356,0.11066281607067617,0.0028109452736318407,0.0023507462686567166,0.0028060388559568226,0.002355652686331734,0.0025808457711442782,0.0008124263129962633,0.0,0.0,0.0,0.0,0.0,0.0,0.29987671875,0.2580734375,0.30015139752312225,0.25757360247687777,0.2788625,0.0768036928703328,0.03105335306385167,0.027155753729619057,0.031020062922384933,0.027046961076044783,0.029033511999214858,0.0071668552497242645,0.004904520542398758,0.004165979912934299,0.004886151569353285,0.0041315320806056596,0.004508841824979472,0.0013612157084412547
0.010453282503026743,0.00945759677258908,0.010462964728140135,0.009438794249187562,0.009950879488663848,0.0018474435988735684,0.02040816326530612,0.0,0.0,0.0,0.0,0.0,0.0,0.91875,0.8387187500000001,0.918411347682599,0.839088652317401,0.87875,0.14308575457838318,14.0,2.9870984141791044,2.8462024253731344,2.9896144374784743,2.844440288889685,3.5459535136815923,3.3986803482587065,3.5523352490768616,3.396458283261447,3.4743967661691544,13.241592506218906,12.236910914179106,13.253420434011462,12.241517376933812,12.747468905472637,1.825315085619911,0.2811777029562844,2.9170273631840797,0.2618714921431532,0.028628109452736267,0.0038743781094527363,0.026816307478459908,0.0010070756061172064,0.013911691542288558,0.046555823658544646,132.17975405883837,125.99208741659585,132.30730978660924,125.99300803202293,129.15015890931608,11.390014257974725,0.8855415111940299,0.811254975124378,0.8861926115680737,0.8101382342030706,0.8481654228855722,0.13719021932070005,6.439183654242842,6.286251753135669,6.4432302721433246,6.281668847485932,6.362449559814628,0.29143157896276073,crdf,Current-radius feedback,50,0.00525,0.00453125,0.005243899003926779,0.004531100996073222,0.0048875,0.0012857762881875315,0.9714297811465743,0.9512469127864938,0.9725136335276067,0.9522513809412517,0.9623825072344292,0.0365499393008322,0.36973578131713314,0.30594996009513864,0.36854622286432237,0.3055776168777168,0.3370619198710196,0.11358553136477725,0.035143501243781086,0.016672885572139303,0.03491685145845646,0.015866730631095775,0.025391791044776117,0.034363442906759745,0.0,0.0,0.0,0.0,0.0,0.0,0.29625843749999997,0.24603109374999999,0.29611115793678894,0.24507634206321102,0.27059374999999997,0.09205883770615765,0.030651850316199748,0.026712524296004594,0.03065146979344915,0.026791223804340066,0.02872134679889461,0.00696328090802858,0.007842099738897856,0.00609173098581057,0.007846437865863292,0.006038062545300248,0.00694225020558177,0.003262026663521748
0.021372795279298563,0.015982918068137876,0.02136587259827034,0.01574693866578766,0.018556405632029,0.010135679302800253,0.012345679012345678,0.03375,0.0,0.031988525539316234,-0.0019885255393162354,0.015,0.06128929393475183,0.8525,0.7475,0.8551584276255947,0.7498415723744053,0.8025,0.18997515949326058,18.0,2.431614116915423,2.2877871579601985,2.4306759149784742,2.289187269101128,4.024019745024876,3.8972234141791042,4.024417711212268,3.8953957216235526,3.9599067164179105,16.72726119402985,15.770184856965173,16.74736147131088,15.775188279932896,16.26127487562189,1.7536486125284216,0.23273551979683993,2.359931592039801,0.2552234208183003,0.12314707711442786,0.07529850746268657,0.12179670392806319,0.07593961447989703,0.09886815920398011,0.08271902784254176,153.0061794885334,147.4937180963389,153.282759811157,147.50112582791638,150.3919428195367,10.429164785428648,0.7705859763681592,0.6863726679104478,0.7731774131524839,0.6860514425689092,0.7296144278606965,0.15716164443139138,6.950626563600241,6.809139601167056,6.94842479214793,6.8095243122464195,6.878974552197175,0.2505547735929168,crdf,Current-radius feedback,50,0.00265,0.00198125,0.00262560925103875,0.0019618907489612498,0.0022937499999999998,0.0011972445245356574,0.9145706380687212,0.8537317302231174,0.9171663954045823,0.855445863360961,0.8863061293827716,0.11133420088389374,0.3658240945991019,0.3071276055230955,0.3660303446914425,0.30735311113433,0.33669172791288626,0.1058445656875028,0.14523041044776117,0.10762220149253732,0.14484754826450014,0.10721712835241527,0.1260323383084577,0.06787940076207268,0.0,0.0,0.0,0.0,0.0,0.0,0.28073515625,0.23522500000000002,0.2791510868522049,0.23521141314779515,0.25718125000000003,0.07926030928447035,0.028670694100354718,0.024981526006214828,0.028614965149941038,0.024990125506259703,0.02680254532810037,0.006538644624390047,0.019936453042237103,0.015125557589193,0.019744214786998737,0.015093474777521484,0.01741884478226011,0.008389208668971825
0.08132716733167081,0.053429476814996234,0.08091624116366371,0.05258251896333958,0.06674938006350165,0.05110960995945158,0.007561436672967864,0.12625,0.04375,0.12485433862073636,0.04014566137926364,0.0825,0.15280122475201002,0.77375,0.66875,0.7735407496599541,0.6689592503400458,0.72125,0.18864869223409064,23.0,2.0115248756218906,1.904263526119403,2.012997033194364,1.9033213747658349,4.367581467661691,4.272508084577114,4.370536310877061,4.270620405540849,4.320578358208955,19.561954291044778,18.776157960199004,19.57011068482999,18.738384340045634,19.154247512437813,1.5003044349196968,0.18023268931538003,1.9581592039800995,0.19783775970896042,0.29993330223880593,0.22315749378109453,0.3007422733305759,0.21900897045051868,0.2598756218905473,0.1474341140695471,168.85442679419018,164.43423045388923,168.9906228511706,164.37984915111463,166.6852360011426,8.317115688332054,0.6175045087064677,0.5293829291044776,0.6180268485134205,0.5299582261134453,0.5739925373134329,0.15886204109382646,7.306245822491698,7.206366783196909,7.309972712515761,7.204191789949465,7.257082251232613,0.19081226445611427,crdf,Current-radius feedback,50,0.00181875,0.001325,0.0018327673369533076,0.0013172326630466924,0.001575,0.0009299440404493955,0.8007659007991232,0.7049680483220707,0.8017902437091101,0.7063162958790138,0.754053269794062,0.1722200916768157,0.3244066303397028,0.27579826035847105,0.3243775159432524,0.27637445077087724,0.30037598335706484,0.08659003291103645,0.2482967972636816,0.19867179726368162,0.24926948384156716,0.19764593904400501,0.2234577114427861,0.09312081274296861,0.0,0.0,0.0,0.0,0.0,0.0,0.26708968749999995,0.22805593749999997,0.26769517037126084,0.22750482962873914,0.2476,0.07249709815621194,0.025011653518921307,0.022311296413352204,0.025076977869958127,0.022273741291974902,0.023675359580966514,0.005056601003984969,0.054693773386424144,0.0428076031210898,0.05472894699086503,0.04281599473338937,0.0487724708621272,0.021489105421460774
0.2091299467722106,0.1471348562977433,0.20819154573869714,0.1460042335536112,0.17709788964615417,0.11217619936183441,0.0044444444444444444,0.36,0.25125,0.359067920248517,0.25093207975148296,0.305,0.19506016863459105,0.62625,0.53375,0.626040634226735,0.533959365773265,0.58,0.16610022791762122,30.0,1.6375934390547264,1.5532005597014926,1.635348677904686,1.5507209738366077,4.667204135572139,4.584414645522388,4.668311618792748,4.5878948488689435,4.628103233830846,22.23659048507463,21.554683613184082,22.251836767825676,21.54195676451263,21.896896766169153,1.2805126637025153,0.14505929422000133,1.5930348258706468,0.1526551617928231,0.49378171641791047,0.4298381529850746,0.49669101006372574,0.4288438158069211,0.4627674129353234,0.12238574271292736,180.5175132745751,177.14793554773337,180.58041937884303,177.13206668870384,178.85624303377344,6.220289722245621,0.4919188432835821,0.43335027985074626,0.49262096760616636,0.4330382363739331,0.46282960199004974,0.10747794208144809,7.56518378452146,7.4886904680135125,7.566042015761644,7.488879259591203,7.527460637676423,0.13918956158970222,crdf,Current-radius feedback,50,0.001075,0.00070625,0.0010694787504607094,0.0006930212495392906,0.00088125,0.0006790705401277453,0.6638594663069352,0.5650460511348653,0.6646312614188195,0.5649510497663102,0.6147911555925648,0.17980753471836636,0.2730127599606682,0.2320841912399413,0.2726767643799521,0.2310331979747408,0.25185498117734645,0.07511849030080918,0.4366194029850747,0.3907868470149254,0.4364141651904469,0.3919813571976128,0.41419776119402985,0.0801498465277879,0.0,0.0,0.0,0.0,0.0,0.0,0.23373203124999997,0.19502656250000003,0.23388002661688118,0.1950324733831188,0.21445625,0.07007491919412948,0.020408038817270494,0.017912841355467328,0.02035297205858824,0.017841905646103832,0.019097438852346035,0.00452957165376913,0.14365325489664985,0.10763161595601835,0.14057251143386784,0.10435533518336704,0.12246392330861744,0.06533012990346303
0.010172434068478191,0.009280188132440366,0.010159917925868104,0.009279181441121507,0.009719549683494805,0.0015887110734763288,0.08163265306122448,0.0,0.0,0.0,0.0,0.0,0.0,1.0,1.0,1.0,1.0,1.0,0.0,7.0,4.520607898009951,4.177636504975124,4.527342800433256,4.185194512999581,2.085103855721393,1.8897574626865672,2.0860231568105005,1.882359927766614,1.9841915422885572,6.014261504975124,5.1993134328358215,6.0187759562275716,5.203910610936607,5.611343283582089,1.4698898250233654,0.3673766590185743,4.356268656716418,0.6171820770809084,0.001822139303482587,0.000609452736318408,0.0017769398100430296,0.0005240552148325924,0.001150497512437811,0.0022600081462180173,50.26548245743669,50.26548245743669,50.26548245743669,50.26548245743669,50.26548245743669,0.0,0.9994340796019902,0.9981901430348258,0.9994759447851673,0.9982230601899569,0.9988495024875621,0.0022600081462180286,4.0,4.0,4.0,4.0,4.0,0.0,fixed_r4,Fixed r=4,50,0.0029439062499999995,0.00230625,0.002955652763484596,0.0022943472365154044,0.002625,0.0011928918942756596,0.9832130835009798,0.97497787901446,0.9837457584410272,0.9750824087402201,0.9794140835906237,0.015627329901099787,0.0,0.0,0.0,0.0,0.0,0.0,1.0,1.0,1.0,1.0,1.0,0.0,0.0,0.0,0.0,0.0,0.0,0.0,0.0,0.0,0.0,0.0,0.0,0.0,0.0,0.0,0.0,0.0,0.0,0.0,0.005552180269379331,0.004762434637545784,0.005562266486225006,0.004741764681357169,0.005152015583791088,0.0014800571178516567
0.018595259818384814,0.013648568694988818,0.018469435483762824,0.013400368996060608,0.015934902239911716,0.00914380430545845,0.04938271604938271,0.0,0.0,0.0,0.0,0.0,0.0,1.0,1.0,1.0,1.0,1.0,0.0,9.0,3.4081620024875625,3.1468513681592043,3.4102403540542316,3.131849198184574,2.8965973258706468,2.657939676616915,2.8997742222154717,2.659927270321842,2.779850746268657,10.144882151741292,8.950601057213929,10.150357806582683,8.962030253118812,9.556194029850747,2.1435573248089854,0.4326464442115027,3.271044776119403,0.5021741687188671,0.07205628109452734,0.03857291666666667,0.07067281800924927,0.037324694428561664,0.053998756218905465,0.06015480694834495,50.26548245743669,50.26548245743669,50.26548245743669,50.26548245743669,50.26548245743669,0.0,0.9613936567164179,0.9276100746268657,0.9626753055714383,0.9293271819907507,0.9460012437810945,0.06015480694834494,4.0,4.0,4.0,4.0,4.0,0.0,fixed_r4,Fixed r=4,50,0.00253125,0.00173125,0.002512542497742427,0.0017124575022575725,0.0021125,0.0014432283822269107,0.9522103912760858,0.9134723351364668,0.9551185299565974,0.9153929911349523,0.9352557605457749,0.07165866807927228,0.0,0.0,0.0,0.0,0.0,0.0,1.0,1.0,1.0,1.0,1.0,0.0,0.0,0.0,0.0,0.0,0.0,0.0,0.0,0.0,0.0,0.0,0.0,0.0,0.0,0.0,0.0,0.0,0.0,0.0,0.012019217964573043,0.009857165053776422,0.012013953023266386,0.009828632072260798,0.010921292547763592,0.003941977713074197
0.040543015862281914,0.02707940340936934,0.04017771314284507,0.02649468493904676,0.03333619904094592,0.024682045995083095,0.03305785123966942,0.06625,0.0075,0.06390082917599449,0.0035991708240055223,0.03375,0.10877477433032093,0.9925,0.9325,0.9964008291759945,0.9360991708240056,0.96625,0.10877477433032093,11.0,2.8738485696517415,2.631021144278607,2.8664362720610113,2.627344822466352,3.3847046019900495,3.1681700870646763,3.387111669273799,3.1718186789849065,3.279465174129353,12.956323694029848,11.836824315920397,12.958372495581752,11.819314071582426,12.388843283582089,2.0546835096366975,0.3883549320796049,2.7468905472636815,0.43128363605128883,0.18414723258706464,0.12639287935323384,0.1841010438114954,0.1241576626561663,0.15412935323383084,0.10812849821985483,50.26548245743669,50.26548245743669,50.26548245743669,50.26548245743669,50.26548245743669,0.0,0.8748036380597015,0.8144171330845772,0.8758423373438338,0.8158989561885046,0.8458706467661692,0.10812849821985483,4.0,4.0,4.0,4.0,4.0,0.0,fixed_r4,Fixed r=4,50,0.002287656249999999,0.0015812500000000002,0.0022924518363615573,0.001545048163638443,0.00191875,0.001348199503230217,0.8969946286700827,0.8174320916448958,0.9006371451295638,0.82101901821216,0.8608280816708619,0.14361866696088663,0.0,0.0,0.0,0.0,0.0,0.0,1.0,1.0,1.0,1.0,1.0,0.0,0.0,0.0,0.0,0.0,0.0,0.0,0.0,0.0,0.0,0.0,0.0,0.0,0.0,0.0,0.0,0.0,0.0,0.0,0.026698473525827437,0.020950816309359025,0.02661606152794792,0.020950693882171672,0.023783377705059797,0.0102194384700083
0.09398612500686393,0.06235599000096759,0.09243459171068057,0.060462512162037504,0.07644855193635904,0.05767263841194194,0.02040816326530612,0.1675,0.0775,0.1645518831490584,0.0729481168509416,0.11875,0.16523888860108701,0.925,0.83375,0.9270518831490584,0.8354481168509416,0.88125,0.16523888860108701,14.0,2.427836131840796,2.1990093283582084,2.428482984622437,2.1960443785616426,3.809076803482587,3.58494776119403,3.8076114941166717,3.5795526849878057,3.6935820895522387,15.896842350746267,14.480707089552238,15.878848705930517,14.485927413472469,15.182388059701493,2.512612478459732,0.4113824756233416,2.31226368159204,0.41928294529371607,0.3292234141791045,0.25721237562189053,0.33066120807221694,0.2560303342163403,0.2933457711442786,0.13462244129940865,50.26548245743669,50.26548245743669,50.26548245743669,50.26548245743669,50.26548245743669,0.0,0.7426511194029851,0.6703027052238806,0.7439696657836596,0.6693387919277831,0.7066542288557214,0.13462244129940865,4.0,4.0,4.0,4.0,4.0,0.0,fixed_r4,Fixed r=4,50,0.002469062499999998,0.00143734375,0.002448937257694087,0.0014010627423059131,0.001925,0.001890201978733533,0.8081536974199216,0.7297950109994661,0.809897668467431,0.7307452302244475,0.7703214493459393,0.14277863731903864,0.0,0.0,0.0,0.0,0.0,0.0,1.0,1.0,1.0,1.0,1.0,0.0,0.0,0.0,0.0,0.0,0.0,0.0,0.0,0.0,0.0,0.0,0.0,0.0,0.0,0.0,0.0,0.0,0.0,0.0,0.06594288604228699,0.049021138399007666,0.06516064521271789,0.04834275133592334,0.05675169827432061,0.03033685409580902
0.16330341927878905,0.12242487749080072,0.16421341828109087,0.12143328902830142,0.14282335365469614,0.0771686721803174,0.012345679012345678,0.32,0.2125,0.3193977021573522,0.2106022978426478,0.265,0.19624991875729503,0.7862812499999999,0.68,0.7893977021573522,0.6806022978426478,0.735,0.19624991875729503,18.0,1.8831234452736316,1.7430118159203982,1.8828154623264917,1.7436521993650502,4.256969527363184,4.117634328358209,4.256347800634949,4.117184537673508,4.186766169154229,19.2366072761194,18.22403606965174,19.221310014603706,18.21436162718734,18.717835820895523,1.8163776353239087,0.25102879319408655,1.813233830845771,0.25102879319408655,0.49920444651741286,0.4340374689054727,0.499968166595653,0.43433531599141173,0.4671517412935324,0.11839141257873109,50.26548245743669,50.26548245743669,50.26548245743669,50.26548245743669,50.26548245743669,0.0,0.5652487562189055,0.5007649253731344,0.5656646840085883,0.5000318334043471,0.5328482587064677,0.11839141257873109,4.0,4.0,4.0,4.0,4.0,0.0,fixed_r4,Fixed r=4,50,0.0032189062499999995,0.00069375,0.0030263606841580623,0.00024863931584193804,0.0016375,0.00501057555046711,0.6543159229331553,0.543203428292886,0.6545571826269869,0.541054436817,0.5978058097219935,0.20474122766718023,0.0,0.0,0.0,0.0,0.0,0.0,1.0,1.0,1.0,1.0,1.0,0.0,0.0,0.0,0.0,0.0,0.0,0.0,0.0,0.0,0.0,0.0,0.0,0.0,0.0,0.0,0.0,0.0,0.0,0.0,0.1211515823755696,0.09741572436787826,0.11993449752478508,0.09704538071274224,0.10848993911876366,0.041288392125424726
0.24765950841747397,0.19152565194974924,0.24825969954174618,0.19000245067948293,0.21913107511061455,0.10508697888719037,0.007561436672967864,0.4675,0.37625,0.4681826378973098,0.37431736210269023,0.42125,0.16931829855183933,0.625,0.53375,0.6256826378973098,0.5318173621026901,0.57875,0.16931829855183933,23.0,1.4898634950248755,1.3803519900497512,1.4920915414231568,1.3799731351937585,4.616954291044776,4.506064365671643,4.620026864806242,4.507908458576843,4.563967661691542,22.259555659203983,21.365893967661687,22.265602075357535,21.33671135747828,21.801156716417907,1.6755737897797445,0.20224409525672365,1.4360323383084577,0.2022440952567237,0.6234093594527363,0.5736487873134328,0.6241254882715631,0.5732252579970937,0.5986753731343284,0.09181606630365845,50.26548245743669,50.26548245743669,50.26548245743669,50.26548245743669,50.26548245743669,0.0,0.4253045708955223,0.3760244092039801,0.4267747420029064,0.37587451172843694,0.40132462686567166,0.09181606630365845,4.0,4.0,4.0,4.0,4.0,0.0,fixed_r4,Fixed r=4,50,0.002093906249999999,0.00053125,0.001960041455145005,0.00027745854485499485,0.00111875,0.003035116800445568,0.5301263925923846,0.42523442930325794,0.5314536342006553,0.427241966764377,0.47934780048251613,0.18798157327283088,0.0,0.0,0.0,0.0,0.0,0.0,1.0,1.0,1.0,1.0,1.0,0.0,0.0,0.0,0.0,0.0,0.0,0.0,0.0,0.0,0.0,0.0,0.0,0.0,0.0,0.0,0.0,0.0,0.0,0.0,0.18698609769492563,0.15746389838155214,0.18723916288698408,0.15766209119726424,0.17245062704212416,0.05335241826388157
0.2790251213418317,0.22325315671742701,0.2781008983100813,0.22150441855968103,0.24980265843488117,0.10209121077243662,0.0044444444444444444,0.61,0.54371875,0.609507367604788,0.5429926323952121,0.57625,0.11998219468244581,0.45875,0.39125,0.457007367604788,0.39049263239521204,0.42375,0.11998219468244581,30.0,1.0897801616915421,0.9771958955223881,1.0890824439756246,0.9789275062731316,5.0224527363184075,4.913084577114429,5.0210724937268685,4.910917556024375,4.965995024875622,25.929471082089556,24.903087686567165,25.92683594554663,24.91505460171705,25.42094527363184,1.8250955339284027,0.19870230466993474,1.034004975124378,0.19870230466993477,0.7365948383084577,0.7019765236318408,0.7362305045711917,0.7020903909511964,0.719160447761194,0.06158343329382113,50.26548245743669,50.26548245743669,50.26548245743669,50.26548245743669,50.26548245743669,0.0,0.29757695895522385,0.2647754975124378,0.2979096090488036,0.26376949542880834,0.28083955223880597,0.06158343329382114,4.0,4.0,4.0,4.0,4.0,0.0,fixed_r4,Fixed r=4,50,0.0008500000000000001,0.0003125,0.0008197007264342174,0.0002552992735657826,0.0005375,0.001018092078150025,0.4152205205855928,0.33019435811213294,0.41649154758256424,0.32839600481805165,0.37244377620030794,0.1589106012272865,0.0,0.0,0.0,0.0,0.0,0.0,1.0,1.0,1.0,1.0,1.0,0.0,0.0,0.0,0.0,0.0,0.0,0.0,0.0,0.0,0.0,0.0,0.0,0.0,0.0,0.0,0.0,0.0,0.0,0.0,0.29405806574989074,0.25197122645698894,0.29315466206628776,0.25065851627965435,0.27190658917297106,0.07665641035719536
0.008794239802727605,0.00806727118979866,0.008786170039512141,0.00806174467028332,0.00842395735489773,0.0013067502322583406,0.08163265306122448,0.0,0.0,0.0,0.0,0.0,0.0,1.0,1.0,1.0,1.0,1.0,0.0,7.0,11.97498725124378,11.657211442786071,11.97148255351144,11.638666700219904,5.965245957711443,5.645111007462687,5.971482553511439,5.638666700219904,5.805074626865672,38.23293936567164,34.378028606965174,38.28990673191428,34.30491913873248,36.29741293532338,7.188295280824271,0.6003478233388577,11.805074626865672,0.6003478233388579,0.0,0.0,0.0,0.0,0.0,0.0,153.93804002589985,153.93804002589985,153.93804002589985,153.93804002589985,153.93804002589985,0.0,1.0,1.0,1.0,1.0,1.0,0.0,7.0,7.0,7.0,7.0,7.0,0.0,fixed_r8,Maximum radius,50,0.00281875,0.00220625,0.0028225810377949605,0.0022024189622050386,0.0025124999999999995,0.0011186755333784644,0.9932827127598969,0.9919398767426623,0.9933233482806834,0.9919516718517272,0.9926375100662053,0.0024742900625219543,0.0,0.0,0.0,0.0,0.0,0.0,1.0,1.0,1.0,1.0,1.0,0.0,0.0,0.0,0.0,0.0,0.0,0.0,0.0,0.0,0.0,0.0,0.0,0.0,0.0,0.0,0.0,0.0,0.0,0.0,0.0038529742858096428,0.003399372371411879,0.003860660985340976,0.0033986624673338025,0.0036296617263373893,0.0008333731759719581
0.008850430568516494,0.008129073734831441,0.008853683472132737,0.008123281517092008,0.008488482494612372,0.0013175310596969672,0.04938271604938271,0.0,0.0,0.0,0.0,0.0,0.0,1.0,1.0,1.0,1.0,1.0,0.0,9.0,9.521981032338308,9.118119092039802,9.517127856865093,9.12118060084635,3.566060012437811,3.1752860696517415,3.562223844918586,3.171532373986886,3.366878109452736,16.10866449004975,12.992685323383084,16.092379820518172,12.91092863719327,14.50165422885572,5.7388410860790895,0.7047463991008988,9.319154228855721,0.7142270145996445,0.0,0.0,0.0,0.0,0.0,0.0,201.06192982974676,201.06192982974676,201.06192982974676,201.06192982974676,201.06192982974676,0.0,1.0,1.0,1.0,1.0,1.0,0.0,8.0,8.0,8.0,8.0,8.0,0.0,fixed_r8,Maximum radius,50,0.0023625,0.00185625,0.0023609396395615654,0.0018515603604384349,0.00210625,0.0009188406695507161,0.9924081097742511,0.9902258947548195,0.9925841507935291,0.9902802729982785,0.9914322118959038,0.004155835745017345,0.0,0.0,0.0,0.0,0.0,0.0,1.0,1.0,1.0,1.0,1.0,0.0,0.0,0.0,0.0,0.0,0.0,0.0,0.0,0.0,0.0,0.0,0.0,0.0,0.0,0.0,0.0,0.0,0.0,0.0,0.003953563091011462,0.0034958503601949307,0.003956275247253462,0.0034826720578927427,0.0037194736525731024,0.0008543061907870944
0.008968365708996152,0.008317535087927397,0.008979614391475182,0.008300364309750716,0.008639989350612949,0.0012252610686451172,0.03305785123966942,0.0,0.0,0.0,0.0,0.0,0.0,1.0,1.0,1.0,1.0,1.0,0.0,11.0,6.5204682835820895,6.14156685323383,6.53144216835566,6.132985692340856,1.6395680970149253,1.4022475124378109,1.6453257513602124,1.4001220098338174,1.522723880597015,4.3286949626865665,3.2850680970149253,4.321418954886886,3.283282537650426,3.8023507462686563,1.8726359704709397,0.4423092561368044,6.332213930348258,0.7187532556065392,0.0,0.0,0.0,0.0,0.0,0.0,201.06192982974676,201.06192982974676,201.06192982974676,201.06192982974676,201.06192982974676,0.0,1.0,1.0,1.0,1.0,1.0,0.0,8.0,8.0,8.0,8.0,8.0,0.0,fixed_r8,Maximum radius,50,0.00238125,0.0016875000000000002,0.0023563916980678654,0.0016686083019321345,0.0020125,0.0012406538351915535,0.9904285412742425,0.986959387245849,0.9906829826664075,0.9870196066896334,0.9888512946780205,0.006608158151053411,0.0,0.0,0.0,0.0,0.0,0.0,1.0,1.0,1.0,1.0,1.0,0.0,0.0,0.0,0.0,0.0,0.0,0.0,0.0,0.0,0.0,0.0,0.0,0.0,0.0,0.0,0.0,0.0,0.0,0.0,0.0042388697805255,0.0037314887254256573,0.004243415775707953,0.003728126429794275,0.003985771102751114,0.0009295015070631193
0.010231250119928887,0.009255733865291597,0.010230580200206884,0.009265678089253453,0.009748129144730168,0.0017405327189703723,0.02040816326530612,0.0,0.0,0.0,0.0,0.0,0.0,1.0,1.0,1.0,1.0,1.0,0.0,14.0,4.311447450248757,3.9993379975124377,4.316125496217807,3.9942476381105516,2.2074070273631836,2.012736629353234,2.2056735815888944,2.0048488064708074,2.105261194029851,6.5574502487562185,5.673266791044775,6.5413508792899675,5.691509817227446,6.116430348258707,1.532980555906089,0.3622565314190374,4.155186567164179,0.5806173882179632,0.011014925373134322,0.0012686567164179104,0.009952146535509642,-0.0003004052419773029,0.00482587064676617,0.018494002261038804,201.06192982974676,201.06192982974676,201.06192982974676,201.06192982974676,201.06192982974676,0.0,0.9987437810945273,0.9894570895522388,1.0003004052419773,0.9900478534644903,0.9951741293532338,0.018494002261038808,8.0,8.0,8.0,8.0,8.0,0.0,fixed_r8,Maximum radius,50,0.0020314062499999994,0.00149375,0.00202835454011027,0.0014716454598897298,0.0017499999999999998,0.0010042162392144636,0.9804434858231109,0.9693023398898092,0.9810498602615496,0.9696008799936606,0.9753253701276051,0.02065217241095739,0.0,0.0,0.0,0.0,0.0,0.0,1.0,1.0,1.0,1.0,1.0,0.0,0.0,0.0,0.0,0.0,0.0,0.0,0.0,0.0,0.0,0.0,0.0,0.0,0.0,0.0,0.0,0.0,0.0,0.0,0.006077503223306905,0.00509060169707386,0.006079030818663236,0.005069699600245455,0.005574365209454346,0.001820675890322688
0.0220535720602937,0.01600153603155676,0.02195827127320943,0.01572418131865113,0.01884122629593028,0.011245324697436502,0.012345679012345678,0.03875,0.0,0.03587127212222581,-0.005871272122225806,0.015,0.07529703086538578,1.0,0.96125,1.0058712721222258,0.9641287278777741,0.985,0.07529703086538578,18.0,3.062537624378109,2.8208569651741295,3.0687040801361563,2.8180372133961824,3.1931968283582086,2.9628022388059705,3.192530179312445,2.9612011639711375,3.0768656716417913,11.762511504975125,10.537143656716419,11.76080147076973,10.540616439678034,11.150708955223882,2.201023239253207,0.4172814169210337,2.9433706467661693,0.4521638808434181,0.115955223880597,0.06127300995024876,0.11233132570021206,0.05989504245899194,0.086113184079602,0.09458686596960526,201.06192982974676,201.06192982974676,201.06192982974676,201.06192982974676,201.06192982974676,0.0,0.9392790733830846,0.8862988184079602,0.9401049575410081,0.8876686742997879,0.913886815920398,0.09458686596960526,8.0,8.0,8.0,8.0,8.0,0.0,fixed_r8,Maximum radius,50,0.0013812499999999999,0.00093125,0.0013784671748851463,0.0009215328251148537,0.00115,0.0008242382073460194,0.9304769906164785,0.8770842390377898,0.9316281511225859,0.8792253804510315,0.9054267657868087,0.09452641452760102,0.0,0.0,0.0,0.0,0.0,0.0,1.0,1.0,1.0,1.0,1.0,0.0,0.0,0.0,0.0,0.0,0.0,0.0,0.0,0.0,0.0,0.0,0.0,0.0,0.0,0.0,0.0,0.0,0.0,0.0,0.01682701779935151,0.013110567509041545,0.0168097692007317,0.013073877848315162,0.014941823524523432,0.00673896456395387
0.07436675652321527,0.04988276934975401,0.07366825867231253,0.04873704531474703,0.061202651993529776,0.04497201537842654,0.007561436672967864,0.13375,0.04125,0.1297890611645299,0.04021093883547011,0.085,0.16158494322662315,0.95625,0.8675,0.9597890611645299,0.8702109388354702,0.915,0.16158494322662315,23.0,2.379555970149254,2.2124589552238807,2.3790824031044155,2.20527083072643,3.7933100124378107,3.623782960199005,3.795603595805194,3.623625259916199,3.7096144278606964,15.573462997512438,14.48866013681592,15.566468661130068,14.475596015486845,15.021032338308457,1.9677638906766168,0.31022206001093483,2.2921766169154227,0.3135289323397189,0.27646564054726364,0.19949036069651743,0.2776767701751582,0.1971739760934986,0.23742537313432838,0.14521446836634122,201.06192982974676,201.06192982974676,201.06192982974676,201.06192982974676,201.06192982974676,0.0,0.8011778606965173,0.7218278917910448,0.8028260239065015,0.7223232298248419,0.7625746268656717,0.1452144683663412,8.0,8.0,8.0,8.0,8.0,0.0,fixed_r8,Maximum radius,50,0.0022439062499999994,0.001025,0.0021920276768824633,0.000945472323117537,0.00156875,0.0022485911830907525,0.8276057688208542,0.7348458737778464,0.8308081449951662,0.7361257016773285,0.7834669233362473,0.17079234114631128,0.0,0.0,0.0,0.0,0.0,0.0,1.0,1.0,1.0,1.0,1.0,0.0,0.0,0.0,0.0,0.0,0.0,0.0,0.0,0.0,0.0,0.0,0.0,0.0,0.0,0.0,0.0,0.0,0.0,0.0,0.04893515598107072,0.03788418179294152,0.04912267516603397,0.03759775120354454,0.043360213184789255,0.020789162975856153
0.19822608008930248,0.14054832804708717,0.19755562062977267,0.13854980140549988,0.16805271101763627,0.10643728291569093,0.0044444444444444444,0.31875,0.21,0.31755104552887425,0.20994895447112574,0.26375,0.19409736800200594,0.79125,0.685,0.7900510455288742,0.6824489544711257,0.73625,0.19409736800200594,30.0,1.8006380597014924,1.685794776119403,1.7970655096800268,1.6822877241508187,4.313745335820895,4.20552052238806,4.317712275849181,4.202934490319973,4.260323383084577,19.52785634328358,18.699077425373137,19.541380225545016,18.67692823216643,19.109154228855722,1.5593363942046654,0.2070412001971379,1.7396766169154227,0.2070412001971379,0.491822605721393,0.42458131218905476,0.49258010656769285,0.4235641720392724,0.4580721393034826,0.12449396764023696,201.06192982974676,201.06192982974676,201.06192982974676,201.06192982974676,201.06192982974676,0.0,0.5761750621890548,0.5083320895522387,0.5764358279607277,0.5074198934323072,0.5419278606965174,0.12449396764023694,8.0,8.0,8.0,8.0,8.0,0.0,fixed_r8,Maximum radius,50,0.0016751562499999991,0.0006,0.0016752795026909642,0.000512220497309036,0.00109375,0.0020979768102694966,0.6572997328709725,0.5604967245715788,0.6588480484717654,0.5620904279904915,0.6104692382311284,0.17453563666781438,0.0,0.0,0.0,0.0,0.0,0.0,1.0,1.0,1.0,1.0,1.0,0.0,0.0,0.0,0.0,0.0,0.0,0.0,0.0,0.0,0.0,0.0,0.0,0.0,0.0,0.0,0.0,0.0,0.0,0.0,0.12683614027639256,0.10423921950114108,0.12634349182568125,0.10323566298444901,0.11478957740506512,0.04168291446972802
0.008803109869539017,0.008088826938318989,0.008815033765116971,0.00808406690186528,0.008449550333491125,0.0013185500658875785,0.08163265306122448,0.0,0.0,0.0,0.0,0.0,0.0,1.0,1.0,1.0,1.0,1.0,0.0,7.0,11.5148065920398,11.16725,11.512084124436557,11.162816373075882,5.525568718905472,5.170727611940299,5.517117147120815,5.167708723525952,5.342412935323384,33.24442537313432,29.396680348258705,33.34215971680377,29.3973925220022,31.369776119402985,7.115743963383736,0.6302782288970143,11.33745024875622,0.6300244781553803,0.0,0.0,0.0,0.0,0.0,0.0,143.13881527918494,143.13881527918494,143.13881527918494,143.13881527918494,143.13881527918494,0.0,1.0,1.0,1.0,1.0,1.0,0.0,6.75,6.75,6.75,6.75,6.75,0.0,fixed_r8_retained,Maximum radius + retention,50,0.0016,0.0011,0.0015905187740069895,0.0010844812259930108,0.0013375000000000001,0.0009128127085094327,0.9930644183318436,0.9916477421924227,0.9931422057419887,0.991714186673232,0.9924281962076104,0.0025759233856675113,0.0,0.0,0.0,0.0,0.0,0.0,1.0,1.0,1.0,1.0,1.0,0.0,0.0,0.0,0.0,0.0,0.0,0.0,0.0,0.0,0.0,0.0,0.0,0.0,0.0,0.0,0.0,0.0,0.0,0.0,0.0038965458965849673,0.003427023224474566,0.0038787873816274626,0.0034157501614402648,0.0036472687715338637,0.0008352468324901434
0.008848631273398605,0.008111289397927173,0.008838943233032096,0.008110649287621088,0.008474796260326592,0.0013137285395337464,0.04938271604938271,0.0,0.0,0.0,0.0,0.0,0.0,1.0,1.0,1.0,1.0,1.0,0.0,9.0,9.77217537313433,9.38269776119403,9.76395473002675,9.365945767485687,3.7959894278606963,3.3979685945273634,3.797682381837844,3.397690752490514,3.597686567164179,17.854231965174126,14.509799751243781,17.87210464654269,14.466850577337906,16.169477611940298,6.1425465408106845,0.72152243247284,9.564950248756219,0.7179460111882863,0.0,0.0,0.0,0.0,0.0,0.0,201.06192982974676,201.06192982974676,201.06192982974676,201.06192982974676,201.06192982974676,0.0,1.0,1.0,1.0,1.0,1.0,0.0,8.0,8.0,8.0,8.0,8.0,0.0,fixed_r8_retained,Maximum radius + retention,50,0.0014000000000000002,0.0009812500000000001,0.0014018303524935282,0.0009731696475064721,0.0011875000000000002,0.0007732369676646774,0.9924615450770851,0.990375221245627,0.9926065199310656,0.99047159535871,0.9915390576448878,0.0038510705164145655,0.0,0.0,0.0,0.0,0.0,0.0,1.0,1.0,1.0,1.0,1.0,0.0,0.0,0.0,0.0,0.0,0.0,0.0,0.0,0.0,0.0,0.0,0.0,0.0,0.0,0.0,0.0,0.0,0.0,0.0,0.003957540511094645,0.0034718868035288827,0.0039518922537006744,0.003478569415580697,0.003715230834640686,0.0008538004809313742
0.008968723753504148,0.00828656462684079,0.008970861686118279,0.008286129044196957,0.008628495365157618,0.0012351507510263982,0.03305785123966942,0.0,0.0,0.0,0.0,0.0,0.0,1.0,1.0,1.0,1.0,1.0,0.0,11.0,6.690118159203981,6.299370646766169,6.697167160737736,6.309350252197586,1.6692661691542288,1.4230824004975127,1.6693713548155718,1.4201560083685079,1.5447636815920398,4.45812842039801,3.3978771766169156,4.457825863969106,3.36376617583189,3.9107960199004976,1.9735128176139396,0.4495455649195756,6.503258706467661,0.6995611374682242,0.0,0.0,0.0,0.0,0.0,0.0,201.06192982974676,201.06192982974676,201.06192982974676,201.06192982974676,201.06192982974676,0.0,1.0,1.0,1.0,1.0,1.0,0.0,8.0,8.0,8.0,8.0,8.0,0.0,fixed_r8_retained,Maximum radius + retention,50,0.0013750000000000001,0.0008812500000000001,0.0013644303054784815,0.0008730696945215184,0.00111875,0.0008863378061623305,0.9904836097479005,0.9870166112397823,0.990762921591739,0.9872431627537009,0.98900304217272,0.0063490952615254705,0.0,0.0,0.0,0.0,0.0,0.0,1.0,1.0,1.0,1.0,1.0,0.0,0.0,0.0,0.0,0.0,0.0,0.0,0.0,0.0,0.0,0.0,0.0,0.0,0.0,0.0,0.0,0.0,0.0,0.0,0.004231000194252506,0.0037310048366194057,0.004231242719915856,0.0037186711657108025,0.003974956942813329,0.0009245990352594936
0.010149797021497686,0.009206391158885899,0.010148908578496072,0.00920323693545954,0.009676072756977806,0.0017058439580789689,0.02040816326530612,0.0,0.0,0.0,0.0,0.0,0.0,1.0,1.0,1.0,1.0,1.0,0.0,14.0,4.390601368159205,4.086354788557214,4.391377974896081,4.088049885800437,2.127278917910448,1.945073383084577,2.127414314474695,1.9449986208486878,2.0362064676616916,6.155722014925373,5.430787002487563,6.170813784858805,5.443862832056619,5.807338308457712,1.3113059906031819,0.3290494233617283,4.239713930348259,0.547156501846651,0.0034452736318407963,0.0008022388059701492,0.0033396786237419145,0.0006031074459098265,0.0019713930348258706,0.004936347033277365,201.06192982974676,201.06192982974676,201.06192982974676,201.06192982974676,201.06192982974676,0.0,0.9991977611940297,0.9965730721393035,0.9993968925540901,0.9966603213762582,0.9980286069651741,0.004936347033277361,8.0,8.0,8.0,8.0,8.0,0.0,fixed_r8_retained,Maximum radius + retention,50,0.0013375000000000001,0.00095,0.0013376130930249192,0.0009373869069750808,0.0011375,0.0007219455361333409,0.9813898800194903,0.970326339032628,0.9817727092301949,0.970635310282332,0.9762040097562634,0.020090128369422963,0.0,0.0,0.0,0.0,0.0,0.0,1.0,1.0,1.0,1.0,1.0,0.0,0.0,0.0,0.0,0.0,0.0,0.0,0.0,0.0,0.0,0.0,0.0,0.0,0.0,0.0,0.0,0.0,0.0,0.0,0.005992901173501709,0.005023801077006184,0.005977120771665854,0.00499722808940128,0.005487174430533567,0.0017675733685315188
0.02108097605038359,0.015282486686078196,0.020801007424233933,0.015005665205463115,0.017903336314848525,0.010453892301503924,0.012345679012345678,0.0075,0.0,0.0074,-0.0024,0.0025,0.017677669529663688,1.0,0.9925,1.0024,0.9926,0.9975,0.017677669529663688,18.0,3.097664490049751,2.843058146766169,3.0937134217101114,2.8400925484391424,3.1684956467661687,2.9359216417910448,3.1701898508787663,2.935854925240637,3.0530223880597016,11.642173196517414,10.481172885572139,11.668966859935907,10.44454060275066,11.056753731343283,2.208673748771815,0.42270360966215886,2.966902985074627,0.45749244729682637,0.10899704601990046,0.05784001865671642,0.10794598555339692,0.05495202439685183,0.08144900497512438,0.09559282983604471,201.06192982974676,201.06192982974676,201.06192982974676,201.06192982974676,201.06192982974676,0.0,0.9428983208955224,0.8912793843283583,0.9450479756031481,0.892054014446603,0.9185509950248756,0.09559282983604471,8.0,8.0,8.0,8.0,8.0,0.0,fixed_r8_retained,Maximum radius + retention,50,0.00093125,0.0005812500000000001,0.0009327053639059346,0.0005672946360940654,0.00075,0.0006591438866175625,0.9308561406051353,0.875840889479222,0.9329550290522659,0.8773731489043601,0.905164088978313,0.1002610315400056,0.0,0.0,0.0,0.0,0.0,0.0,1.0,1.0,1.0,1.0,1.0,0.0,0.0,0.0,0.0,0.0,0.0,0.0,0.0,0.0,0.0,0.0,0.0,0.0,0.0,0.0,0.0,0.0,0.0,0.0,0.0159516086578695,0.012603183485229052,0.016001078537748997,0.012439003140415046,0.014220040839082022,0.006425427725899496
0.07339590777001756,0.0476871940396364,0.07310261802278939,0.04588709012095305,0.05949485407187122,0.04909256207387797,0.007561436672967864,0.105,0.03,0.10252679043030458,0.02747320956969542,0.065,0.13538493872160617,0.96875,0.89625,0.9725267904303047,0.8974732095696955,0.935,0.13538493872160617,23.0,2.4092459577114425,2.2141965174129354,2.4073422694179123,2.217234845009949,3.7879138681592037,3.5951209577114427,3.785060574084923,3.597675744323038,3.6913681592039804,15.498213619402984,14.278220460199003,15.476716259913486,14.273408118195968,14.875062189054727,2.170579966493469,0.33801296891866167,2.3122885572139307,0.34292410447137645,0.28213743781094525,0.20052829601990052,0.2812325529681523,0.199327148524385,0.24027985074626865,0.14774455841330272,201.06192982974676,201.06192982974676,201.06192982974676,201.06192982974676,201.06192982974676,0.0,0.7988389303482587,0.7183574315920398,0.800672851475615,0.7187674470318477,0.7597201492537313,0.14774455841330272,8.0,8.0,8.0,8.0,8.0,0.0,fixed_r8_retained,Maximum radius + retention,50,0.0006375,0.0003375,0.0006309849742044256,0.00033151502579557444,0.00048125,0.0005401970185752149,0.8210348984411786,0.7228668596094142,0.8244627316699048,0.7243694256245009,0.7744160786472029,0.18055269249001402,0.0,0.0,0.0,0.0,0.0,0.0,1.0,1.0,1.0,1.0,1.0,0.0,0.0,0.0,0.0,0.0,0.0,0.0,0.0,0.0,0.0,0.0,0.0,0.0,0.0,0.0,0.0,0.0,0.0,0.0,0.049321052668651916,0.03811141301906447,0.049095970883237736,0.03741084660173892,0.04325340874248833,0.021078139332794364
0.19466742256944045,0.13438576394921933,0.19214690444985075,0.13255822427889083,0.1623525643643708,0.10748867303786254,0.0044444444444444444,0.30625,0.2,0.3063113521446758,0.19618864785532414,0.25125,0.19864416062653442,0.8,0.69375,0.8038113521446759,0.6936886478553241,0.74875,0.19864416062653442,30.0,1.8117419154228858,1.7001458333333335,1.8100482363128398,1.6979368383140259,4.304578669154228,4.190058768656716,4.302063161685974,4.1899517636871595,4.246007462686567,19.395459577114426,18.583194029850745,19.42839001569419,18.57282888977845,19.00060945273632,1.5432986577923962,0.20223145350322788,1.7539925373134329,0.2022314535032279,0.48069387437810945,0.4158866604477612,0.48350674422920364,0.4144410169648262,0.44897388059701493,0.12458378595974968,201.06192982974676,201.06192982974676,201.06192982974676,201.06192982974676,201.06192982974676,0.0,0.5879102922885573,0.5183571206467661,0.5855589830351737,0.5164932557707964,0.5510261194029851,0.12458378595974967,8.0,8.0,8.0,8.0,8.0,0.0,fixed_r8_retained,Maximum radius + retention,50,0.00035625,0.0001375,0.00034770942718195406,0.000139790572818046,0.00024375000000000002,0.00037505314249300397,0.6635539252218458,0.5683761978222084,0.6622705700400702,0.5684988046783455,0.6153846873592078,0.16914962033446285,0.0,0.0,0.0,0.0,0.0,0.0,1.0,1.0,1.0,1.0,1.0,0.0,0.0,0.0,0.0,0.0,0.0,0.0,0.0,0.0,0.0,0.0,0.0,0.0,0.0,0.0,0.0,0.0,0.0,0.0,0.1268307345447667,0.10377314950255345,0.12646646867285882,0.10308119138510012,0.11477383002897946,0.04218338813801512
0.009005480898275433,0.00827409052451855,0.00900674053810765,0.008272062395069895,0.008639401466588773,0.0013252446350294279,0.08163265306122448,0.0,0.0,0.0,0.0,0.0,0.0,1.0,1.0,1.0,1.0,1.0,0.0,7.0,6.0,6.0,6.0,6.0,0.0,0.0,0.0,0.0,0.0,0.0,0.0,0.0,0.0,0.0,0.0,0.0,6.0,0.0,0.0,0.0,0.0,0.0,0.0,0.0,153.93804002589985,153.93804002589985,153.93804002589985,153.93804002589985,153.93804002589985,0.0,1.0,0.9999253731343284,1.0000134328358208,0.999936815920398,0.9999751243781094,0.00013820495012530494,7.0,7.0,7.0,7.0,7.0,0.0,knn_k6,Local-KNN K=6,50,0.0,0.0,0.0,0.0,0.0,0.0,0.9909810383561174,0.9883468894249063,0.9910862490326731,0.9883639677303024,0.9897251083814878,0.004910570329601252,0.0,0.0,0.0,0.0,0.0,0.0,1.0,1.0,1.0,1.0,1.0,0.0,0.0,0.0,0.0,0.0,0.0,0.0,0.0,0.0,0.0,0.0,0.0,0.0,0.0,0.0,0.0,0.0,0.0,0.0,0.004145536021392732,0.00364979700974813,0.004135496138793926,0.0036385974609034603,0.003887046799848693,0.0008963276140280049
0.00899546910202003,0.008249159343836512,0.00900153169282836,0.008265403894353578,0.00863346779359097,0.0013278595870444994,0.04938271604938271,0.0,0.0,0.0,0.0,0.0,0.0,1.0,1.0,1.0,1.0,1.0,0.0,9.0,5.984801461442785,5.9634950248756216,5.9857758720152505,5.963664426492213,0.036680037313432834,0.01421455223880597,0.03633557350778723,0.014224127984750081,0.025279850746268658,0.051059235074626855,0.017027363184079602,0.050721784451502855,0.015559310075860335,0.0331405472636816,0.06342761243447716,0.0398855945693278,5.974720149253732,0.03988559456932779,0.0,0.0,0.0,0.0,0.0,0.0,201.06192982974676,201.06192982974676,201.06192982974676,201.06192982974676,201.06192982974676,0.0,1.0,0.999931592039801,1.0000134328358208,0.999936815920398,0.9999751243781094,0.00013820495012530494,8.0,8.0,8.0,8.0,8.0,0.0,knn_k6,Local-KNN K=6,50,0.0001625,6.25e-05,0.0001642952700543206,6.07047299456794e-05,0.0001125,0.00018686115657550313,0.9906723109541944,0.9877558615981555,0.9907596124728432,0.9878366675786235,0.9892981400257334,0.005272536111574821,0.0,0.0,0.0,0.0,0.0,0.0,1.0,1.0,1.0,1.0,1.0,0.0,0.0,0.0,0.0,0.0,0.0,0.0,0.0,0.0,0.0,0.0,0.0,0.0,0.0,0.0,0.0,0.0,0.0,0.0,0.004176788813543463,0.0036792995754666787,0.0041692956945402196,0.003666727868759636,0.003918011781649928,0.0009065538714684438
0.009106583451553409,0.00839868673252425,0.009104267157799146,0.008395958681391999,0.008750112919595572,0.0012776778745903186,0.03305785123966942,0.0,0.0,0.0,0.0,0.0,0.0,1.0,0.98875,1.0036,0.9889,0.99625,0.026516504294495532,11.0,5.478877798507463,5.324971548507462,5.484012577095005,5.324992398029373,0.6746159825870647,0.5176537624378109,0.6750076019706268,0.515987422904995,0.5954975124378109,1.5193062810945275,1.071765858208955,1.5068541266426831,1.0603846793274658,1.2836194029850745,0.805361157625511,0.28684756878267165,5.404502487562189,0.2868475687826717,0.0,0.0,0.0,0.0,0.0,0.0,201.06192982974676,201.06192982974676,201.06192982974676,201.06192982974676,201.06192982974676,0.0,1.0,0.9887375621890547,1.0035935424414446,0.9888940197476103,0.9962437810945274,0.026515643308713678,8.0,8.0,8.0,8.0,8.0,0.0,knn_k6,Local-KNN K=6,50,0.001275,0.0008375,0.0012786815471348748,0.0008213184528651251,0.00105,0.0008250115954658221,0.9895192378664985,0.9862511550154242,0.9896639313956559,0.9863106315929098,0.9879872814942828,0.006048829157839918,0.0,0.0,0.0,0.0,0.0,0.0,1.0,1.0,1.0,1.0,1.0,0.0,0.0,0.0,0.0,0.0,0.0,0.0,0.0,0.0,0.0,0.0,0.0,0.0,0.0,0.0,0.0,0.0,0.0,0.0,0.0043351809059171955,0.003818883263323077,0.004332756290250788,0.0038105087210447376,0.004071632505647763,0.0009420530552137469
0.010253682544213525,0.009300148233774275,0.01025460779139701,0.009295087460258755,0.009774847625827882,0.0017308248286587254,0.02040816326530612,0.0,0.0,0.0,0.0,0.0,0.0,1.0,0.985,1.0017695074661728,0.9857304925338273,0.99375,0.028931878117892232,14.0,4.140592661691541,3.9029824315920396,4.146813883603599,3.9006861163964,2.0917764303482587,1.8544833644278604,2.0993138836035996,1.8531861163964005,1.97625,6.355039023631841,5.459573227611941,6.35167537077168,5.4514713953974745,5.901573383084577,1.6238273863219093,0.4439760541594757,4.02375,0.4439760541594757,0.011007773631840795,0.001417754975124378,0.010055495765796889,-0.0002047494971401725,0.004925373134328358,0.018507880107295784,201.06192982974676,201.06192982974676,201.06192982974676,201.06192982974676,201.06192982974676,0.0,0.996896921641791,0.9793956778606965,0.9984400004844389,0.9797192034956606,0.9890796019900497,0.033769394132606795,8.0,8.0,8.0,8.0,8.0,0.0,knn_k6,Local-KNN K=6,50,0.0019125000000000001,0.0013812499999999999,0.0019186782861038492,0.0013688217138961508,0.00164375,0.0009918553849185055,0.980210622599146,0.968342948668577,0.980582658724024,0.969018306579377,0.9748004826517005,0.02086028525895164,0.0,0.0,0.0,0.0,0.0,0.0,1.0,1.0,1.0,1.0,1.0,0.0,0.0,0.0,0.0,0.0,0.0,0.0,0.0,0.0,0.0,0.0,0.0,0.0,0.0,0.0,0.0,0.0,0.0,0.0,0.006130409973441704,0.005136995432527929,0.006111293397576872,0.005104776856272047,0.00560803512692446,0.0018155986523802838
0.022142220346398015,0.015952136496157447,0.02197643247884514,0.01573102748411668,0.01885372998148091,0.011265735262828648,0.012345679012345678,0.03875,0.0,0.03587127212222581,-0.005871272122225806,0.015,0.07529703086538578,1.0,0.96125,1.0058712721222258,0.9641287278777741,0.985,0.07529703086538578,18.0,3.0520836442786075,2.8203473258706473,3.0537799677141404,2.8131230173604864,3.182494558457711,2.936379975124378,3.1868769826395136,2.9462200322858596,3.0665485074626866,11.74319029850746,10.540472014925374,11.752698883275832,10.523134450057503,11.137916666666667,2.21794221590427,0.4341075549355685,2.9334514925373134,0.4341075549355685,0.11424362562189053,0.062365360696517415,0.11235469830396942,0.05992142109901567,0.08613805970149255,0.09458144354963477,201.06192982974676,201.06192982974676,201.06192982974676,201.06192982974676,201.06192982974676,0.0,0.9364025186567164,0.887440143034826,0.9400785789009843,0.8876453016960305,0.9138619402985074,0.09458144354963477,8.0,8.0,8.0,8.0,8.0,0.0,knn_k6,Local-KNN K=6,50,0.0013875,0.00094359375,0.0013818914467689837,0.0009306085532310166,0.0011562500000000002,0.0008140438628933246,0.929560483517438,0.8764569527008149,0.9315288781531413,0.8791286018869865,0.9053287400200639,0.09452191500981293,0.0,0.0,0.0,0.0,0.0,0.0,1.0,1.0,1.0,1.0,1.0,0.0,0.0,0.0,0.0,0.0,0.0,0.0,0.0,0.0,0.0,0.0,0.0,0.0,0.0,0.0,0.0,0.0,0.0,0.0,0.016708556230965097,0.013212474735293248,0.016808663981825785,0.013072069446295149,0.014940366714060467,0.006740232996475283
0.07403262578737181,0.04946310231843632,0.07366818554313301,0.04873702228387889,0.061202603913505946,0.044971925008896664,0.007561436672967864,0.13375,0.04375,0.1297890611645299,0.04021093883547011,0.085,0.16158494322662315,0.9575312499999998,0.86875,0.9597890611645299,0.8702109388354702,0.915,0.16158494322662315,23.0,2.379372978855721,2.2077195273631838,2.377721629249998,2.2048529976156734,3.7932985074626866,3.61990282960199,3.7951470023843266,3.622278370750002,3.7087126865671642,15.558720149253729,14.497303171641791,15.5658171162979,14.474344575244388,15.020080845771144,1.9688460083108477,0.31182801449762754,2.2912873134328358,0.31182801449762754,0.2774269278606965,0.19915858208955223,0.2776767701751582,0.1971739760934986,0.23742537313432838,0.14521446836634122,201.06192982974676,201.06192982974676,201.06192982974676,201.06192982974676,201.06192982974676,0.0,0.8007450248756218,0.7186099191542288,0.8028260239065015,0.7223232298248419,0.7625746268656717,0.1452144683663412,8.0,8.0,8.0,8.0,8.0,0.0,knn_k6,Local-KNN K=6,50,0.0022753124999999987,0.001,0.00218565728351677,0.0009393427164832302,0.0015625,0.002248156841431102,0.8272682883485167,0.7331945845130118,0.830744347455172,0.7360368521366373,0.7833905997959046,0.17083753104318636,0.0,0.0,0.0,0.0,0.0,0.0,1.0,1.0,1.0,1.0,1.0,0.0,0.0,0.0,0.0,0.0,0.0,0.0,0.0,0.0,0.0,0.0,0.0,0.0,0.0,0.0,0.0,0.0,0.0,0.0,0.04899891832239629,0.037608009023199815,0.049124668111220064,0.037598410923071514,0.04336153951714579,0.02079156790673477
0.1972536693747436,0.1412110735850058,0.19755562062977267,0.13854980140549988,0.16805271101763627,0.10643728291569095,0.0044444444444444444,0.3175,0.2125,0.31755104552887425,0.20994895447112574,0.26375,0.19409736800200594,0.7887812499999998,0.68375,0.7900510455288742,0.6824489544711257,0.73625,0.19409736800200594,30.0,1.7963243159203977,1.6824353233830847,1.7970655096800268,1.6822877241508187,4.31616946517413,4.20289210199005,4.317712275849181,4.202934490319973,4.260323383084577,19.54186038557214,18.666750621890547,19.541380225545016,18.67692823216643,19.109154228855722,1.5593363942046654,0.2070412001971379,1.7396766169154227,0.2070412001971379,0.4934827425373134,0.42290360696517415,0.49258010656769285,0.4235641720392724,0.4580721393034826,0.12449396764023696,201.06192982974676,201.06192982974676,201.06192982974676,201.06192982974676,201.06192982974676,0.0,0.5757403606965174,0.5065286069651741,0.5764358279607277,0.5074198934323072,0.5419278606965174,0.12449396764023694,8.0,8.0,8.0,8.0,8.0,0.0,knn_k6,Local-KNN K=6,50,0.0017499999999999998,0.0005998437499999999,0.0016752795026909642,0.000512220497309036,0.00109375,0.0020979768102694966,0.659148882894981,0.5609867216078714,0.6588480484717654,0.5620904279904915,0.6104692382311284,0.17453563666781438,0.0,0.0,0.0,0.0,0.0,0.0,1.0,1.0,1.0,1.0,1.0,0.0,0.0,0.0,0.0,0.0,0.0,0.0,0.0,0.0,0.0,0.0,0.0,0.0,0.0,0.0,0.0,0.0,0.0,0.0,0.1267303873532737,0.10408334270421643,0.12634349182568125,0.10323566298444901,0.11478957740506512,0.04168291446972802
