bootstrap_unit,ci95_high,ci95_low,comparison,density,half_width,metric,n_bootstrap,n_pairs,paired_mean_difference
shared evaluation seed,0.0,0.0,CRDF - ALF,0.08163265306122448,7.0,final_fragmentation,2000,50,0.0
shared evaluation seed,0.0,0.0,CRDF - ALF,0.08163265306122448,7.0,mean_fragmentation,2000,50,0.0
shared evaluation seed,0.0,-0.01375,CRDF - ALF,0.08163265306122448,7.0,final_largest_scc_fraction,2000,50,-0.005
shared evaluation seed,0.0,-0.013501243781094527,CRDF - ALF,0.08163265306122448,7.0,mean_largest_scc_fraction,2000,50,-0.0048942786069651745
shared evaluation seed,-1.5263053482587063,-1.8922153296019901,CRDF - ALF,0.08163265306122448,7.0,mean_degree,2000,50,-1.7056218905472635
shared evaluation seed,-0.5938485458162313,-0.7126242174483222,CRDF - ALF,0.08163265306122448,7.0,mean_radius,2000,50,-0.6528327654695074
shared evaluation seed,-20.32620605081479,-24.361249587329862,CRDF - ALF,0.08163265306122448,7.0,mean_interaction_area,2000,50,-22.30427076432136
shared evaluation seed,0.00501875,0.003775,CRDF - ALF,0.08163265306122448,7.0,neighbor_loss_rate,2000,50,0.004375
shared evaluation seed,-0.00036615025042680596,-0.0008227541315091358,CRDF - ALF,0.08163265306122448,7.0,polar_order,2000,50,-0.0005876655056752345
shared evaluation seed,3.322640361271253e-05,1.9367426726905852e-05,CRDF - ALF,0.08163265306122448,7.0,velocity_dispersion,2000,50,2.60957354879824e-05
shared evaluation seed,6.416346620693922e-06,-2.0995531158517612e-05,CRDF - ALF,0.08163265306122448,7.0,control_energy,2000,50,-6.759936447868278e-06
shared evaluation seed,0.01244529113498997,0.010183049237503664,CRDF - ALF,0.08163265306122448,7.0,radius_temporal_variation,2000,50,0.011286431128612374
shared evaluation seed,0.16565696071192515,0.13333210450592112,CRDF - ALF,0.08163265306122448,7.0,radius_command_temporal_variation,2000,50,0.14946431280028574
shared evaluation seed,0.0,0.0,CRDF - ALF,0.08163265306122448,7.0,radius_min_saturation_fraction,2000,50,0.0
shared evaluation seed,-0.10976958955223881,-0.1507342972636816,CRDF - ALF,0.08163265306122448,7.0,radius_max_saturation_fraction,2000,50,-0.12967661691542287
shared evaluation seed,-0.9580443097014926,-1.1179511815920398,CRDF - ALF,0.08163265306122448,7.0,mean_degree_error,2000,50,-1.0382960199004976
shared evaluation seed,-4.392934546019901,-5.293387126865672,CRDF - ALF,0.08163265306122448,7.0,mean_degree_error_sq,2000,50,-4.839863184079602
shared evaluation seed,0.28961578125,0.23397296875000004,CRDF - ALF,0.08163265306122448,7.0,radius_oscillation_frequency,2000,50,0.26106875
shared evaluation seed,0.0,0.0,CRDF - ALF,0.04938271604938271,9.0,final_fragmentation,2000,50,0.0
shared evaluation seed,0.0,0.0,CRDF - ALF,0.04938271604938271,9.0,mean_fragmentation,2000,50,0.0
shared evaluation seed,0.0125,-0.0175,CRDF - ALF,0.04938271604938271,9.0,final_largest_scc_fraction,2000,50,-0.00375
shared evaluation seed,0.008016169154228859,-0.018202891791044774,CRDF - ALF,0.04938271604938271,9.0,mean_largest_scc_fraction,2000,50,-0.00509328358208955
shared evaluation seed,-2.221668376865672,-2.539549595771144,CRDF - ALF,0.04938271604938271,9.0,mean_degree,2000,50,-2.383700248756219
shared evaluation seed,-1.2339078979753832,-1.3928259360134039,CRDF - ALF,0.04938271604938271,9.0,mean_radius,2000,50,-1.3131522655070722
shared evaluation seed,-48.10554376433912,-54.95184860289056,CRDF - ALF,0.04938271604938271,9.0,mean_interaction_area,2000,50,-51.3647890099321
shared evaluation seed,0.00803125,0.00662484375,CRDF - ALF,0.04938271604938271,9.0,neighbor_loss_rate,2000,50,0.007325000000000001
shared evaluation seed,-0.0008963904481790685,-0.0033147410678494396,CRDF - ALF,0.04938271604938271,9.0,polar_order,2000,50,-0.001915457356218584
shared evaluation seed,0.00014206143553066104,5.987160805422577e-05,CRDF - ALF,0.04938271604938271,9.0,velocity_dispersion,2000,50,9.290245042375853e-05
shared evaluation seed,1.4517481635379989e-05,-1.3546975441665226e-05,CRDF - ALF,0.04938271604938271,9.0,control_energy,2000,50,7.50176280986687e-07
shared evaluation seed,0.021094457502011693,0.018314548463359278,CRDF - ALF,0.04938271604938271,9.0,radius_temporal_variation,2000,50,0.019738024444304468
shared evaluation seed,0.24805237732936228,0.2078794859349412,CRDF - ALF,0.04938271604938271,9.0,radius_command_temporal_variation,2000,50,0.2274830857410792
shared evaluation seed,0.0,0.0,CRDF - ALF,0.04938271604938271,9.0,radius_min_saturation_fraction,2000,50,0.0
shared evaluation seed,-0.17688106343283586,-0.23297761194029853,CRDF - ALF,0.04938271604938271,9.0,radius_max_saturation_fraction,2000,50,-0.20555970149253733
shared evaluation seed,-1.3745562810945275,-1.5388577425373133,CRDF - ALF,0.04938271604938271,9.0,mean_degree_error,2000,50,-1.4562189054726369
shared evaluation seed,-8.613321050995024,-9.980029228855722,CRDF - ALF,0.04938271604938271,9.0,mean_degree_error_sq,2000,50,-9.292761194029852
shared evaluation seed,0.28590843749999995,0.24354296875,CRDF - ALF,0.04938271604938271,9.0,radius_oscillation_frequency,2000,50,0.264675
shared evaluation seed,0.0,0.0,CRDF - ALF,0.03305785123966942,11.0,final_fragmentation,2000,50,0.0
shared evaluation seed,0.004067164179104478,0.0,CRDF - ALF,0.03305785123966942,11.0,mean_fragmentation,2000,50,0.0013619402985074627
shared evaluation seed,-0.00625,-0.05625,CRDF - ALF,0.03305785123966942,11.0,final_largest_scc_fraction,2000,50,-0.03
shared evaluation seed,-0.016957866915422885,-0.058577425373134324,CRDF - ALF,0.03305785123966942,11.0,mean_largest_scc_fraction,2000,50,-0.0362997512437811
shared evaluation seed,-1.6133201181592038,-1.886199937810945,CRDF - ALF,0.03305785123966942,11.0,mean_degree,2000,50,-1.744483830845771
shared evaluation seed,-1.3905486501552842,-1.5300077039546107,CRDF - ALF,0.03305785123966942,11.0,mean_radius,2000,50,-1.460936934526239
shared evaluation seed,-57.68328773026004,-63.68611228881911,CRDF - ALF,0.03305785123966942,11.0,mean_interaction_area,2000,50,-60.66538505018284
shared evaluation seed,0.006669062499999999,0.005543593749999999,CRDF - ALF,0.03305785123966942,11.0,neighbor_loss_rate,2000,50,0.0061125
shared evaluation seed,-0.002711203109042802,-0.011081905593848144,CRDF - ALF,0.03305785123966942,11.0,polar_order,2000,50,-0.006425221367790113
shared evaluation seed,0.0004913515523346547,0.00016780916414711825,CRDF - ALF,0.03305785123966942,11.0,velocity_dispersion,2000,50,0.0003062709292608239
shared evaluation seed,5.312551164364248e-05,4.655736108239585e-06,CRDF - ALF,0.03305785123966942,11.0,control_energy,2000,50,2.8469231411668712e-05
shared evaluation seed,0.029471127010997723,0.02538496506772241,CRDF - ALF,0.03305785123966942,11.0,radius_temporal_variation,2000,50,0.027404303228976086
shared evaluation seed,0.35951214975948365,0.30093544390167676,CRDF - ALF,0.03305785123966942,11.0,radius_command_temporal_variation,2000,50,0.329693731218379
shared evaluation seed,0.0,0.0,CRDF - ALF,0.03305785123966942,11.0,radius_min_saturation_fraction,2000,50,0.0
shared evaluation seed,-0.3953103233830846,-0.48302876243781095,CRDF - ALF,0.03305785123966942,11.0,radius_max_saturation_fraction,2000,50,-0.43837686567164175
shared evaluation seed,-1.5151304415422886,-1.6640178793532336,CRDF - ALF,0.03305785123966942,11.0,mean_degree_error,2000,50,-1.5878669154228857
shared evaluation seed,-11.310546797263681,-12.689424129353233,CRDF - ALF,0.03305785123966942,11.0,mean_degree_error_sq,2000,50,-12.000242537313433
shared evaluation seed,0.29879640625,0.25682859375,CRDF - ALF,0.03305785123966942,11.0,radius_oscillation_frequency,2000,50,0.27858125
shared evaluation seed,0.0,0.0,CRDF - ALF,0.02040816326530612,14.0,final_fragmentation,2000,50,0.0
shared evaluation seed,0.026244402985074588,0.0027047574626865674,CRDF - ALF,0.02040816326530612,14.0,mean_fragmentation,2000,50,0.01217039800995025
shared evaluation seed,-0.08,-0.1575,CRDF - ALF,0.02040816326530612,14.0,final_largest_scc_fraction,2000,50,-0.11625
shared evaluation seed,-0.10901383706467663,-0.18249082711442788,CRDF - ALF,0.02040816326530612,14.0,mean_largest_scc_fraction,2000,50,-0.1438681592039801
shared evaluation seed,-0.9327170398009952,-1.1361055659203978,CRDF - ALF,0.02040816326530612,14.0,mean_degree,2000,50,-1.0368097014925375
shared evaluation seed,-1.2247063409022763,-1.3515737654912405,CRDF - ALF,0.02040816326530612,14.0,mean_radius,2000,50,-1.289769713321642
shared evaluation seed,-53.72064534727602,-58.84417771312382,CRDF - ALF,0.02040816326530612,14.0,mean_interaction_area,2000,50,-56.26125201111524
shared evaluation seed,0.0040625,0.0031937500000000004,CRDF - ALF,0.02040816326530612,14.0,neighbor_loss_rate,2000,50,0.0036312500000000004
shared evaluation seed,0.0021688565726522943,-0.01435996902018603,CRDF - ALF,0.02040816326530612,14.0,polar_order,2000,50,-0.006928512852777899
shared evaluation seed,0.0013795886867189289,0.0006350211238934418,CRDF - ALF,0.02040816326530612,14.0,velocity_dispersion,2000,50,0.0009886203835620204
shared evaluation seed,0.0002281702718527877,4.185007863126316e-05,CRDF - ALF,0.02040816326530612,14.0,control_energy,2000,50,0.00013041833803848342
shared evaluation seed,0.030105377229828673,0.026286814976578417,CRDF - ALF,0.02040816326530612,14.0,radius_temporal_variation,2000,50,0.028061924802474728
shared evaluation seed,0.3674132716187732,0.3069405341019409,CRDF - ALF,0.02040816326530612,14.0,radius_command_temporal_variation,2000,50,0.3361519970115324
shared evaluation seed,0.0,0.0,CRDF - ALF,0.02040816326530612,14.0,radius_min_saturation_fraction,2000,50,0.0
shared evaluation seed,-0.6449373445273633,-0.7320046641791046,CRDF - ALF,0.02040816326530612,14.0,radius_max_saturation_fraction,2000,50,-0.6879228855721393
shared evaluation seed,-1.527818563432836,-1.6745906405472635,CRDF - ALF,0.02040816326530612,14.0,mean_degree_error,2000,50,-1.6000808457711444
shared evaluation seed,-13.204790267412939,-14.553148165422884,CRDF - ALF,0.02040816326530612,14.0,mean_degree_error_sq,2000,50,-13.876075870646766
shared evaluation seed,0.2981271875,0.245499375,CRDF - ALF,0.02040816326530612,14.0,radius_oscillation_frequency,2000,50,0.27045625
shared evaluation seed,0.0325,-0.0025,CRDF - ALF,0.012345679012345678,18.0,final_fragmentation,2000,50,0.0125
shared evaluation seed,0.032886971393034814,-0.0043768656716417905,CRDF - ALF,0.012345679012345678,18.0,mean_fragmentation,2000,50,0.015248756218905472
shared evaluation seed,-0.1312187500000002,-0.2225,CRDF - ALF,0.012345679012345678,18.0,final_largest_scc_fraction,2000,50,-0.175
shared evaluation seed,-0.12730861318407963,-0.21094589552238807,CRDF - ALF,0.012345679012345678,18.0,mean_largest_scc_fraction,2000,50,-0.16861940298507463
shared evaluation seed,-0.4512691231343285,-0.5730188121890548,CRDF - ALF,0.012345679012345678,18.0,mean_degree,2000,50,-0.5119962686567164
shared evaluation seed,-0.9200319855437766,-1.031078889616606,CRDF - ALF,0.012345679012345678,18.0,mean_radius,2000,50,-0.9743960090797718
shared evaluation seed,-41.662438562835256,-46.25345155832881,CRDF - ALF,0.012345679012345678,18.0,mean_interaction_area,2000,50,-43.90027984540723
shared evaluation seed,0.0017625,0.0012062499999999999,CRDF - ALF,0.012345679012345678,18.0,neighbor_loss_rate,2000,50,0.0014812500000000001
shared evaluation seed,-0.009330379409758343,-0.027300715520423582,CRDF - ALF,0.012345679012345678,18.0,polar_order,2000,50,-0.018022851280285947
shared evaluation seed,0.003421119201718965,0.0018987206274022695,CRDF - ALF,0.012345679012345678,18.0,velocity_dispersion,2000,50,0.0026168024845773085
shared evaluation seed,0.00215575319665407,-0.0003411246149751954,CRDF - ALF,0.012345679012345678,18.0,control_energy,2000,50,0.00093359436857963
shared evaluation seed,0.028442738277351293,0.024816031169491774,CRDF - ALF,0.012345679012345678,18.0,radius_temporal_variation,2000,50,0.026546434400940865
shared evaluation seed,0.3657242483136434,0.3078165907577601,CRDF - ALF,0.012345679012345678,18.0,radius_command_temporal_variation,2000,50,0.33641754271385954
shared evaluation seed,0.0,0.0,CRDF - ALF,0.012345679012345678,18.0,radius_min_saturation_fraction,2000,50,0.0
shared evaluation seed,-0.7117220149253731,-0.7688953669154229,CRDF - ALF,0.012345679012345678,18.0,radius_max_saturation_fraction,2000,50,-0.740410447761194
shared evaluation seed,-1.398424595771144,-1.5132108208955224,CRDF - ALF,0.012345679012345678,18.0,mean_degree_error,2000,50,-1.4537002487562187
shared evaluation seed,-13.076176616915424,-14.12352580845771,CRDF - ALF,0.012345679012345678,18.0,mean_degree_error_sq,2000,50,-13.583476368159204
shared evaluation seed,0.27901375,0.2351984375,CRDF - ALF,0.012345679012345678,18.0,radius_oscillation_frequency,2000,50,0.25713125000000003
shared evaluation seed,0.0625,-0.025,CRDF - ALF,0.007561436672967864,23.0,final_fragmentation,2000,50,0.0175
shared evaluation seed,0.05554928482587063,-0.011855721393034821,CRDF - ALF,0.007561436672967864,23.0,mean_fragmentation,2000,50,0.022300995024875623
shared evaluation seed,-0.1649687500000002,-0.2625,CRDF - ALF,0.007561436672967864,23.0,final_largest_scc_fraction,2000,50,-0.21375
shared evaluation seed,-0.14642273009950252,-0.2246458333333333,CRDF - ALF,0.007561436672967864,23.0,mean_largest_scc_fraction,2000,50,-0.1854228855721393
shared evaluation seed,-0.2743188743781095,-0.3932846703980099,CRDF - ALF,0.007561436672967864,23.0,mean_degree,2000,50,-0.33180348258706466
shared evaluation seed,-0.6531516118677149,-0.7427850229631491,CRDF - ALF,0.007561436672967864,23.0,mean_radius,2000,50,-0.6980530263672057
shared evaluation seed,-30.325562865960755,-34.341578228369286,CRDF - ALF,0.007561436672967864,23.0,mean_interaction_area,2000,50,-32.29417446714098
shared evaluation seed,0.00129375,0.0008625,CRDF - ALF,0.007561436672967864,23.0,neighbor_loss_rate,2000,50,0.00106875
shared evaluation seed,0.011742130842411715,-0.06534042843848506,CRDF - ALF,0.007561436672967864,23.0,polar_order,2000,50,-0.026746522308393795
shared evaluation seed,0.008757748207255016,0.002352166006121678,CRDF - ALF,0.007561436672967864,23.0,velocity_dispersion,2000,50,0.005428801131287805
shared evaluation seed,0.01970354709694385,-0.004695317951749021,CRDF - ALF,0.007561436672967864,23.0,control_energy,2000,50,0.007210933054959517
shared evaluation seed,0.025012543531372423,0.022302992136699857,CRDF - ALF,0.007561436672967864,23.0,radius_temporal_variation,2000,50,0.02359786743863119
shared evaluation seed,0.32414809632609,0.27620404172351853,CRDF - ALF,0.007561436672967864,23.0,radius_command_temporal_variation,2000,50,0.30027425520858403
shared evaluation seed,0.0,0.0,CRDF - ALF,0.007561436672967864,23.0,radius_min_saturation_fraction,2000,50,0.0
shared evaluation seed,-0.7036859452736319,-0.7592481343283581,CRDF - ALF,0.007561436672967864,23.0,radius_max_saturation_fraction,2000,50,-0.7323942786069653
shared evaluation seed,-1.2796245335820897,-1.3621910758706466,CRDF - ALF,0.007561436672967864,23.0,mean_degree_error,2000,50,-1.322058457711443
shared evaluation seed,-12.60034763681592,-13.416138992537313,CRDF - ALF,0.007561436672967864,23.0,mean_degree_error_sq,2000,50,-13.00311567164179
shared evaluation seed,0.26729109374999993,0.2281771875,CRDF - ALF,0.007561436672967864,23.0,radius_oscillation_frequency,2000,50,0.24758125
shared evaluation seed,0.11125,0.005,CRDF - ALF,0.0044444444444444444,30.0,final_fragmentation,2000,50,0.05875
shared evaluation seed,0.037967661691542275,-0.009857120646766174,CRDF - ALF,0.0044444444444444444,30.0,mean_fragmentation,2000,50,0.014533582089552237
shared evaluation seed,-0.12,-0.22753125000000002,CRDF - ALF,0.0044444444444444444,30.0,final_largest_scc_fraction,2000,50,-0.17375
shared evaluation seed,-0.06553840174129355,-0.11351399253731341,CRDF - ALF,0.0044444444444444444,30.0,mean_largest_scc_fraction,2000,50,-0.08855721393034827
shared evaluation seed,-0.1257450248756219,-0.18872916666666673,CRDF - ALF,0.0044444444444444444,30.0,mean_degree,2000,50,-0.15522388059701492
shared evaluation seed,-0.4169300632652126,-0.48510110345510254,CRDF - ALF,0.0044444444444444444,30.0,mean_radius,2000,50,-0.4495599774396766
shared evaluation seed,-19.63989561245006,-22.766549182976775,CRDF - ALF,0.0044444444444444444,30.0,mean_interaction_area,2000,50,-21.13806860788511
shared evaluation seed,0.0008439062499999992,0.00045625,CRDF - ALF,0.0044444444444444444,30.0,neighbor_loss_rate,2000,50,0.0006375
shared evaluation seed,0.02745585688049452,-0.026389049055252908,CRDF - ALF,0.0044444444444444444,30.0,polar_order,2000,50,-0.0002524367722215726
shared evaluation seed,0.01688607053508653,0.0002159816442479742,CRDF - ALF,0.0044444444444444444,30.0,velocity_dispersion,2000,50,0.007166651735660413
shared evaluation seed,0.030975464076828888,-0.0015350661911244575,CRDF - ALF,0.0044444444444444444,30.0,control_energy,2000,50,0.014755033266320456
shared evaluation seed,0.020332768536861768,0.01782780827831463,CRDF - ALF,0.0044444444444444444,30.0,radius_temporal_variation,2000,50,0.019049300569239785
shared evaluation seed,0.27276422946084256,0.230050395570642,CRDF - ALF,0.0044444444444444444,30.0,radius_command_temporal_variation,2000,50,0.2518068428673519
shared evaluation seed,0.0,0.0,CRDF - ALF,0.0044444444444444444,30.0,radius_min_saturation_fraction,2000,50,0.0
shared evaluation seed,-0.5407274564676616,-0.5909392101990049,CRDF - ALF,0.0044444444444444444,30.0,radius_max_saturation_fraction,2000,50,-0.5654353233830846
shared evaluation seed,-1.1099926927860695,-1.2035845771144278,CRDF - ALF,0.0044444444444444444,30.0,mean_degree_error,2000,50,-1.1561504975124377
shared evaluation seed,-11.31693998756219,-12.216051461442786,CRDF - ALF,0.0044444444444444444,30.0,mean_degree_error_sq,2000,50,-11.775603233830845
shared evaluation seed,0.2331578125,0.19660062499999997,CRDF - ALF,0.0044444444444444444,30.0,radius_oscillation_frequency,2000,50,0.21445625
