ci95_high,ci95_low,density,mean_radius,method,method_label,n_bootstrap,n_seeds,step
7.904628596423128,7.840407098876102,0.012345679012345678,7.872816678238256,alf,ALF,2000,50,0
7.900787304199631,7.835531118133377,0.012345679012345678,7.871402100196954,alf,ALF,2000,50,1
7.903798571554516,7.8367050147102875,0.012345679012345678,7.87012897995978,alf,ALF,2000,50,2
7.901448317824955,7.834988353249787,0.012345679012345678,7.868983171746326,alf,ALF,2000,50,3
7.899961960566924,7.832468569853858,0.012345679012345678,7.867951944354217,alf,ALF,2000,50,4
7.900572754494639,7.833755119637443,0.012345679012345678,7.867023839701318,alf,ALF,2000,50,5
7.89938705575017,7.829899257234233,0.012345679012345678,7.866188545513709,alf,ALF,2000,50,6
7.8966185455163105,7.828703103696791,0.012345679012345678,7.8654367807448615,alf,ALF,2000,50,7
7.896492389572933,7.826479866350162,0.012345679012345678,7.864760192452898,alf,ALF,2000,50,8
7.896684142896241,7.8262410121901205,0.012345679012345678,7.864151262990131,alf,ALF,2000,50,9
7.898460383388991,7.826142963925736,0.012345679012345678,7.863603226473641,alf,ALF,2000,50,10
7.898894706196393,7.827028235058267,0.012345679012345678,7.863109993608799,alf,ALF,2000,50,11
7.895073582745518,7.825667794860378,0.012345679012345678,7.862398134838012,alf,ALF,2000,50,12
7.89569578446472,7.824550129331335,0.012345679012345678,7.861757461944302,alf,ALF,2000,50,13
7.895616561346642,7.823916940021053,0.012345679012345678,7.861180856339964,alf,ALF,2000,50,14
7.894497583986977,7.822985151096825,0.012345679012345678,7.860502992673462,alf,ALF,2000,50,15
7.895452365269188,7.821941168218546,0.012345679012345678,7.859892915373609,alf,ALF,2000,50,16
7.893584168107339,7.8210174308711355,0.012345679012345678,7.859343845803743,alf,ALF,2000,50,17
7.8940701157119015,7.8223891556696845,0.012345679012345678,7.858849683190861,alf,ALF,2000,50,18
7.892845960936109,7.8199433251885395,0.012345679012345678,7.858404936839269,alf,ALF,2000,50,19
7.8944219996634875,7.817768393864633,0.012345679012345678,7.858004665122837,alf,ALF,2000,50,20
7.893997668460801,7.819875590588457,0.012345679012345678,7.857644420578047,alf,ALF,2000,50,21
7.893687000227823,7.818513236149816,0.012345679012345678,7.857454175083952,alf,ALF,2000,50,22
7.892688162070765,7.8165092423626525,0.012345679012345678,7.857282954139266,alf,ALF,2000,50,23
7.892953724296055,7.815049095195914,0.012345679012345678,7.85712885528905,alf,ALF,2000,50,24
7.892082942074257,7.816800877296426,0.012345679012345678,7.856990166323853,alf,ALF,2000,50,25
7.892096940431364,7.816822543754117,0.012345679012345678,7.856865346255177,alf,ALF,2000,50,26
7.891992389370845,7.818665674142741,0.012345679012345678,7.856753008193369,alf,ALF,2000,50,27
7.893494101423301,7.817852814210377,0.012345679012345678,7.856651903937742,alf,ALF,2000,50,28
7.892041975660818,7.817615327807142,0.012345679012345678,7.856560910107678,alf,ALF,2000,50,29
7.8924381417492455,7.815916523929709,0.012345679012345678,7.85647901566062,alf,ALF,2000,50,30
7.892731311794023,7.819153260730701,0.012345679012345678,7.856405310658268,alf,ALF,2000,50,31
7.892872804860343,7.8187661095281555,0.012345679012345678,7.85633897615615,alf,ALF,2000,50,32
7.891033460593517,7.816184662695258,0.012345679012345678,7.856279275104245,alf,ALF,2000,50,33
7.892307378868302,7.817120177370934,0.012345679012345678,7.856225544157529,alf,ALF,2000,50,34
7.89363394804845,7.816103287544296,0.012345679012345678,7.8561771863054854,alf,ALF,2000,50,35
7.890988721022195,7.816072624891941,0.012345679012345678,7.856133664238647,alf,ALF,2000,50,36
7.89176774200968,7.815881388405404,0.012345679012345678,7.855801601159678,alf,ALF,2000,50,37
7.890623781012914,7.817067544710372,0.012345679012345678,7.855502744388607,alf,ALF,2000,50,38
7.892436618178876,7.815824032494321,0.012345679012345678,7.855233773294642,alf,ALF,2000,50,39
7.892624682214187,7.814926998806328,0.012345679012345678,7.854991699310074,alf,ALF,2000,50,40
7.8904077770552385,7.8146926729355615,0.012345679012345678,7.854773832723963,alf,ALF,2000,50,41
7.892547820613695,7.812929170840908,0.012345679012345678,7.854577752796462,alf,ALF,2000,50,42
7.89103730995011,7.8160738879678755,0.012345679012345678,7.854401280861712,alf,ALF,2000,50,43
7.889627590846846,7.815475855003896,0.012345679012345678,7.854242456120437,alf,ALF,2000,50,44
7.89123376780785,7.813501326090496,0.012345679012345678,7.8540995138532885,alf,ALF,2000,50,45
7.890396579771655,7.815452907980101,0.012345679012345678,7.853970865812856,alf,ALF,2000,50,46
7.889907119221456,7.814909569618534,0.012345679012345678,7.853855082576468,alf,ALF,2000,50,47
7.890049650451737,7.812223815596145,0.012345679012345678,7.853616903067501,alf,ALF,2000,50,48
7.892114330084748,7.814472980468922,0.012345679012345678,7.853402541509431,alf,ALF,2000,50,49
7.889434240667141,7.813147647602624,0.012345679012345678,7.8532096161071685,alf,ALF,2000,50,50
7.891125585010833,7.813031723588282,0.012345679012345678,7.853035983245133,alf,ALF,2000,50,51
7.8886428103735176,7.814349918411774,0.012345679012345678,7.852879713669299,alf,ALF,2000,50,52
7.888701015741207,7.813842140772287,0.012345679012345678,7.85273907105105,alf,ALF,2000,50,53
7.887500963603265,7.811309676893334,0.012345679012345678,7.852612492694626,alf,ALF,2000,50,54
7.889879016094862,7.812277217164736,0.012345679012345678,7.852498572173844,alf,ALF,2000,50,55
7.889882659577856,7.811316175280127,0.012345679012345678,7.8523960437051405,alf,ALF,2000,50,56
7.88866903625467,7.812097794767808,0.012345679012345678,7.852303768083306,alf,ALF,2000,50,57
7.8894187363187935,7.810442992599153,0.012345679012345678,7.852220720023656,alf,ALF,2000,50,58
7.889835286621403,7.812256829342964,0.012345679012345678,7.852145976769971,alf,ALF,2000,50,59
7.889894141726204,7.809406230682846,0.012345679012345678,7.852078707841655,alf,ALF,2000,50,60
7.888174925509792,7.808857931923837,0.012345679012345678,7.85201816580617,alf,ALF,2000,50,61
7.888523034400604,7.80981974262375,0.012345679012345678,7.851963677974234,alf,ALF,2000,50,62
7.8879706376613035,7.811024146502767,0.012345679012345678,7.85191463892549,alf,ALF,2000,50,63
7.8883953066883326,7.812872385810536,0.012345679012345678,7.8518705037816225,alf,ALF,2000,50,64
7.889621431574935,7.8111686464798105,0.012345679012345678,7.85183078215214,alf,ALF,2000,50,65
7.888001633865144,7.810101678928609,0.012345679012345678,7.851795032685606,alf,ALF,2000,50,66
7.888077323377589,7.812526577270957,0.012345679012345678,7.851628883569511,alf,ALF,2000,50,67
7.887445165361188,7.811769185189534,0.012345679012345678,7.851479349365024,alf,ALF,2000,50,68
7.888802643412243,7.810745526129113,0.012345679012345678,7.851344768580987,alf,ALF,2000,50,69
7.889598207640685,7.811010181616338,0.012345679012345678,7.851223645875353,alf,ALF,2000,50,70
7.888772325001642,7.80849885197702,0.012345679012345678,7.851114635440283,alf,ALF,2000,50,71
7.889720386594207,7.8105680585877,0.012345679012345678,7.851016526048721,alf,ALF,2000,50,72
7.887779034939505,7.8097940536633805,0.012345679012345678,7.850928227596313,alf,ALF,2000,50,73
7.887040647238834,7.810604670233433,0.012345679012345678,7.850848758989147,alf,ALF,2000,50,74
7.88819129086956,7.811112162696379,0.012345679012345678,7.8507772372426965,alf,ALF,2000,50,75
7.8870276679521965,7.807702401978935,0.012345679012345678,7.850712867670892,alf,ALF,2000,50,76
7.887489199463269,7.811598667904881,0.012345679012345678,7.850654935056268,alf,ALF,2000,50,77
7.8863550019719275,7.809156759914214,0.012345679012345678,7.850602795703106,alf,ALF,2000,50,78
7.8874116993263135,7.808659353854901,0.012345679012345678,7.85055587028526,alf,ALF,2000,50,79
7.887376122819877,7.806863378126985,0.012345679012345678,7.850513637409199,alf,ALF,2000,50,80
7.887923409840608,7.8102287734768945,0.012345679012345678,7.850475627820745,alf,ALF,2000,50,81
7.886771114269427,7.810612724399246,0.012345679012345678,7.850441419191135,alf,ALF,2000,50,82
7.888676405989919,7.812189291891281,0.012345679012345678,7.850410631424486,alf,ALF,2000,50,83
7.885878857497165,7.809560147462688,0.012345679012345678,7.850382922434502,alf,ALF,2000,50,84
7.886508322882761,7.812395876140069,0.012345679012345678,7.850357984343517,alf,ALF,2000,50,85
7.8880863874197225,7.809806179946759,0.012345679012345678,7.85033554006163,alf,ALF,2000,50,86
7.886895324566532,7.809827611144493,0.012345679012345678,7.850315340207933,alf,ALF,2000,50,87
7.887688950435689,7.809775400039977,0.012345679012345678,7.850297160339604,alf,ALF,2000,50,88
7.887237946132307,7.810137457992485,0.012345679012345678,7.850280798458109,alf,ALF,2000,50,89
7.886878297978973,7.81078177653168,0.012345679012345678,7.850266072764763,alf,ALF,2000,50,90
7.887171495469681,7.809295066186282,0.012345679012345678,7.850252819640751,alf,ALF,2000,50,91
7.887068787743564,7.809640283993876,0.012345679012345678,7.8502408918291415,alf,ALF,2000,50,92
7.88766063895656,7.812653818057486,0.012345679012345678,7.850230156798692,alf,ALF,2000,50,93
7.886540976695815,7.810126158401871,0.012345679012345678,7.850220495271287,alf,ALF,2000,50,94
7.887654707716649,7.808519034730064,0.012345679012345678,7.850211799896624,alf,ALF,2000,50,95
7.886389844620388,7.8096454427476925,0.012345679012345678,7.8502039740594265,alf,ALF,2000,50,96
7.887910413419653,7.8089641831472525,0.012345679012345678,7.850196930805948,alf,ALF,2000,50,97
7.887076063598718,7.810668422343944,0.012345679012345678,7.850190591877818,alf,ALF,2000,50,98
7.8857211375550875,7.810186047470225,0.012345679012345678,7.850184886842502,alf,ALF,2000,50,99
7.886764686448377,7.811325626830264,0.012345679012345678,7.850179752310717,alf,ALF,2000,50,100
7.8876219411438875,7.806924920628768,0.012345679012345678,7.85017513123211,alf,ALF,2000,50,101
7.886831930904533,7.8071116655179935,0.012345679012345678,7.850170972261363,alf,ALF,2000,50,102
7.8870369427730465,7.8092484798359285,0.012345679012345678,7.850167229187693,alf,ALF,2000,50,103
7.888081673717583,7.810058073482711,0.012345679012345678,7.850163860421389,alf,ALF,2000,50,104
7.886991401377312,7.809349954453845,0.012345679012345678,7.850160828531714,alf,ALF,2000,50,105
7.886962206459648,7.8096888070262676,0.012345679012345678,7.850158099831008,alf,ALF,2000,50,106
7.887807356682942,7.8096901059506,0.012345679012345678,7.850155644000372,alf,ALF,2000,50,107
7.8889273439657215,7.809553449457058,0.012345679012345678,7.8501534337528,alf,ALF,2000,50,108
7.887599846722441,7.810405872610277,0.012345679012345678,7.850151444529985,alf,ALF,2000,50,109
7.887406090270154,7.811729357716544,0.012345679012345678,7.850149654229451,alf,ALF,2000,50,110
7.887068921936305,7.810279017440575,0.012345679012345678,7.8501480429589705,alf,ALF,2000,50,111
7.885741165008343,7.8076081604823555,0.012345679012345678,7.850146592815539,alf,ALF,2000,50,112
7.887804387409034,7.810875743925207,0.012345679012345678,7.85014528768645,alf,ALF,2000,50,113
7.887322077573408,7.80870229047759,0.012345679012345678,7.85014411307027,alf,ALF,2000,50,114
7.886465700084195,7.809128153956461,0.012345679012345678,7.850143055915708,alf,ALF,2000,50,115
7.887317474451027,7.8116455107851035,0.012345679012345678,7.8501421044766015,alf,ALF,2000,50,116
7.8865606783288555,7.808465040604518,0.012345679012345678,7.850141248181407,alf,ALF,2000,50,117
7.88722192387845,7.80895091618733,0.012345679012345678,7.8501404775157315,alf,ALF,2000,50,118
7.8884295065193974,7.809282402280355,0.012345679012345678,7.850139783916623,alf,ALF,2000,50,119
7.885737198909567,7.809428722603648,0.012345679012345678,7.850139159677426,alf,ALF,2000,50,120
7.887804066613124,7.808538158196678,0.012345679012345678,7.850138597862148,alf,ALF,2000,50,121
7.887558057323427,7.8101312071181175,0.012345679012345678,7.850138092228398,alf,ALF,2000,50,122
7.886818855327535,7.81003095359015,0.012345679012345678,7.8501376371580225,alf,ALF,2000,50,123
7.887803725089911,7.809881452480686,0.012345679012345678,7.8501372275946855,alf,ALF,2000,50,124
7.888894364092337,7.810288314592151,0.012345679012345678,7.850136858987683,alf,ALF,2000,50,125
7.885126237459096,7.810620174441836,0.012345679012345678,7.8501365272413794,alf,ALF,2000,50,126
7.886463895037989,7.812307464757145,0.012345679012345678,7.850136228669706,alf,ALF,2000,50,127
7.885470722096812,7.808775912972593,0.012345679012345678,7.8501359599552005,alf,ALF,2000,50,128
7.887063130288593,7.80834645003468,0.012345679012345678,7.850135718112146,alf,ALF,2000,50,129
7.886465903481188,7.809774727188982,0.012345679012345678,7.850135500453396,alf,ALF,2000,50,130
7.886736986050892,7.811216027374185,0.012345679012345678,7.850135304560521,alf,ALF,2000,50,131
7.887811187103883,7.8117624872669555,0.012345679012345678,7.850135128256934,alf,ALF,2000,50,132
7.887554190811032,7.808197632194473,0.012345679012345678,7.8501349695837055,alf,ALF,2000,50,133
7.886560171644918,7.808696390408318,0.012345679012345678,7.8501348267778,alf,ALF,2000,50,134
7.884770236148595,7.808599483926897,0.012345679012345678,7.8502686728487,alf,ALF,2000,50,135
7.8878033401268555,7.811880862070701,0.012345679012345678,7.850389134312511,alf,ALF,2000,50,136
7.887553876771805,7.811212934144283,0.012345679012345678,7.8504975496299405,alf,ALF,2000,50,137
7.887237797513939,7.811665126341186,0.012345679012345678,7.850595123415627,alf,ALF,2000,50,138
7.887811071835049,7.811521030930626,0.012345679012345678,7.850682939822744,alf,ALF,2000,50,139
7.886226576624285,7.809236849543216,0.012345679012345678,7.850761974589151,alf,ALF,2000,50,140
7.888302719376027,7.8103297491053665,0.012345679012345678,7.850833105878916,alf,ALF,2000,50,141
7.886752626290987,7.811597103176426,0.012345679012345678,7.851031098635921,alf,ALF,2000,50,142
7.8873067851325045,7.811274767372676,0.012345679012345678,7.8512092921172245,alf,ALF,2000,50,143
7.8853649155915555,7.813714301407878,0.012345679012345678,7.851369666250398,alf,ALF,2000,50,144
7.886428738503708,7.80964025697719,0.012345679012345678,7.851514002970255,alf,ALF,2000,50,145
7.886762902278397,7.814214446374927,0.012345679012345678,7.851643906018126,alf,ALF,2000,50,146
7.88893487138422,7.813838160612604,0.012345679012345678,7.851760818761209,alf,ALF,2000,50,147
7.88875798105426,7.811302834673266,0.012345679012345678,7.851866040229984,alf,ALF,2000,50,148
7.8870722422810955,7.812903994650423,0.012345679012345678,7.851960739551881,alf,ALF,2000,50,149
7.888624545662247,7.8146047900549584,0.012345679012345678,7.85204596894159,alf,ALF,2000,50,150
7.889262142968783,7.810522503180795,0.012345679012345678,7.852122675392327,alf,ALF,2000,50,151
7.8873057192173075,7.814955742605643,0.012345679012345678,7.852191711197991,alf,ALF,2000,50,152
7.887215953150942,7.813589128834176,0.012345679012345678,7.852253843423088,alf,ALF,2000,50,153
7.889891708815768,7.812762243849444,0.012345679012345678,7.852309762425674,alf,ALF,2000,50,154
7.887161987237171,7.813738193558529,0.012345679012345678,7.852360089528003,alf,ALF,2000,50,155
7.888372171595696,7.815457641418179,0.012345679012345678,7.8524053839200985,alf,ALF,2000,50,156
7.886437427207423,7.813532355239122,0.012345679012345678,7.8524461488729855,alf,ALF,2000,50,157
7.88744971173257,7.813994443833055,0.012345679012345678,7.852482837330583,alf,ALF,2000,50,158
7.888052881333173,7.814112245799384,0.012345679012345678,7.8525158569424205,alf,ALF,2000,50,159
7.8880527805403045,7.8134552503769115,0.012345679012345678,7.852545574593075,alf,ALF,2000,50,160
7.8880552992549235,7.814097478866042,0.012345679012345678,7.852572320478663,alf,ALF,2000,50,161
7.888304664317967,7.8147488326545025,0.012345679012345678,7.852596391775693,alf,ALF,2000,50,162
7.8881736164021214,7.816180531166667,0.012345679012345678,7.8526180559430205,alf,ALF,2000,50,163
7.888302211048348,7.8141924843393165,0.012345679012345678,7.852637553693614,alf,ALF,2000,50,164
7.887212936623055,7.813442993423548,0.012345679012345678,7.852655101669148,alf,ALF,2000,50,165
7.889441729380662,7.814601783604804,0.012345679012345678,7.8526708948471295,alf,ALF,2000,50,166
7.888603827885708,7.815488250759445,0.012345679012345678,7.852685108707313,alf,ALF,2000,50,167
7.888145310438212,7.813850679273081,0.012345679012345678,7.852697901181477,alf,ALF,2000,50,168
7.886469817475396,7.8163831260629895,0.012345679012345678,7.852709414408227,alf,ALF,2000,50,169
7.888557944785159,7.815514872665288,0.012345679012345678,7.852719776312299,alf,ALF,2000,50,170
7.889392510751378,7.81401681454132,0.012345679012345678,7.8527291020259655,alf,ALF,2000,50,171
7.88914679032012,7.816469223152224,0.012345679012345678,7.852737495168265,alf,ALF,2000,50,172
7.889939100904094,7.814959086198699,0.012345679012345678,7.852745048996335,alf,ALF,2000,50,173
7.888044790603228,7.815737285653862,0.012345679012345678,7.8527518474415965,alf,ALF,2000,50,174
7.887516623244264,7.815778482740073,0.012345679012345678,7.852757966042334,alf,ALF,2000,50,175
7.889398759603155,7.815417582757324,0.012345679012345678,7.852763472782997,alf,ALF,2000,50,176
7.887809562500534,7.815554127273337,0.012345679012345678,7.8527684288495925,alf,ALF,2000,50,177
7.887308377819935,7.816725446967096,0.012345679012345678,7.85277288930953,alf,ALF,2000,50,178
7.888066966350237,7.8127586752367915,0.012345679012345678,7.8527769037234725,alf,ALF,2000,50,179
7.887282746319672,7.817241106518737,0.012345679012345678,7.852780516696022,alf,ALF,2000,50,180
7.888053623186358,7.815070231649718,0.012345679012345678,7.8527837683713155,alf,ALF,2000,50,181
7.887300070855879,7.815850917504734,0.012345679012345678,7.8527866948790805,alf,ALF,2000,50,182
7.889143077410321,7.813776354375133,0.012345679012345678,7.852789328736068,alf,ALF,2000,50,183
7.887789254231508,7.816851968023169,0.012345679012345678,7.852791699207358,alf,ALF,2000,50,184
7.886207717203772,7.814263301999658,0.012345679012345678,7.852793832631518,alf,ALF,2000,50,185
7.8897404524700825,7.814279017859619,0.012345679012345678,7.852795752713262,alf,ALF,2000,50,186
7.887553884827555,7.815014482925854,0.012345679012345678,7.8527974807868315,alf,ALF,2000,50,187
7.888316991928286,7.813785992773656,0.012345679012345678,7.852799036053045,alf,ALF,2000,50,188
7.888382462932402,7.814195436957497,0.012345679012345678,7.852800435792636,alf,ALF,2000,50,189
7.889149126623612,7.812932332420768,0.012345679012345678,7.852801695558269,alf,ALF,2000,50,190
7.8891363412532804,7.818041288026656,0.012345679012345678,7.852802829347338,alf,ALF,2000,50,191
7.887307784437388,7.8158600573288854,0.012345679012345678,7.852803849757501,alf,ALF,2000,50,192
7.8883044513906455,7.813863839886044,0.012345679012345678,7.852804768126646,alf,ALF,2000,50,193
7.88914440244658,7.814125323285483,0.012345679012345678,7.852805594658878,alf,ALF,2000,50,194
7.890583295049318,7.814138877190513,0.012345679012345678,7.852806338537886,alf,ALF,2000,50,195
7.888893629943084,7.814793430828693,0.012345679012345678,7.852807008028993,alf,ALF,2000,50,196
7.889237643909029,7.814538857360099,0.012345679012345678,7.85280761057099,alf,ALF,2000,50,197
7.888398675544086,7.812957719490286,0.012345679012345678,7.852808152858787,alf,ALF,2000,50,198
7.888642803886943,7.814049916974676,0.012345679012345678,7.852808640917805,alf,ALF,2000,50,199
7.887214212824235,7.816132804569486,0.012345679012345678,7.852809080170919,alf,ALF,2000,50,200
7.9027962059399215,7.840413334882697,0.012345679012345678,7.872816678238256,crdf,Current-radius feedback,2000,50,0
7.780473042702316,7.70809957099306,0.012345679012345678,7.745271096404862,crdf,Current-radius feedback,2000,50,1
7.67295132767887,7.59638813505961,0.012345679012345678,7.635857667621658,crdf,Current-radius feedback,2000,50,2
7.586106973822552,7.498852677867764,0.012345679012345678,7.543374632343692,crdf,Current-radius feedback,2000,50,3
7.510117751199372,7.414350516586203,0.012345679012345678,7.466254931405473,crdf,Current-radius feedback,2000,50,4
7.451862950255802,7.351994589743854,0.012345679012345678,7.401769371985265,crdf,Current-radius feedback,2000,50,5
7.403243660447269,7.289719743176146,0.012345679012345678,7.347176635894173,crdf,Current-radius feedback,2000,50,6
7.355589087454835,7.2435221855094,0.012345679012345678,7.301938688358733,crdf,Current-radius feedback,2000,50,7
7.323379594548151,7.202828122030864,0.012345679012345678,7.263962308271387,crdf,Current-radius feedback,2000,50,8
7.291401042625184,7.167100495452009,0.012345679012345678,7.2291798351085035,crdf,Current-radius feedback,2000,50,9
7.261440734237606,7.135611022105453,0.012345679012345678,7.200858344742205,crdf,Current-radius feedback,2000,50,10
7.2433336668076125,7.1150502658928625,0.012345679012345678,7.177192504622223,crdf,Current-radius feedback,2000,50,11
7.225544663578482,7.088237929697796,0.012345679012345678,7.156116609139466,crdf,Current-radius feedback,2000,50,12
7.200305429982298,7.070169652087877,0.012345679012345678,7.13743044994088,crdf,Current-radius feedback,2000,50,13
7.182314948454119,7.05316214283762,0.012345679012345678,7.12026087092627,crdf,Current-radius feedback,2000,50,14
7.1695880673687915,7.033197201317147,0.012345679012345678,7.102738659297046,crdf,Current-radius feedback,2000,50,15
7.154211223008959,7.026832141397586,0.012345679012345678,7.089167192182997,crdf,Current-radius feedback,2000,50,16
7.138718213232655,7.005302851717241,0.012345679012345678,7.074301972304726,crdf,Current-radius feedback,2000,50,17
7.1287463090385685,6.9944701779081155,0.012345679012345678,7.062736692103892,crdf,Current-radius feedback,2000,50,18
7.11989782061991,6.9846239623061805,0.012345679012345678,7.050923445401915,crdf,Current-radius feedback,2000,50,19
7.108488396564601,6.97352599602885,0.012345679012345678,7.040936452324832,crdf,Current-radius feedback,2000,50,20
7.0928148674625975,6.963554106418262,0.012345679012345678,7.029514491163724,crdf,Current-radius feedback,2000,50,21
7.08639608767516,6.95547759544383,0.012345679012345678,7.022454296441108,crdf,Current-radius feedback,2000,50,22
7.074295910917781,6.945031077467574,0.012345679012345678,7.011251560109706,crdf,Current-radius feedback,2000,50,23
7.068615347454974,6.939976812766538,0.012345679012345678,7.00396236420076,crdf,Current-radius feedback,2000,50,24
7.058959478645599,6.9285998827211746,0.012345679012345678,6.994370857687382,crdf,Current-radius feedback,2000,50,25
7.060118224672049,6.926206881192512,0.012345679012345678,6.990170013837628,crdf,Current-radius feedback,2000,50,26
7.045553664545801,6.915643382624655,0.012345679012345678,6.979550412332949,crdf,Current-radius feedback,2000,50,27
7.042157791043901,6.9128027128042735,0.012345679012345678,6.976126148209138,crdf,Current-radius feedback,2000,50,28
7.035490318769403,6.901703116046545,0.012345679012345678,6.969155696250023,crdf,Current-radius feedback,2000,50,29
7.027918406176528,6.902658965471648,0.012345679012345678,6.964079370670416,crdf,Current-radius feedback,2000,50,30
7.0204141677826755,6.891656676037135,0.012345679012345678,6.956372374503312,crdf,Current-radius feedback,2000,50,31
7.017001674663835,6.887430360344265,0.012345679012345678,6.952466743866281,crdf,Current-radius feedback,2000,50,32
7.011633844613313,6.878109090422104,0.012345679012345678,6.944971711348268,crdf,Current-radius feedback,2000,50,33
7.0064300546653975,6.872383722153303,0.012345679012345678,6.9398005078017295,crdf,Current-radius feedback,2000,50,34
6.998198377565448,6.863255781944982,0.012345679012345678,6.932880068558184,crdf,Current-radius feedback,2000,50,35
6.9954258761117245,6.863233476651557,0.012345679012345678,6.930804885721675,crdf,Current-radius feedback,2000,50,36
6.992971601964495,6.859079031208921,0.012345679012345678,6.924787657108437,crdf,Current-radius feedback,2000,50,37
6.990436406665683,6.851081975402962,0.012345679012345678,6.920760392033706,crdf,Current-radius feedback,2000,50,38
6.988202851081835,6.84687025317518,0.012345679012345678,6.916222975319323,crdf,Current-radius feedback,2000,50,39
6.979769065515056,6.843049274423043,0.012345679012345678,6.910703525311875,crdf,Current-radius feedback,2000,50,40
6.97429432225059,6.836582444748885,0.012345679012345678,6.906214070829822,crdf,Current-radius feedback,2000,50,41
6.972128240519113,6.835096362017973,0.012345679012345678,6.903186780330593,crdf,Current-radius feedback,2000,50,42
6.976006869557901,6.832216891133333,0.012345679012345678,6.901683679809306,crdf,Current-radius feedback,2000,50,43
6.96904520566667,6.828896657176071,0.012345679012345678,6.8984967403284205,crdf,Current-radius feedback,2000,50,44
6.966270537274916,6.821543587062661,0.012345679012345678,6.892154508439202,crdf,Current-radius feedback,2000,50,45
6.966772496372352,6.819290959104338,0.012345679012345678,6.8920424865658285,crdf,Current-radius feedback,2000,50,46
6.958679133455061,6.811703696952294,0.012345679012345678,6.886513754458893,crdf,Current-radius feedback,2000,50,47
6.956646837175461,6.811768352016035,0.012345679012345678,6.885336351623799,crdf,Current-radius feedback,2000,50,48
6.954611556477069,6.808519615708003,0.012345679012345678,6.881005441213587,crdf,Current-radius feedback,2000,50,49
6.94906293427201,6.802719571314187,0.012345679012345678,6.878527241645737,crdf,Current-radius feedback,2000,50,50
6.947572761318622,6.804610023801336,0.012345679012345678,6.876372258395781,crdf,Current-radius feedback,2000,50,51
6.945753366777708,6.7972255468396785,0.012345679012345678,6.871740676124772,crdf,Current-radius feedback,2000,50,52
6.944316070437841,6.799084043326998,0.012345679012345678,6.872375137813412,crdf,Current-radius feedback,2000,50,53
6.9432398382189415,6.7944343944055205,0.012345679012345678,6.869943614267426,crdf,Current-radius feedback,2000,50,54
6.935553199587718,6.79262947941992,0.012345679012345678,6.86532117953856,crdf,Current-radius feedback,2000,50,55
6.939299287667761,6.788417211191659,0.012345679012345678,6.8644145889594315,crdf,Current-radius feedback,2000,50,56
6.93831980511944,6.784021189753899,0.012345679012345678,6.8607113887215885,crdf,Current-radius feedback,2000,50,57
6.9388045488797,6.786563601364866,0.012345679012345678,6.862541555876339,crdf,Current-radius feedback,2000,50,58
6.92984585102604,6.782718125787004,0.012345679012345678,6.8574359084388625,crdf,Current-radius feedback,2000,50,59
6.925147457040444,6.7805250229104495,0.012345679012345678,6.855696417872739,crdf,Current-radius feedback,2000,50,60
6.9240568467564945,6.782397392263687,0.012345679012345678,6.855511721514926,crdf,Current-radius feedback,2000,50,61
6.926369693373265,6.7775125229571955,0.012345679012345678,6.853158844444202,crdf,Current-radius feedback,2000,50,62
6.924906382590805,6.777287285874188,0.012345679012345678,6.8520557682720264,crdf,Current-radius feedback,2000,50,63
6.924487493451081,6.772920382557304,0.012345679012345678,6.850213476791277,crdf,Current-radius feedback,2000,50,64
6.921418424182566,6.7700827376753985,0.012345679012345678,6.848574752442982,crdf,Current-radius feedback,2000,50,65
6.918720263419793,6.7764094382760645,0.012345679012345678,6.848198598945322,crdf,Current-radius feedback,2000,50,66
6.917854656619968,6.775104829027949,0.012345679012345678,6.844809027016638,crdf,Current-radius feedback,2000,50,67
6.920801711035973,6.772493704957503,0.012345679012345678,6.845910664335795,crdf,Current-radius feedback,2000,50,68
6.919421526651235,6.766467595606975,0.012345679012345678,6.843234670998641,crdf,Current-radius feedback,2000,50,69
6.919005095557963,6.771584997975851,0.012345679012345678,6.843113364368983,crdf,Current-radius feedback,2000,50,70
6.913144884783,6.769647344427864,0.012345679012345678,6.841102206691152,crdf,Current-radius feedback,2000,50,71
6.911800361622772,6.768700553203488,0.012345679012345678,6.841224696560626,crdf,Current-radius feedback,2000,50,72
6.910667594945047,6.768172604450034,0.012345679012345678,6.839870005748001,crdf,Current-radius feedback,2000,50,73
6.906137018763052,6.763112353477111,0.012345679012345678,6.837806204170005,crdf,Current-radius feedback,2000,50,74
6.908061969318964,6.76259110857931,0.012345679012345678,6.8358296686598985,crdf,Current-radius feedback,2000,50,75
6.910454442490181,6.762949058520567,0.012345679012345678,6.837711521062555,crdf,Current-radius feedback,2000,50,76
6.907874714604659,6.760152952227288,0.012345679012345678,6.83684623641934,crdf,Current-radius feedback,2000,50,77
6.907380214826391,6.7650511762588454,0.012345679012345678,6.83640661308972,crdf,Current-radius feedback,2000,50,78
6.9059436677452135,6.760373765037173,0.012345679012345678,6.831783303676981,crdf,Current-radius feedback,2000,50,79
6.9076020120993915,6.760660920586789,0.012345679012345678,6.8336628270292445,crdf,Current-radius feedback,2000,50,80
6.904057606658153,6.755999869349745,0.012345679012345678,6.831877526333509,crdf,Current-radius feedback,2000,50,81
6.904876981093849,6.757799744647619,0.012345679012345678,6.833007964119933,crdf,Current-radius feedback,2000,50,82
6.903592582283467,6.757473221103263,0.012345679012345678,6.831162865301255,crdf,Current-radius feedback,2000,50,83
6.902536888770351,6.754134939656847,0.012345679012345678,6.831843167030384,crdf,Current-radius feedback,2000,50,84
6.897335964699277,6.759329504948051,0.012345679012345678,6.829228670100494,crdf,Current-radius feedback,2000,50,85
6.903279645223967,6.756279917593357,0.012345679012345678,6.829139922614677,crdf,Current-radius feedback,2000,50,86
6.895804878563948,6.747113038019105,0.012345679012345678,6.8265383500550865,crdf,Current-radius feedback,2000,50,87
6.898996585222926,6.752513854194357,0.012345679012345678,6.826637898987794,crdf,Current-radius feedback,2000,50,88
6.900271342327658,6.748298851274341,0.012345679012345678,6.82633538798485,crdf,Current-radius feedback,2000,50,89
6.893779407833251,6.747662283350355,0.012345679012345678,6.823053757772918,crdf,Current-radius feedback,2000,50,90
6.894552607323202,6.749284688243596,0.012345679012345678,6.822840681815985,crdf,Current-radius feedback,2000,50,91
6.891727406881217,6.7501202566162695,0.012345679012345678,6.822624999311408,crdf,Current-radius feedback,2000,50,92
6.895007931967281,6.743558125205549,0.012345679012345678,6.820718372037136,crdf,Current-radius feedback,2000,50,93
6.893367435252082,6.75132802037389,0.012345679012345678,6.822126976650086,crdf,Current-radius feedback,2000,50,94
6.890990168371085,6.74660280594707,0.012345679012345678,6.819038871967661,crdf,Current-radius feedback,2000,50,95
6.891272668005734,6.74505774297692,0.012345679012345678,6.818993999490591,crdf,Current-radius feedback,2000,50,96
6.891343134333053,6.744238533661215,0.012345679012345678,6.817419456528933,crdf,Current-radius feedback,2000,50,97
6.8920487067002485,6.742339997041626,0.012345679012345678,6.818029535307571,crdf,Current-radius feedback,2000,50,98
6.884807273162441,6.746917102277442,0.012345679012345678,6.815881467102258,crdf,Current-radius feedback,2000,50,99
6.8914430012637675,6.740405736657366,0.012345679012345678,6.8151346390990355,crdf,Current-radius feedback,2000,50,100
6.883941867007624,6.743610679338586,0.012345679012345678,6.815432259475763,crdf,Current-radius feedback,2000,50,101
6.8852435410086,6.73886287962174,0.012345679012345678,6.814570869330628,crdf,Current-radius feedback,2000,50,102
6.885947239225672,6.74122602949227,0.012345679012345678,6.814541815278847,crdf,Current-radius feedback,2000,50,103
6.882824698874663,6.742443482814663,0.012345679012345678,6.8131587390893955,crdf,Current-radius feedback,2000,50,104
6.882630295131453,6.736005513328012,0.012345679012345678,6.81139489026003,crdf,Current-radius feedback,2000,50,105
6.882490546733907,6.740289326193424,0.012345679012345678,6.812995053229863,crdf,Current-radius feedback,2000,50,106
6.881840950235169,6.736304377694145,0.012345679012345678,6.812015264453359,crdf,Current-radius feedback,2000,50,107
6.88233935831432,6.736516419289861,0.012345679012345678,6.811843961124046,crdf,Current-radius feedback,2000,50,108
6.87688765624732,6.735671001191426,0.012345679012345678,6.808135927932056,crdf,Current-radius feedback,2000,50,109
6.882014078894995,6.737402665136356,0.012345679012345678,6.811634919516624,crdf,Current-radius feedback,2000,50,110
6.878929964572546,6.732199526106634,0.012345679012345678,6.806544623312065,crdf,Current-radius feedback,2000,50,111
6.881705056005124,6.7344916142706825,0.012345679012345678,6.808972594248272,crdf,Current-radius feedback,2000,50,112
6.88093894606426,6.7372093421007735,0.012345679012345678,6.806648339859087,crdf,Current-radius feedback,2000,50,113
6.87953690075855,6.73148055428088,0.012345679012345678,6.8081909079064555,crdf,Current-radius feedback,2000,50,114
6.878259141452389,6.731486993058142,0.012345679012345678,6.806346280339015,crdf,Current-radius feedback,2000,50,115
6.8797290404412115,6.735059303108511,0.012345679012345678,6.807487144763322,crdf,Current-radius feedback,2000,50,116
6.874008871105648,6.730146421582711,0.012345679012345678,6.804388473655429,crdf,Current-radius feedback,2000,50,117
6.878257109821198,6.733685433969477,0.012345679012345678,6.804917058466535,crdf,Current-radius feedback,2000,50,118
6.876735446790365,6.729251118130901,0.012345679012345678,6.803359083573747,crdf,Current-radius feedback,2000,50,119
6.875589892814892,6.732867598693222,0.012345679012345678,6.80479306163258,crdf,Current-radius feedback,2000,50,120
6.872745281446584,6.73222643017075,0.012345679012345678,6.803308120958872,crdf,Current-radius feedback,2000,50,121
6.875760932536756,6.72564244412508,0.012345679012345678,6.803120162140224,crdf,Current-radius feedback,2000,50,122
6.870222586297866,6.728285962197127,0.012345679012345678,6.801315009065038,crdf,Current-radius feedback,2000,50,123
6.871425358764866,6.72864301867572,0.012345679012345678,6.802467384242644,crdf,Current-radius feedback,2000,50,124
6.875238592049189,6.728125140376349,0.012345679012345678,6.801608146233354,crdf,Current-radius feedback,2000,50,125
6.87298117914289,6.726590878685328,0.012345679012345678,6.800765041705886,crdf,Current-radius feedback,2000,50,126
6.867606575643904,6.728036397375375,0.012345679012345678,6.801020393902436,crdf,Current-radius feedback,2000,50,127
6.870852271694395,6.730803738267607,0.012345679012345678,6.799653362310771,crdf,Current-radius feedback,2000,50,128
6.870183107062603,6.7252250715905975,0.012345679012345678,6.7995172548160046,crdf,Current-radius feedback,2000,50,129
6.865291155851862,6.724814885709188,0.012345679012345678,6.7984720611773195,crdf,Current-radius feedback,2000,50,130
6.870214349293154,6.725230314266859,0.012345679012345678,6.798735764930708,crdf,Current-radius feedback,2000,50,131
6.868457341059313,6.723162306404653,0.012345679012345678,6.798065826203632,crdf,Current-radius feedback,2000,50,132
6.866459317385816,6.719556557782488,0.012345679012345678,6.797563585191446,crdf,Current-radius feedback,2000,50,133
6.866606576194122,6.726292929037085,0.012345679012345678,6.796567742779226,crdf,Current-radius feedback,2000,50,134
6.8702329224355445,6.722164392997123,0.012345679012345678,6.795927095196016,crdf,Current-radius feedback,2000,50,135
6.870825790715757,6.724184693224476,0.012345679012345678,6.795859509109907,crdf,Current-radius feedback,2000,50,136
6.863275503770321,6.7197986579776146,0.012345679012345678,6.7949718476484335,crdf,Current-radius feedback,2000,50,137
6.863539249281329,6.721517229533924,0.012345679012345678,6.794683342409623,crdf,Current-radius feedback,2000,50,138
6.863806141359607,6.722057259651396,0.012345679012345678,6.793221099149974,crdf,Current-radius feedback,2000,50,139
6.863124177532554,6.718510958036911,0.012345679012345678,6.7944132162324795,crdf,Current-radius feedback,2000,50,140
6.866101329122885,6.725545872997748,0.012345679012345678,6.795379612938563,crdf,Current-radius feedback,2000,50,141
6.864864093703192,6.722591866591987,0.012345679012345678,6.794694944477424,crdf,Current-radius feedback,2000,50,142
6.862705050882134,6.718979836942835,0.012345679012345678,6.793774904376677,crdf,Current-radius feedback,2000,50,143
6.860831911793887,6.718842247350932,0.012345679012345678,6.793286862882111,crdf,Current-radius feedback,2000,50,144
6.862077870496422,6.723118160232998,0.012345679012345678,6.793779078602557,crdf,Current-radius feedback,2000,50,145
6.865329211809955,6.719089242939046,0.012345679012345678,6.793036966717315,crdf,Current-radius feedback,2000,50,146
6.860327561546002,6.722490352732062,0.012345679012345678,6.794495543969174,crdf,Current-radius feedback,2000,50,147
6.8653829079759525,6.718862256935107,0.012345679012345678,6.794935189881407,crdf,Current-radius feedback,2000,50,148
6.864263198665637,6.720582579736236,0.012345679012345678,6.793428889491282,crdf,Current-radius feedback,2000,50,149
6.867006567677443,6.714027108289049,0.012345679012345678,6.792305576504178,crdf,Current-radius feedback,2000,50,150
6.862907138010808,6.719909279478493,0.012345679012345678,6.791210042671249,crdf,Current-radius feedback,2000,50,151
6.86251723924457,6.712331637074555,0.012345679012345678,6.791819320090679,crdf,Current-radius feedback,2000,50,152
6.865132609343587,6.716467937527923,0.012345679012345678,6.791964352641782,crdf,Current-radius feedback,2000,50,153
6.867857730750337,6.718398751843799,0.012345679012345678,6.792210347605382,crdf,Current-radius feedback,2000,50,154
6.860072812861318,6.716652285665389,0.012345679012345678,6.789814213031908,crdf,Current-radius feedback,2000,50,155
6.859039130619399,6.713101771301146,0.012345679012345678,6.791910945277805,crdf,Current-radius feedback,2000,50,156
6.861731914919419,6.714553757767942,0.012345679012345678,6.791096188930959,crdf,Current-radius feedback,2000,50,157
6.859315807810183,6.714204916492545,0.012345679012345678,6.7916064278168475,crdf,Current-radius feedback,2000,50,158
6.85768907427991,6.715462789274192,0.012345679012345678,6.788554008328726,crdf,Current-radius feedback,2000,50,159
6.8672351045745135,6.719713377725237,0.012345679012345678,6.791186248495287,crdf,Current-radius feedback,2000,50,160
6.860845533579194,6.714843198934463,0.012345679012345678,6.790074744510117,crdf,Current-radius feedback,2000,50,161
6.8629567401151075,6.715325063811793,0.012345679012345678,6.790295851851482,crdf,Current-radius feedback,2000,50,162
6.859494262404453,6.718708866068925,0.012345679012345678,6.789172581542118,crdf,Current-radius feedback,2000,50,163
6.8605642288591655,6.712415777549725,0.012345679012345678,6.789473257378244,crdf,Current-radius feedback,2000,50,164
6.86187782838825,6.715239451615478,0.012345679012345678,6.78811683249179,crdf,Current-radius feedback,2000,50,165
6.86096541292174,6.719047123269849,0.012345679012345678,6.790628829859408,crdf,Current-radius feedback,2000,50,166
6.859981463792911,6.7102655833057,0.012345679012345678,6.787163215808549,crdf,Current-radius feedback,2000,50,167
6.855920774852803,6.7144866476533736,0.012345679012345678,6.788495013159444,crdf,Current-radius feedback,2000,50,168
6.8572251627523775,6.716373739486139,0.012345679012345678,6.788014850644697,crdf,Current-radius feedback,2000,50,169
6.8601898063831195,6.714614947870742,0.012345679012345678,6.788263126483663,crdf,Current-radius feedback,2000,50,170
6.859487538285402,6.7125646094606015,0.012345679012345678,6.788197329942221,crdf,Current-radius feedback,2000,50,171
6.853711364018241,6.709159078242498,0.012345679012345678,6.786724099295584,crdf,Current-radius feedback,2000,50,172
6.857321585150661,6.7067619699039565,0.012345679012345678,6.788055526287012,crdf,Current-radius feedback,2000,50,173
6.856626728172,6.711875339240345,0.012345679012345678,6.787097611618109,crdf,Current-radius feedback,2000,50,174
6.852719749264225,6.711975104765888,0.012345679012345678,6.786340969244505,crdf,Current-radius feedback,2000,50,175
6.858047383979751,6.712112347796417,0.012345679012345678,6.788204845473517,crdf,Current-radius feedback,2000,50,176
6.85564046539368,6.7123179830319275,0.012345679012345678,6.785897029910036,crdf,Current-radius feedback,2000,50,177
6.856902445209111,6.710913727725767,0.012345679012345678,6.785925178247401,crdf,Current-radius feedback,2000,50,178
6.856365444027784,6.707798918231343,0.012345679012345678,6.785750395258008,crdf,Current-radius feedback,2000,50,179
6.856330594309815,6.712664024329054,0.012345679012345678,6.786616392622249,crdf,Current-radius feedback,2000,50,180
6.857271996646961,6.709422732839877,0.012345679012345678,6.785460273011086,crdf,Current-radius feedback,2000,50,181
6.857684482459043,6.712670456382397,0.012345679012345678,6.784881562041648,crdf,Current-radius feedback,2000,50,182
6.856331385929125,6.711084141492555,0.012345679012345678,6.785786512294461,crdf,Current-radius feedback,2000,50,183
6.856995215299597,6.706942542686835,0.012345679012345678,6.785178825818989,crdf,Current-radius feedback,2000,50,184
6.856526115889513,6.710344024431186,0.012345679012345678,6.7855966318106535,crdf,Current-radius feedback,2000,50,185
6.85529676016044,6.71114287474461,0.012345679012345678,6.786472963759592,crdf,Current-radius feedback,2000,50,186
6.855360591662201,6.71170877042601,0.012345679012345678,6.786408854620231,crdf,Current-radius feedback,2000,50,187
6.85695397543277,6.709474473341929,0.012345679012345678,6.784741140165831,crdf,Current-radius feedback,2000,50,188
6.85550423895746,6.708892664498428,0.012345679012345678,6.78428535909761,crdf,Current-radius feedback,2000,50,189
6.85571939685953,6.710745831429793,0.012345679012345678,6.785416974167801,crdf,Current-radius feedback,2000,50,190
6.854747807656393,6.707461540822235,0.012345679012345678,6.783665978447401,crdf,Current-radius feedback,2000,50,191
6.853086084479977,6.708078514585173,0.012345679012345678,6.783877991680304,crdf,Current-radius feedback,2000,50,192
6.855005172265887,6.709281522176557,0.012345679012345678,6.78465412442646,crdf,Current-radius feedback,2000,50,193
6.853250133743114,6.709441195771216,0.012345679012345678,6.785365448103728,crdf,Current-radius feedback,2000,50,194
6.8545309695605665,6.705324038665395,0.012345679012345678,6.7825570626843135,crdf,Current-radius feedback,2000,50,195
6.853188835858613,6.707793749577731,0.012345679012345678,6.782517283955603,crdf,Current-radius feedback,2000,50,196
6.859758132651288,6.709789325717663,0.012345679012345678,6.785755154179176,crdf,Current-radius feedback,2000,50,197
6.85581776045547,6.709868486569999,0.012345679012345678,6.78473663858681,crdf,Current-radius feedback,2000,50,198
6.8575001531073045,6.7106516950654616,0.012345679012345678,6.78450338069315,crdf,Current-radius feedback,2000,50,199
6.856440569942305,6.710789222638565,0.012345679012345678,6.783354698678693,crdf,Current-radius feedback,2000,50,200
7.904878036686951,7.840503565909661,0.012345679012345678,7.872816678238256,crmf,Current-radius multiplicative,2000,50,0
7.913385775192404,7.8554056439829125,0.012345679012345678,7.884719665321543,crmf,Current-radius multiplicative,2000,50,1
7.921436352807143,7.868326437668691,0.012345679012345678,7.895463991280179,crmf,Current-radius multiplicative,2000,50,2
7.929401093899377,7.880592963686675,0.012345679012345678,7.905189197085285,crmf,Current-radius multiplicative,2000,50,3
7.936207448771285,7.892623323102356,0.012345679012345678,7.914019785167287,crmf,Current-radius multiplicative,2000,50,4
7.94059376562062,7.900007093623094,0.012345679012345678,7.922057079607571,crmf,Current-radius multiplicative,2000,50,5
7.946935911054854,7.909439630414083,0.012345679012345678,7.9293903602962175,crmf,Current-radius multiplicative,2000,50,6
7.952371889059121,7.91841017509437,0.012345679012345678,7.935964699594339,crmf,Current-radius multiplicative,2000,50,7
7.955954479875536,7.926757978192458,0.012345679012345678,7.941895901884524,crmf,Current-radius multiplicative,2000,50,8
7.960941796146059,7.933302613284834,0.012345679012345678,7.947227464995733,crmf,Current-radius multiplicative,2000,50,9
7.963902787282702,7.939488883099779,0.012345679012345678,7.952019401203372,crmf,Current-radius multiplicative,2000,50,10
7.967540750026984,7.94462388702371,0.012345679012345678,7.956177361396133,crmf,Current-radius multiplicative,2000,50,11
7.970000296527416,7.949203417668167,0.012345679012345678,7.959973044804634,crmf,Current-radius multiplicative,2000,50,12
7.97269493485976,7.953795998405618,0.012345679012345678,7.963338177048023,crmf,Current-radius multiplicative,2000,50,13
7.974644312822392,7.957730709752396,0.012345679012345678,7.966353749131251,crmf,Current-radius multiplicative,2000,50,14
7.976925886186926,7.9611509032056365,0.012345679012345678,7.969128839974449,crmf,Current-radius multiplicative,2000,50,15
7.979007839951888,7.96337481180758,0.012345679012345678,7.971585700986853,crmf,Current-radius multiplicative,2000,50,16
7.9806415683500695,7.966276156526262,0.012345679012345678,7.973723422316877,crmf,Current-radius multiplicative,2000,50,17
7.982088494709185,7.968724990605145,0.012345679012345678,7.9756273273569285,crmf,Current-radius multiplicative,2000,50,18
7.983632939215557,7.970898346202762,0.012345679012345678,7.9774005896140405,crmf,Current-radius multiplicative,2000,50,19
7.984878172610931,7.972928355559207,0.012345679012345678,7.978990055052991,crmf,Current-radius multiplicative,2000,50,20
7.985881011858605,7.974171492257729,0.012345679012345678,7.9804141513543865,crmf,Current-radius multiplicative,2000,50,21
7.987240074402093,7.97584779783804,0.012345679012345678,7.981689463074719,crmf,Current-radius multiplicative,2000,50,22
7.98798644657702,7.976659207311249,0.012345679012345678,7.982830915961418,crmf,Current-radius multiplicative,2000,50,23
7.988732668602444,7.978178577534056,0.012345679012345678,7.983851942836374,crmf,Current-radius multiplicative,2000,50,24
7.9896437926118935,7.9789153623052,0.012345679012345678,7.984798687435903,crmf,Current-radius multiplicative,2000,50,25
7.990627188560796,7.9796708041750595,0.012345679012345678,7.985680261631516,crmf,Current-radius multiplicative,2000,50,26
7.991365527785058,7.980472209813372,0.012345679012345678,7.98639949850734,crmf,Current-radius multiplicative,2000,50,27
7.9919467262351,7.981341447716895,0.012345679012345678,7.987113573605785,crmf,Current-radius multiplicative,2000,50,28
7.992554303354878,7.981980035602277,0.012345679012345678,7.987756241194387,crmf,Current-radius multiplicative,2000,50,29
7.993136387013599,7.982857952396759,0.012345679012345678,7.988334642024127,crmf,Current-radius multiplicative,2000,50,30
7.993518870687326,7.9834064135071,0.012345679012345678,7.988855202770895,crmf,Current-radius multiplicative,2000,50,31
7.994142996194825,7.983734989818748,0.012345679012345678,7.989323707442985,crmf,Current-radius multiplicative,2000,50,32
7.994574653818579,7.98420747553251,0.012345679012345678,7.989679020613518,crmf,Current-radius multiplicative,2000,50,33
7.9947164256584236,7.9841993398731255,0.012345679012345678,7.99005850939791,crmf,Current-radius multiplicative,2000,50,34
7.995062920916414,7.984666505151951,0.012345679012345678,7.990400049303864,crmf,Current-radius multiplicative,2000,50,35
7.995235338259081,7.985191610026152,0.012345679012345678,7.990707435219223,crmf,Current-radius multiplicative,2000,50,36
7.995728370802393,7.98543279299,0.012345679012345678,7.990984082543045,crmf,Current-radius multiplicative,2000,50,37
7.996010012107191,7.985565976651083,0.012345679012345678,7.991233065134486,crmf,Current-radius multiplicative,2000,50,38
7.996124899416091,7.9858262119460015,0.012345679012345678,7.991384066016208,crmf,Current-radius multiplicative,2000,50,39
7.996531782787738,7.9852864575462625,0.012345679012345678,7.991513200597008,crmf,Current-radius multiplicative,2000,50,40
7.996496665790872,7.9858699998740965,0.012345679012345678,7.991694708906168,crmf,Current-radius multiplicative,2000,50,41
7.996710396833121,7.985591394831319,0.012345679012345678,7.991712433542453,crmf,Current-radius multiplicative,2000,50,42
7.99672236700539,7.985869539518412,0.012345679012345678,7.991787986184456,crmf,Current-radius multiplicative,2000,50,43
7.996756103482436,7.986119587397021,0.012345679012345678,7.991920305741834,crmf,Current-radius multiplicative,2000,50,44
7.99683766279578,7.986005168388286,0.012345679012345678,7.991968454412041,crmf,Current-radius multiplicative,2000,50,45
7.997093004335905,7.985885257722116,0.012345679012345678,7.992075633253518,crmf,Current-radius multiplicative,2000,50,46
7.997361373571835,7.986204397242601,0.012345679012345678,7.992101681503699,crmf,Current-radius multiplicative,2000,50,47
7.997256076673484,7.986186199095845,0.012345679012345678,7.992188496365295,crmf,Current-radius multiplicative,2000,50,48
7.997362354660079,7.9865618257763185,0.012345679012345678,7.9922666297407305,crmf,Current-radius multiplicative,2000,50,49
7.997391802206519,7.985850117280047,0.012345679012345678,7.992267059392236,crmf,Current-radius multiplicative,2000,50,50
7.997712294153651,7.985981926878001,0.012345679012345678,7.992257263975765,crmf,Current-radius multiplicative,2000,50,51
7.997690770343468,7.985307419083927,0.012345679012345678,7.992314223206458,crmf,Current-radius multiplicative,2000,50,52
7.997754244204492,7.985792984774529,0.012345679012345678,7.992365486514082,crmf,Current-radius multiplicative,2000,50,53
7.997597480083266,7.9862764545556715,0.012345679012345678,7.9923422515507445,crmf,Current-radius multiplicative,2000,50,54
7.9978739171385715,7.985864887696723,0.012345679012345678,7.99238377482992,crmf,Current-radius multiplicative,2000,50,55
7.997406239294731,7.9863763255650575,0.012345679012345678,7.992421145781177,crmf,Current-radius multiplicative,2000,50,56
7.997616826888976,7.9862293959763635,0.012345679012345678,7.992454779637309,crmf,Current-radius multiplicative,2000,50,57
7.997985935576857,7.9858172272838965,0.012345679012345678,7.9924850501078275,crmf,Current-radius multiplicative,2000,50,58
7.997581213958121,7.986461503213823,0.012345679012345678,7.992542942621612,crmf,Current-radius multiplicative,2000,50,59
7.9977365691115985,7.986536315492915,0.012345679012345678,7.992567461702733,crmf,Current-radius multiplicative,2000,50,60
7.997849616932706,7.986079347609089,0.012345679012345678,7.992589528875741,crmf,Current-radius multiplicative,2000,50,61
7.997950098543822,7.985736032656594,0.012345679012345678,7.992609389331449,crmf,Current-radius multiplicative,2000,50,62
7.9979434457981124,7.9858628468567785,0.012345679012345678,7.992558406401747,crmf,Current-radius multiplicative,2000,50,63
7.997944425786028,7.985954555775365,0.012345679012345678,7.99257449337087,crmf,Current-radius multiplicative,2000,50,64
7.997939457418078,7.986056915127588,0.012345679012345678,7.992588971643081,crmf,Current-radius multiplicative,2000,50,65
7.997993523010593,7.986432373073894,0.012345679012345678,7.99260200208807,crmf,Current-radius multiplicative,2000,50,66
7.998062740383115,7.986246763409096,0.012345679012345678,7.992613729488561,crmf,Current-radius multiplicative,2000,50,67
7.997641815612447,7.98572494832566,0.012345679012345678,7.9925501042487745,crmf,Current-radius multiplicative,2000,50,68
7.997716036142052,7.9858195251962485,0.012345679012345678,7.992485973808705,crmf,Current-radius multiplicative,2000,50,69
7.998034987555784,7.985916310515554,0.012345679012345678,7.9924214396330875,crmf,Current-radius multiplicative,2000,50,70
7.9979888950407565,7.986326712001656,0.012345679012345678,7.99242913398055,crmf,Current-radius multiplicative,2000,50,71
7.99782447835123,7.98627943788711,0.012345679012345678,7.992436058893265,crmf,Current-radius multiplicative,2000,50,72
7.997818812230769,7.9858991945449205,0.012345679012345678,7.99244229131471,crmf,Current-radius multiplicative,2000,50,73
7.997561522896312,7.9856240144330375,0.012345679012345678,7.99244790049401,crmf,Current-radius multiplicative,2000,50,74
7.997637114451549,7.986045762986575,0.012345679012345678,7.992452948755378,crmf,Current-radius multiplicative,2000,50,75
7.998065198271452,7.985657324374296,0.012345679012345678,7.992457492190612,crmf,Current-radius multiplicative,2000,50,76
7.9975644776060895,7.986135224322418,0.012345679012345678,7.992461581282322,crmf,Current-radius multiplicative,2000,50,77
7.997722874083796,7.9861945924428674,0.012345679012345678,7.99246526146486,crmf,Current-radius multiplicative,2000,50,78
7.997880551870497,7.985550681960249,0.012345679012345678,7.992468573629145,crmf,Current-radius multiplicative,2000,50,79
7.997697431210714,7.9858359248735376,0.012345679012345678,7.992471554577,crmf,Current-radius multiplicative,2000,50,80
7.997873823464449,7.985989636069798,0.012345679012345678,7.992474237430072,crmf,Current-radius multiplicative,2000,50,81
7.997869118579903,7.985893552130364,0.012345679012345678,7.992476651997834,crmf,Current-radius multiplicative,2000,50,82
7.997668494750218,7.985946678579275,0.012345679012345678,7.992478825108822,crmf,Current-radius multiplicative,2000,50,83
7.997842911862697,7.985748591207592,0.012345679012345678,7.992480780908711,crmf,Current-radius multiplicative,2000,50,84
7.997924591052161,7.986309803231682,0.012345679012345678,7.99248254112861,crmf,Current-radius multiplicative,2000,50,85
7.9976178970950835,7.986176168036644,0.012345679012345678,7.99248412532652,crmf,Current-radius multiplicative,2000,50,86
7.997807917157799,7.985984545215601,0.012345679012345678,7.992485551104639,crmf,Current-radius multiplicative,2000,50,87
7.99814470653703,7.985748271786131,0.012345679012345678,7.9924868343049456,crmf,Current-radius multiplicative,2000,50,88
7.997812887147033,7.9857862495835095,0.012345679012345678,7.992487989185222,crmf,Current-radius multiplicative,2000,50,89
7.9980931413659615,7.986032050679473,0.012345679012345678,7.99248902857747,crmf,Current-radius multiplicative,2000,50,90
7.997875892685903,7.985905374438765,0.012345679012345678,7.9924899640304945,crmf,Current-radius multiplicative,2000,50,91
7.997933550788336,7.98611020155874,0.012345679012345678,7.992490805938215,crmf,Current-radius multiplicative,2000,50,92
7.99760492092664,7.985990579488193,0.012345679012345678,7.9924915636551646,crmf,Current-radius multiplicative,2000,50,93
7.9978244619417795,7.985805372748984,0.012345679012345678,7.992492245600419,crmf,Current-radius multiplicative,2000,50,94
7.997881465682192,7.9859201782130835,0.012345679012345678,7.992492859351147,crmf,Current-radius multiplicative,2000,50,95
7.998099869623696,7.986137696970637,0.012345679012345678,7.992493411726803,crmf,Current-radius multiplicative,2000,50,96
7.997815975635678,7.9859618083333395,0.012345679012345678,7.992493908864893,crmf,Current-radius multiplicative,2000,50,97
7.997816366356003,7.986141076871821,0.012345679012345678,7.992494356289175,crmf,Current-radius multiplicative,2000,50,98
7.99790774646434,7.986482561145766,0.012345679012345678,7.992494758971028,crmf,Current-radius multiplicative,2000,50,99
7.997881506209237,7.986088441371641,0.012345679012345678,7.992495121384696,crmf,Current-radius multiplicative,2000,50,100
7.997909398215566,7.986044384415792,0.012345679012345678,7.992495447556998,crmf,Current-radius multiplicative,2000,50,101
7.997937135659276,7.986111934150551,0.012345679012345678,7.99249573737041,crmf,Current-radius multiplicative,2000,50,102
7.997752477858246,7.985735591789117,0.012345679012345678,7.9924959982024815,crmf,Current-radius multiplicative,2000,50,103
7.9979104184626575,7.985875290502812,0.012345679012345678,7.992496232951346,crmf,Current-radius multiplicative,2000,50,104
7.998076896837877,7.98598900065213,0.012345679012345678,7.992496444225325,crmf,Current-radius multiplicative,2000,50,105
7.997855017524629,7.9859633549871365,0.012345679012345678,7.992496634371904,crmf,Current-radius multiplicative,2000,50,106
7.9978562201833245,7.9856609031992924,0.012345679012345678,7.992496805503826,crmf,Current-radius multiplicative,2000,50,107
7.9978839062183535,7.986146193139239,0.012345679012345678,7.9924969595225575,crmf,Current-radius multiplicative,2000,50,108
7.997941256812536,7.985655659022079,0.012345679012345678,7.992497098139414,crmf,Current-radius multiplicative,2000,50,109
7.997886658689906,7.985801173413938,0.012345679012345678,7.992497222894586,crmf,Current-radius multiplicative,2000,50,110
7.997895054916929,7.986193777121995,0.012345679012345678,7.992497335174239,crmf,Current-radius multiplicative,2000,50,111
7.99772140931855,7.985738984285379,0.012345679012345678,7.9924974362259285,crmf,Current-radius multiplicative,2000,50,112
7.9978207438111335,7.986063910671774,0.012345679012345678,7.992497527172447,crmf,Current-radius multiplicative,2000,50,113
7.9980493324140385,7.985944184266786,0.012345679012345678,7.992497609024316,crmf,Current-radius multiplicative,2000,50,114
7.997939170230714,7.986095678454543,0.012345679012345678,7.992497682690997,crmf,Current-radius multiplicative,2000,50,115
7.997754522032999,7.98572200761027,0.012345679012345678,7.99249774899101,crmf,Current-radius multiplicative,2000,50,116
7.997755025557436,7.986212982906996,0.012345679012345678,7.992497808661021,crmf,Current-radius multiplicative,2000,50,117
7.9977185035363565,7.98648474389329,0.012345679012345678,7.992497862364032,crmf,Current-radius multiplicative,2000,50,118
7.997675399505297,7.985334165644986,0.012345679012345678,7.992497910696742,crmf,Current-radius multiplicative,2000,50,119
7.99788451894419,7.985984662106911,0.012345679012345678,7.992497954196181,crmf,Current-radius multiplicative,2000,50,120
7.9981046742921915,7.985798667240748,0.012345679012345678,7.992497993345674,crmf,Current-radius multiplicative,2000,50,121
7.997943169034848,7.985535408726087,0.012345679012345678,7.99249802858022,crmf,Current-radius multiplicative,2000,50,122
7.997939692455617,7.986132576082891,0.012345679012345678,7.99249806029131,crmf,Current-radius multiplicative,2000,50,123
7.997887311984509,7.985675518412622,0.012345679012345678,7.992498088831293,crmf,Current-radius multiplicative,2000,50,124
7.997886126419483,7.985781360988513,0.012345679012345678,7.992498114517276,crmf,Current-radius multiplicative,2000,50,125
7.998006235533712,7.985710315113874,0.012345679012345678,7.992498137634661,crmf,Current-radius multiplicative,2000,50,126
7.9978026042500945,7.985845970882478,0.012345679012345678,7.992498158440307,crmf,Current-radius multiplicative,2000,50,127
7.997939866380723,7.985990202379362,0.012345679012345678,7.992498177165389,crmf,Current-radius multiplicative,2000,50,128
7.997820952560517,7.985984991369009,0.012345679012345678,7.992498194017964,crmf,Current-radius multiplicative,2000,50,129
7.997820266437669,7.986181398255071,0.012345679012345678,7.992498209185279,crmf,Current-radius multiplicative,2000,50,130
7.997884944572941,7.98604329081335,0.012345679012345678,7.992498222835865,crmf,Current-radius multiplicative,2000,50,131
7.997721077109325,7.98596179478285,0.012345679012345678,7.992498235121391,crmf,Current-radius multiplicative,2000,50,132
7.997856924203692,7.985995560362841,0.012345679012345678,7.992498246178364,crmf,Current-radius multiplicative,2000,50,133
7.997730003462121,7.986457796517726,0.012345679012345678,7.9924982561296405,crmf,Current-radius multiplicative,2000,50,134
7.997939886845013,7.985902272977128,0.012345679012345678,7.992498265085788,crmf,Current-radius multiplicative,2000,50,135
7.997912559988259,7.98603107185203,0.012345679012345678,7.992498273146323,crmf,Current-radius multiplicative,2000,50,136
7.997820029306599,7.9859938241023976,0.012345679012345678,7.992498280400804,crmf,Current-radius multiplicative,2000,50,137
7.997668028066485,7.986560622517596,0.012345679012345678,7.992498286929836,crmf,Current-radius multiplicative,2000,50,138
7.997719909079129,7.985901306848064,0.012345679012345678,7.992498292805965,crmf,Current-radius multiplicative,2000,50,139
7.997887519994923,7.985655629312674,0.012345679012345678,7.992498298094481,crmf,Current-radius multiplicative,2000,50,140
7.9976360451174235,7.986074475785958,0.012345679012345678,7.992498302854146,crmf,Current-radius multiplicative,2000,50,141
7.997951136719233,7.986242929997193,0.012345679012345678,7.9924983071378435,crmf,Current-radius multiplicative,2000,50,142
7.9978298071928355,7.9862407573410295,0.012345679012345678,7.992498310993173,crmf,Current-radius multiplicative,2000,50,143
7.99775377130293,7.985983409438579,0.012345679012345678,7.992498314462967,crmf,Current-radius multiplicative,2000,50,144
7.997857767929847,7.9857725212331045,0.012345679012345678,7.992498317585784,crmf,Current-radius multiplicative,2000,50,145
7.997885011011062,7.985714100075699,0.012345679012345678,7.992498320396318,crmf,Current-radius multiplicative,2000,50,146
7.997857704309124,7.986195909874658,0.012345679012345678,7.992498322925798,crmf,Current-radius multiplicative,2000,50,147
7.997945527987114,7.986338150393481,0.012345679012345678,7.992498325202331,crmf,Current-radius multiplicative,2000,50,148
7.998159313535893,7.985700052308872,0.012345679012345678,7.992498327251211,crmf,Current-radius multiplicative,2000,50,149
7.997857009409946,7.986084930643077,0.012345679012345678,7.992498329095202,crmf,Current-radius multiplicative,2000,50,150
7.997856976565591,7.9859339603638535,0.012345679012345678,7.992498330754795,crmf,Current-radius multiplicative,2000,50,151
7.9978332833428585,7.985689926115044,0.012345679012345678,7.992498332248428,crmf,Current-radius multiplicative,2000,50,152
7.99763681998673,7.985883143379733,0.012345679012345678,7.992498333592698,crmf,Current-radius multiplicative,2000,50,153
7.997820310327539,7.986178641248319,0.012345679012345678,7.992498334802541,crmf,Current-radius multiplicative,2000,50,154
7.997885026365659,7.986062453368667,0.012345679012345678,7.9924983358913995,crmf,Current-radius multiplicative,2000,50,155
7.99766804628745,7.986333420433854,0.012345679012345678,7.992498336871372,crmf,Current-radius multiplicative,2000,50,156
7.997895225262053,7.985926151353569,0.012345679012345678,7.992498337753347,crmf,Current-radius multiplicative,2000,50,157
7.997886439133282,7.985649123675422,0.012345679012345678,7.992498338547126,crmf,Current-radius multiplicative,2000,50,158
7.998078540373232,7.985988288049863,0.012345679012345678,7.992498339261527,crmf,Current-radius multiplicative,2000,50,159
7.997820141250391,7.985625474954271,0.012345679012345678,7.992498339904485,crmf,Current-radius multiplicative,2000,50,160
7.997545711373254,7.985646591820223,0.012345679012345678,7.99249834048315,crmf,Current-radius multiplicative,2000,50,161
7.9975992507122635,7.986350745032692,0.012345679012345678,7.992498341003948,crmf,Current-radius multiplicative,2000,50,162
7.997883374812149,7.985780477953224,0.012345679012345678,7.992498341472666,crmf,Current-radius multiplicative,2000,50,163
7.997884959234523,7.986091720045568,0.012345679012345678,7.992498341894512,crmf,Current-radius multiplicative,2000,50,164
7.997833332000804,7.986054874206798,0.012345679012345678,7.992498342274173,crmf,Current-radius multiplicative,2000,50,165
7.997611316689193,7.986149538162306,0.012345679012345678,7.992498342615869,crmf,Current-radius multiplicative,2000,50,166
7.997883416490995,7.986555950183219,0.012345679012345678,7.992498342923394,crmf,Current-radius multiplicative,2000,50,167
7.99813275820461,7.985812896054001,0.012345679012345678,7.992498343200168,crmf,Current-radius multiplicative,2000,50,168
7.997940020679543,7.986123740079489,0.012345679012345678,7.992498343449264,crmf,Current-radius multiplicative,2000,50,169
7.997887674889926,7.986448612424889,0.012345679012345678,7.99249834367345,crmf,Current-radius multiplicative,2000,50,170
7.997664211697526,7.985857309423675,0.012345679012345678,7.9924983438752175,crmf,Current-radius multiplicative,2000,50,171
7.997721872185828,7.985870349095043,0.012345679012345678,7.992498344056809,crmf,Current-radius multiplicative,2000,50,172
7.997885315270475,7.986015402127512,0.012345679012345678,7.99249834422024,crmf,Current-radius multiplicative,2000,50,173
7.99788496054045,7.985701488030941,0.012345679012345678,7.99249834436733,crmf,Current-radius multiplicative,2000,50,174
7.997603693880448,7.986177993743726,0.012345679012345678,7.992498344499709,crmf,Current-radius multiplicative,2000,50,175
7.99771909236634,7.985991700276073,0.012345679012345678,7.99249834461885,crmf,Current-radius multiplicative,2000,50,176
7.997717682253156,7.985940915676448,0.012345679012345678,7.992498344726078,crmf,Current-radius multiplicative,2000,50,177
7.997665481071975,7.985982852415933,0.012345679012345678,7.992498344822582,crmf,Current-radius multiplicative,2000,50,178
7.9978865133594015,7.985438536838347,0.012345679012345678,7.992498344909437,crmf,Current-radius multiplicative,2000,50,179
7.997950986202445,7.986105531546518,0.012345679012345678,7.992498344987606,crmf,Current-radius multiplicative,2000,50,180
7.997940229323186,7.986393634383581,0.012345679012345678,7.9924983450579585,crmf,Current-radius multiplicative,2000,50,181
7.997885101223482,7.986264169716245,0.012345679012345678,7.992498345121276,crmf,Current-radius multiplicative,2000,50,182
7.997912603843835,7.9860085806680035,0.012345679012345678,7.99249834517826,crmf,Current-radius multiplicative,2000,50,183
7.9978584007012055,7.986179449701175,0.012345679012345678,7.9924983452295475,crmf,Current-radius multiplicative,2000,50,184
7.997664207701172,7.9863466509179935,0.012345679012345678,7.992498345275705,crmf,Current-radius multiplicative,2000,50,185
7.997883556544807,7.985919914917009,0.012345679012345678,7.992498345317248,crmf,Current-radius multiplicative,2000,50,186
7.997887782344312,7.9857745403083555,0.012345679012345678,7.992498345354635,crmf,Current-radius multiplicative,2000,50,187
7.997938440314393,7.986176071011524,0.012345679012345678,7.992498345388285,crmf,Current-radius multiplicative,2000,50,188
7.99785691761665,7.98605448306612,0.012345679012345678,7.992498345418569,crmf,Current-radius multiplicative,2000,50,189
7.997883341540809,7.985785179256215,0.012345679012345678,7.992498345445824,crmf,Current-radius multiplicative,2000,50,190
7.997938403933525,7.985730416173971,0.012345679012345678,7.992498345470355,crmf,Current-radius multiplicative,2000,50,191
7.997857763683923,7.985681734005467,0.012345679012345678,7.992498345492431,crmf,Current-radius multiplicative,2000,50,192
7.997884963791918,7.986176415231749,0.012345679012345678,7.992498345512302,crmf,Current-radius multiplicative,2000,50,193
7.997939950024155,7.986176217011582,0.012345679012345678,7.992498345530184,crmf,Current-radius multiplicative,2000,50,194
7.997939985589252,7.985957640195262,0.012345679012345678,7.992498345546278,crmf,Current-radius multiplicative,2000,50,195
7.99795077064189,7.985755359920351,0.012345679012345678,7.9924983455607626,crmf,Current-radius multiplicative,2000,50,196
7.997717474542523,7.986027040145674,0.012345679012345678,7.992498345573799,crmf,Current-radius multiplicative,2000,50,197
7.997887602466195,7.985779332641562,0.012345679012345678,7.992498345585532,crmf,Current-radius multiplicative,2000,50,198
7.99794005071015,7.985984266042739,0.012345679012345678,7.9924983455960925,crmf,Current-radius multiplicative,2000,50,199
7.997719374305394,7.98623551782442,0.012345679012345678,7.992498345605595,crmf,Current-radius multiplicative,2000,50,200
