density,failure_indicator_mean,failure_indicator_sd,geometry,mean_contact_break_rate_mean,mean_contact_break_rate_sd,mean_control_effort_proxy_mean,mean_control_effort_proxy_sd,mean_fragmentation_mean,mean_fragmentation_sd,mean_largest_scc_fraction_mean,mean_largest_scc_fraction_sd,method,method_label,n_pairs,radius_temporal_variation_mean,radius_temporal_variation_sd,recovery_steps_after_release_mean,recovery_steps_after_release_sd,scenario
0.0123,0.36666666666666664,0.49013251785356093,clustered,0.000444267913869356,0.00026407410644995616,0.00638111019998774,0.0010518634660045885,0.17584375,0.21949167907874328,0.7565520833333333,0.23183335210329362,alf,ALF,30,0.0025827930392046936,0.0012939189930920047,32.53333333333333,30.952392067700416,actuation_velocity_scale_acceleration_heading_lag
0.0204,0.3333333333333333,0.47946330148538413,clustered,0.0005830903853659864,0.00043262424395893145,0.0070228832727831005,0.0026589686697175924,0.1513854166666667,0.2087298295046396,0.7658645833333334,0.21474222222285103,alf,ALF,30,0.002692202105896349,0.0016591904390443665,32.53333333333333,30.952392067700416,actuation_velocity_scale_acceleration_heading_lag
0.0331,0.3,0.466091599699399,clustered,0.00047048659145035814,0.0005525185046118365,0.006852843944192385,0.003516036448376826,0.1444375,0.2027606048451108,0.8270729166666667,0.216749853390639,alf,ALF,30,0.002176099878861647,0.0019757436165139105,20.333333333333332,29.247261390608433,actuation_velocity_scale_acceleration_heading_lag
0.0123,0.43333333333333335,0.5040069329937309,uniform,0.0008813523452361886,0.0015431398372375517,0.009783890861328616,0.009687710619269676,0.12857291666666665,0.13167344161671743,0.85946875,0.13108174123514332,alf,ALF,30,0.0003492101500816605,0.00046798199687022137,29.3,30.4655260230653,actuation_velocity_scale_acceleration_heading_lag
0.0204,0.0,0.0,uniform,0.0005071945890773763,0.00046280566445364174,0.00676814557810308,0.0012635383365556061,0.0063437499999999996,0.018570649044304405,0.9888333333333333,0.02725917441521021,alf,ALF,30,0.0009236614381955672,0.0007753729199115259,4.066666666666666,15.476196033850208,actuation_velocity_scale_acceleration_heading_lag
0.0331,0.0,0.0,uniform,0.0005807807247718934,0.00037628313859287274,0.006302755159223959,0.0006058286620041173,0.0,0.0,0.9999687500000001,0.0001711632992203709,alf,ALF,30,0.0017918051060368018,0.001069225467031033,0.0,0.0,actuation_velocity_scale_acceleration_heading_lag
0.0123,0.4,0.4982728791224398,clustered,0.0005145127783010204,0.00030511049530656154,0.006273296269022385,0.0009107130413265162,0.17659375,0.1769848254365499,0.7366145833333333,0.20527686576250453,alf,ALF,30,0.002831386284207679,0.001164931124930343,32.56666666666667,29.90062083697898,clean
0.0204,0.16666666666666666,0.3790490217894517,clustered,0.0005076001472282656,0.0002867987211535883,0.006237505021427349,0.0008736250930607235,0.12497916666666667,0.16452030611532917,0.7804895833333333,0.1832013655084859,alf,ALF,30,0.002794351033243819,0.0010984769339527655,24.466666666666665,29.42053391921965,clean
0.0331,0.13333333333333333,0.3457459036417604,clustered,0.0004378122025225251,0.00026328362984760816,0.006229397281495058,0.000899072501275865,0.11422916666666666,0.16563989712878155,0.83821875,0.19151490186769343,alf,ALF,30,0.002362225413108121,0.0012233608682284563,15.4,26.364291419815657,clean
0.0123,0.16666666666666666,0.3790490217894517,uniform,0.00048331007898244486,0.0003966410449896117,0.0069272700186367485,0.000729003304061463,0.08446875000000001,0.07100623521294717,0.906875,0.0701376417703322,alf,ALF,30,0.0003729623718827415,0.00047981597026828496,8.133333333333333,21.090500122147382,clean
0.0204,0.0,0.0,uniform,0.0004714075479454074,0.0003017022070366862,0.006559140763591793,0.0005892609352858742,0.0032083333333333334,0.0071052420647611,0.9921875,0.020930341673900288,alf,ALF,30,0.0009358358970787783,0.0009336238289776278,2.033333333333333,11.137025335938377,clean
0.0331,0.0,0.0,uniform,0.0005807807247718934,0.00037628313859287274,0.00630275612917012,0.0006058285737990187,0.0,0.0,0.9999687500000001,0.0001711632992203709,alf,ALF,30,0.0017918051060368018,0.001069225467031033,0.0,0.0,clean
0.0123,0.43333333333333335,0.5040069329937309,clustered,0.000970626248819335,0.0003505779688600073,0.006273396780901725,0.0009106315247167825,0.19492708333333333,0.17752841115759294,0.7074583333333333,0.19406030027720292,alf,ALF,30,0.008153086884754437,0.001535252230397236,36.93333333333333,28.838352496504438,count_overcount_one
0.0204,0.23333333333333334,0.4301830671520763,clustered,0.0008268440636276825,0.00032882817441369966,0.006237578332875784,0.0008737117015663848,0.1467291666666667,0.17264343762598128,0.7619166666666667,0.1856853410671199,alf,ALF,30,0.006469858615478543,0.0015072805154899129,28.766666666666666,29.76654374355178,count_overcount_one
0.0331,0.13333333333333333,0.3457459036417604,clustered,0.0006220944705042237,0.0003209837359662847,0.006229498291312182,0.0008991058671230927,0.12120833333333333,0.1704521381317294,0.8142291666666667,0.1883292677060914,alf,ALF,30,0.005031692803717907,0.001391198547505727,21.5,29.10593019324057,count_overcount_one
0.0123,0.13333333333333333,0.3457459036417604,uniform,0.0009903164483766227,0.00048760219640781163,0.006928254286960248,0.0007273688813172575,0.09147916666666668,0.07355453959165423,0.87553125,0.09789428833755512,alf,ALF,30,0.005380966536694356,0.002327991599386013,10.3,20.861034457109014,count_overcount_one
0.0204,0.0,0.0,uniform,0.0013319937505990066,0.0004587011984737447,0.006559141700416134,0.0005891919087449145,0.004645833333333333,0.010145670329592895,0.9676041666666666,0.0416935347998847,alf,ALF,30,0.00847577698487509,0.002068674208406346,4.366666666666666,11.324320283578059,count_overcount_one
0.0331,0.0,0.0,uniform,0.0016685999883882003,0.0005714783400054694,0.006302756104316896,0.000605828944658074,0.0023125000000000003,0.012666084142306968,0.99425,0.018892882314648876,alf,ALF,30,0.010788570111697994,0.0018284905628833895,0.7666666666666667,2.37346441585572,count_overcount_one
0.0123,0.36666666666666664,0.49013251785356093,clustered,0.0007991270689690363,0.0003726872939160913,0.006273488577919702,0.0009106483756325207,0.16961458333333335,0.17445894043427443,0.75384375,0.20046632310663115,alf,ALF,30,0.009076233751084612,0.0015879217941897315,30.433333333333334,30.09717976630132,count_undercount_one
0.0204,0.16666666666666666,0.3790490217894517,clustered,0.0006879012094356276,0.0003466412649028192,0.006237611259210602,0.0008733983568266198,0.1214375,0.16375716867040746,0.81434375,0.17374547155938264,alf,ALF,30,0.007515966378571411,0.0016531681026268111,20.6,28.28378358340877,count_undercount_one
0.0331,0.13333333333333333,0.3457459036417604,clustered,0.0005831361047556431,0.0003175651792229195,0.006229403606516928,0.0008990003348379546,0.09264583333333333,0.14304980174559495,0.85028125,0.18629498469560865,alf,ALF,30,0.006035355740047681,0.0019327563008174847,13.466666666666667,25.14061603685645,count_undercount_one
0.0123,0.13333333333333333,0.3457459036417604,uniform,0.0005416634772909145,0.0003901516367337804,0.006927226821249225,0.0007290390272193174,0.08436458333333333,0.07096739948519386,0.9092187500000001,0.06948106359100348,alf,ALF,30,0.0012003241654394566,0.001204747285003838,8.133333333333333,21.090500122147382,count_undercount_one
0.0204,0.0,0.0,uniform,0.0006945372263041079,0.00037660922356194443,0.006559152330043353,0.0005892677131271723,0.0032083333333333334,0.0071052420647611,0.9940416666666666,0.012601402636990064,alf,ALF,30,0.0033273480122020336,0.002038780011315165,0.0,0.0,count_undercount_one
0.0331,0.0,0.0,uniform,0.0010775022877074678,0.0005757205624668289,0.006302756414065146,0.0006058287003672489,0.0,0.0,0.9999687500000001,0.0001711632992203709,alf,ALF,30,0.007037013298703248,0.0029408624306796567,0.0,0.0,count_undercount_one
0.0123,0.4,0.4982728791224398,clustered,0.0005120477584308188,0.0002996948169683672,0.006286657842559547,0.0009106009907541866,0.17555208333333333,0.17757260238358086,0.7360520833333334,0.20531453351702061,alf,ALF,30,0.002808232369827712,0.0011298695600223932,32.666666666666664,29.842498431660815,gilbert_burst_message_loss
0.0204,0.16666666666666666,0.3790490217894517,clustered,0.0005076472676912131,0.0002859885219514083,0.0062444641194391425,0.0008687853623208861,0.1248125,0.16398748490278572,0.7805104166666667,0.183128465957648,alf,ALF,30,0.0027875568482526925,0.0011030230406488147,24.466666666666665,29.42053391921965,gilbert_burst_message_loss
0.0331,0.13333333333333333,0.3457459036417604,clustered,0.00043632330233389296,0.00027477177997949987,0.006241138567345695,0.0008954451170737205,0.1140625,0.16531079907540305,0.8400520833333334,0.19228937206371186,alf,ALF,30,0.0023470397805446354,0.0012479852432038675,15.4,26.364291419815657,gilbert_burst_message_loss
0.0123,0.13333333333333333,0.3457459036417604,uniform,0.0004859555816279475,0.0003946701311039735,0.0069437712824810685,0.0007308150328139925,0.08428125,0.07097122707645027,0.9068333333333333,0.0703405228321403,alf,ALF,30,0.000373269575776072,0.0004802311495179964,8.133333333333333,21.090500122147382,gilbert_burst_message_loss
0.0204,0.0,0.0,uniform,0.0004755742146120741,0.00029939333544017093,0.006559662634615155,0.0005887783135392579,0.0032083333333333334,0.0071052420647611,0.9921875,0.020930341673900288,alf,ALF,30,0.0009191877373826432,0.0008734619981489543,2.033333333333333,11.137025335938377,gilbert_burst_message_loss
0.0331,0.0,0.0,uniform,0.0005807807247718934,0.00037628313859287274,0.006302758849178081,0.0006058280974008849,0.0,0.0,0.9999687500000001,0.0001711632992203709,alf,ALF,30,0.0017918051060368018,0.001069225467031033,0.0,0.0,gilbert_burst_message_loss
0.0123,0.4,0.4982728791224398,clustered,0.0005162914617590008,0.00030610244051055267,0.006276087391408025,0.0009097104773933857,0.17657291666666666,0.17694791210985203,0.7366875,0.20537470354880277,alf,ALF,30,0.002806576634787002,0.0011522482162938563,32.56666666666667,29.90062083697898,message_dropout_0p10
0.0204,0.16666666666666666,0.3790490217894517,clustered,0.0005044019195375836,0.000286458081654443,0.006240621796422405,0.0008721877994297633,0.124875,0.1646771757053049,0.78046875,0.18325525242243257,alf,ALF,30,0.0027780021467023797,0.0010770556359231047,24.466666666666665,29.42053391921965,message_dropout_0p10
0.0331,0.13333333333333333,0.3457459036417604,clustered,0.00043776200040106006,0.00026320047645597884,0.006230832480716563,0.0008987637428546885,0.11447916666666667,0.16545278809920022,0.8391354166666667,0.19183683637323434,alf,ALF,30,0.002361773967465566,0.0012225603105916972,15.4,26.364291419815657,message_dropout_0p10
0.0123,0.13333333333333333,0.3457459036417604,uniform,0.00047984106880668165,0.00039486178903472063,0.006953182429807057,0.0007285001356031883,0.08436458333333333,0.07096739948519386,0.90703125,0.07035565007379319,alf,ALF,30,0.0003620137725341106,0.0004685602830980106,8.133333333333333,21.090500122147382,message_dropout_0p10
0.0204,0.0,0.0,uniform,0.00047567684186987374,0.0002996424929393335,0.00655971525514973,0.0005897172028524741,0.0032083333333333334,0.0071052420647611,0.9921875,0.020930341673900288,alf,ALF,30,0.0009244931828477485,0.0009258459896171417,2.033333333333333,11.137025335938377,message_dropout_0p10
0.0331,0.0,0.0,uniform,0.0005807807247718934,0.00037628313859287274,0.00630275743085328,0.0006058285773603,0.0,0.0,0.9999687500000001,0.0001711632992203709,alf,ALF,30,0.0017918051060368018,0.001069225467031033,0.0,0.0,message_dropout_0p10
0.0123,0.4666666666666667,0.5074162634049248,clustered,0.0005503425480260642,0.00032672309111766345,0.006273293291079436,0.0009107178140895606,0.17955208333333333,0.17577146157293053,0.73215625,0.20124967120207668,alf,ALF,30,0.0029537824015009395,0.0013709291499916193,32.53333333333333,29.935255806989275,observation_delay_2
0.0204,0.2,0.4068381021724862,clustered,0.0005307769741796973,0.0002927655126098103,0.006237416383619062,0.0008740497181288334,0.1331875,0.16974962149543907,0.7734166666666666,0.183372455742796,alf,ALF,30,0.0029367112433580527,0.0013244891028564056,28.5,29.993964910202898,observation_delay_2
0.0331,0.16666666666666666,0.3790490217894517,clustered,0.0004691087298108922,0.00027376959305212595,0.006229526577753902,0.0008993622669174205,0.1165625,0.16570177547146725,0.8271666666666667,0.18869450566751855,alf,ALF,30,0.002580758081973233,0.0013345394788822544,17.433333333333334,27.464941079597224,observation_delay_2
0.0123,0.13333333333333333,0.3457459036417604,uniform,0.0004976948976321451,0.00041038850727553937,0.006932427873255046,0.000729270593914365,0.08410416666666666,0.07093798578242701,0.90625,0.07074452999141981,alf,ALF,30,0.0004163024825402716,0.0005038563966469015,8.133333333333333,21.090500122147382,observation_delay_2
0.0204,0.0,0.0,uniform,0.0004918975251515741,0.0002967455541094239,0.006559095623810203,0.0005892770653051411,0.0032083333333333334,0.0071052420647611,0.9921875,0.020930341673900288,alf,ALF,30,0.0010306638862076897,0.0009961372781223704,2.033333333333333,11.137025335938377,observation_delay_2
0.0331,0.0,0.0,uniform,0.0005807807247718934,0.00037628313859287274,0.006302755607437615,0.0006058286185379858,0.0,0.0,0.9999687500000001,0.0001711632992203709,alf,ALF,30,0.0017918051060368018,0.001069225467031033,0.0,0.0,observation_delay_2
0.0123,0.4,0.4982728791224398,clustered,0.0005314570736944865,0.0003201959262721609,0.0062734657557161864,0.000910705487511642,0.17615625000000001,0.17676418237831726,0.7363854166666667,0.2054064135860351,alf,ALF,30,0.005174624791302216,0.0018279789309377807,32.63333333333333,29.87500781512907,position_noise_sigma_0p01rb
0.0204,0.16666666666666666,0.3790490217894517,clustered,0.0005069303049926567,0.0002820584690508328,0.0062376488690512885,0.0008735851581067854,0.12516666666666668,0.1644556503119921,0.7794375,0.18327283076247186,alf,ALF,30,0.0040862253468327845,0.0015592874342801166,24.466666666666665,29.42053391921965,position_noise_sigma_0p01rb
0.0331,0.13333333333333333,0.3457459036417604,clustered,0.00044665370072763307,0.0002592483222447436,0.00622960362578678,0.0008989450674964551,0.11372916666666666,0.1654075494570458,0.8386354166666667,0.19146610795800817,alf,ALF,30,0.003365786334693829,0.001395444754099608,15.4,26.364291419815657,position_noise_sigma_0p01rb
0.0123,0.16666666666666666,0.3790490217894517,uniform,0.00048681350887571685,0.00040083715688489356,0.006928027777651482,0.000729234896047172,0.08438541666666667,0.07096270170466719,0.9071354166666666,0.0700420845692915,alf,ALF,30,0.0005995363824360937,0.0009490340140430451,8.133333333333333,21.090500122147382,position_noise_sigma_0p01rb
0.0204,0.0,0.0,uniform,0.0004887584401214771,0.000303006777443372,0.006559143840510096,0.0005892572813380041,0.0032083333333333334,0.0071052420647611,0.9921875,0.020930341673900288,alf,ALF,30,0.0017410412961797526,0.0018339966258127446,2.033333333333333,11.137025335938377,position_noise_sigma_0p01rb
0.0331,0.0,0.0,uniform,0.0006186528312665774,0.00036915854969427807,0.00630275621696499,0.0006058284136767629,0.0,0.0,0.9999687500000001,0.0001711632992203709,alf,ALF,30,0.0033535996375177843,0.0018722498638291745,0.0,0.0,position_noise_sigma_0p01rb
0.0123,0.3,0.466091599699399,clustered,0.00032088366731419023,0.0001696648551501181,0.006274911203701934,0.0009076390283822703,0.15335416666666665,0.2188144291406389,0.7319479166666666,0.22957349949668976,crmf,CRMF,30,0.0036179075902276234,0.0019420306411659473,32.53333333333333,30.952392067700416,actuation_velocity_scale_acceleration_heading_lag
0.0204,0.3,0.466091599699399,clustered,0.0004321611940726307,0.0002705089433292999,0.006404896923450683,0.001287384982276799,0.15675,0.21919735045906888,0.7456875000000001,0.2273240604253669,crmf,CRMF,30,0.003176972792355583,0.0019011981104817693,32.06666666666667,30.61207034120222,actuation_velocity_scale_acceleration_heading_lag
0.0331,0.26666666666666666,0.4497764451088036,clustered,0.00044437395573752175,0.0002641160798085937,0.006324112828112107,0.0010796736761931357,0.13833333333333334,0.20483102090854496,0.8003750000000001,0.22102373426832195,crmf,CRMF,30,0.0032324943023488697,0.0017390539905057143,24.4,30.39464562646883,actuation_velocity_scale_acceleration_heading_lag
0.0123,0.43333333333333335,0.5040069329937309,uniform,0.0007688803591696655,0.0014006570590986733,0.00883966818493911,0.00726365295259476,0.12620833333333334,0.13092510931552284,0.8721979166666666,0.13003026430227188,crmf,CRMF,30,0.00038177443430928014,0.0005763367311442289,27.266666666666666,30.312093106642227,actuation_velocity_scale_acceleration_heading_lag
0.0204,0.0,0.0,uniform,0.00038989418428051983,0.00027217783929494866,0.006584884433310228,0.0006157203311534568,0.00309375,0.006983060438081326,0.996,0.009359685767824356,crmf,CRMF,30,0.0012465488432934506,0.0010805884223508,0.0,0.0,actuation_velocity_scale_acceleration_heading_lag
0.0331,0.0,0.0,uniform,0.00044449238223891505,0.0002140307872414123,0.006309046173159515,0.0006016613156896992,0.0,0.0,1.0,0.0,crmf,CRMF,30,0.002898821354921023,0.0009993406591762176,0.0,0.0,actuation_velocity_scale_acceleration_heading_lag
0.0123,0.26666666666666666,0.4497764451088036,clustered,0.00038864867940705157,0.00018885969090294156,0.006274049111755238,0.0009082282918192983,0.1499375,0.18734593886228132,0.7275520833333334,0.2131443243105755,crmf,CRMF,30,0.004055476785347969,0.0017429787202305168,34.166666666666664,29.77858908370395,clean
0.0204,0.2,0.4068381021724862,clustered,0.0004761818453983164,0.00023141300470140797,0.0062373288293926,0.0008739542500897299,0.1274375,0.17346124216183736,0.7691874999999999,0.19227976654003315,crmf,CRMF,30,0.0037512708929615963,0.0017904690186573262,23.133333333333333,29.59815154215958,clean
0.0331,0.16666666666666666,0.3790490217894517,clustered,0.00048236351797386755,0.00023732423854225452,0.006229759709492768,0.0009017819905277971,0.1195,0.16794061963723347,0.7960416666666668,0.19452217397352173,crmf,CRMF,30,0.0037160507468595163,0.0018253084485234893,24.4,30.39464562646883,clean
0.0123,0.13333333333333333,0.3457459036417604,uniform,0.00043372879005577073,0.00038862860355758474,0.006926241784359799,0.0007309617024633006,0.08385416666666666,0.0705021787029863,0.9145520833333334,0.06978949082000262,crmf,CRMF,30,0.00038294065616819895,0.0005772855263392975,8.133333333333333,21.090500122147382,clean
0.0204,0.0,0.0,uniform,0.0003922025350000405,0.00026574966191263914,0.006560751166960669,0.0005891074324265793,0.00309375,0.006983060438081326,0.996,0.009359685767824356,crmf,CRMF,30,0.0012434860039062673,0.0010872218949574647,0.0,0.0,clean
0.0331,0.0,0.0,uniform,0.00044449238223891505,0.0002140307872414123,0.006309046225860734,0.0006016612632513032,0.0,0.0,1.0,0.0,crmf,CRMF,30,0.002898821354921023,0.0009993406591762176,0.0,0.0,clean
0.0123,0.26666666666666666,0.4497764451088036,clustered,0.000580928481172033,0.0002872426077086522,0.006274153614556993,0.0009081982874800445,0.16745833333333332,0.1850090961572418,0.70784375,0.20413398854056236,crmf,CRMF,30,0.005809778458566629,0.0017684073403527116,36.6,28.65923453510109,count_overcount_one
0.0204,0.23333333333333334,0.4301830671520763,clustered,0.0007257225773515054,0.00025064504631143203,0.0062376148066053735,0.0008740121371371119,0.14495833333333333,0.17584662306099033,0.7413020833333334,0.1839235612134358,crmf,CRMF,30,0.005570171077302398,0.0017356093119811188,33.7,30.11374986670512,count_overcount_one
0.0331,0.16666666666666666,0.3790490217894517,clustered,0.0008113466929046492,0.00023921150467647186,0.006229760561327752,0.0009017366848006203,0.131375,0.17179903493667364,0.77471875,0.1911794394218449,crmf,CRMF,30,0.0057724257680197835,0.0017723311722331809,30.5,31.021405290652073,count_overcount_one
0.0123,0.13333333333333333,0.3457459036417604,uniform,0.00043372879005577073,0.00038862860355758474,0.00692624840530315,0.0007309459033618496,0.08385416666666666,0.0705021787029863,0.9145520833333334,0.06978949082000262,crmf,CRMF,30,0.0005654776841553818,0.0007456417575895458,8.133333333333333,21.090500122147382,count_overcount_one
0.0204,0.0,0.0,uniform,0.00042124001865176825,0.00025493025241448504,0.006560748253900266,0.0005891097333021226,0.00309375,0.006983060438081326,0.996,0.009359685767824356,crmf,CRMF,30,0.0016707531300838051,0.0012122831714938534,0.0,0.0,count_overcount_one
0.0331,0.0,0.0,uniform,0.0005803459295310699,0.0002379656312303293,0.006309046224468927,0.0006016612667378232,0.0,0.0,1.0,0.0,crmf,CRMF,30,0.004352052294742158,0.0009807636652251106,0.0,0.0,count_overcount_one
0.0123,0.26666666666666666,0.4497764451088036,clustered,0.0003921483542087768,0.00019201770638430774,0.006274546158442537,0.0009079189638508307,0.14077083333333332,0.1768718915997528,0.78278125,0.19125555248165907,crmf,CRMF,30,0.007629788712884294,0.002137025995301095,19.7,28.00018472845467,count_undercount_one
0.0204,0.1,0.30512857662936466,clustered,0.00047914329453657554,0.00024161588163045122,0.006237335307293761,0.0008739634391854497,0.115375,0.16601151224621702,0.8090416666666667,0.18021209840927638,crmf,CRMF,30,0.006532909901440799,0.002288860826199126,17.133333333333333,27.315188819224463,count_undercount_one
0.0331,0.1,0.30512857662936466,clustered,0.0004862859663281254,0.00026252391632975043,0.006230082894684326,0.0009015529876474064,0.0965,0.14155783514046538,0.8314895833333333,0.19000474421491126,crmf,CRMF,30,0.005464252944688524,0.0019380811265899674,18.3,28.43158758166334,count_undercount_one
0.0123,0.13333333333333333,0.3457459036417604,uniform,0.00043372879005577073,0.00038862860355758474,0.006926244899214334,0.0007309580217857828,0.08385416666666666,0.0705021787029863,0.9145520833333334,0.06978949082000262,crmf,CRMF,30,0.0003917602475735946,0.0005941753342395443,8.133333333333333,21.090500122147382,count_undercount_one
0.0204,0.0,0.0,uniform,0.0003921659532031427,0.00026571902008860784,0.00656075033961016,0.0005891074661751606,0.00309375,0.006983060438081326,0.996,0.009359685767824356,crmf,CRMF,30,0.0014426991497348684,0.001202786079265898,0.0,0.0,count_undercount_one
0.0331,0.0,0.0,uniform,0.00044449238223891505,0.0002140307872414123,0.006309046226279829,0.0006016612656751971,0.0,0.0,1.0,0.0,crmf,CRMF,30,0.003964642614467668,0.001062461180035364,0.0,0.0,count_undercount_one
0.0123,0.26666666666666666,0.4497764451088036,clustered,0.0003854092989617888,0.00018631754948914602,0.006281460912525153,0.0009076606892202414,0.15027083333333333,0.18739405651563515,0.7278541666666667,0.21334790164708123,crmf,CRMF,30,0.004066902781983432,0.0017466973262325225,34.166666666666664,29.77858908370395,gilbert_burst_message_loss
0.0204,0.2,0.4068381021724862,clustered,0.0004761444716671005,0.0002313852611149948,0.006248596944326029,0.0008700488111414624,0.12810416666666666,0.17359429913809707,0.7692708333333333,0.1921640691024807,crmf,CRMF,30,0.0037124886697850897,0.0017713583580292575,23.133333333333333,29.59815154215958,gilbert_burst_message_loss
0.0331,0.16666666666666666,0.3790490217894517,clustered,0.000480819835879935,0.00023491156225932553,0.006237135882007614,0.0009029887035834591,0.11941666666666667,0.167894778385736,0.7960416666666668,0.19454433134131724,crmf,CRMF,30,0.0037287575018643015,0.001830212765025259,24.4,30.39464562646883,gilbert_burst_message_loss
0.0123,0.13333333333333333,0.3457459036417604,uniform,0.00043372879005577073,0.00038862860355758474,0.006938752752597528,0.000729206680006075,0.08377083333333334,0.07050798655035512,0.9146354166666666,0.06979732644532474,crmf,CRMF,30,0.00038294022422922564,0.0005772849042926853,8.133333333333333,21.090500122147382,gilbert_burst_message_loss
0.0204,0.0,0.0,uniform,0.0003922025350000405,0.00026574966191263914,0.0065610499704244875,0.0005891352694903454,0.00309375,0.006983060438081326,0.996,0.009359685767824356,crmf,CRMF,30,0.0012434847875343893,0.0010872211532195405,0.0,0.0,gilbert_burst_message_loss
0.0331,0.0,0.0,uniform,0.00044449238223891505,0.0002140307872414123,0.006309046283736669,0.0006016612593852403,0.0,0.0,1.0,0.0,crmf,CRMF,30,0.002898821354921023,0.0009993406591762176,0.0,0.0,gilbert_burst_message_loss
0.0123,0.26666666666666666,0.4497764451088036,clustered,0.00038370964887476466,0.0001877192242280675,0.006275741945072235,0.0009076798831704077,0.1499375,0.1872884115049613,0.7274479166666666,0.21311800163156672,crmf,CRMF,30,0.004039001187851018,0.0016876031864952157,34.166666666666664,29.77858908370395,message_dropout_0p10
0.0204,0.2,0.4068381021724862,clustered,0.00047953809484925703,0.00023095248791551846,0.006240072090078739,0.0008729749458408835,0.12595833333333334,0.17224358858161096,0.7698541666666666,0.19207065121322223,crmf,CRMF,30,0.0037661028517578577,0.001798905452547141,23.133333333333333,29.59815154215958,message_dropout_0p10
0.0331,0.16666666666666666,0.3790490217894517,clustered,0.00048374325989295304,0.00023465638694182393,0.006231478374291244,0.0009013562933995813,0.1195,0.16808685152376557,0.7960416666666668,0.19449225752289107,crmf,CRMF,30,0.0037054869460516177,0.0018176353448874408,24.4,30.39464562646883,message_dropout_0p10
0.0123,0.13333333333333333,0.3457459036417604,uniform,0.00044067323450021524,0.00039543646113174974,0.006958035009749198,0.0007336369637302145,0.08410416666666666,0.07062460583757366,0.9143020833333334,0.06990727017493804,crmf,CRMF,30,0.0003829407506824965,0.000577285669001768,8.433333333333334,21.03475503875027,message_dropout_0p10
0.0204,0.0,0.0,uniform,0.0003922025350000405,0.00026574966191263914,0.006561108039282491,0.0005892990612857647,0.00309375,0.006983060438081326,0.996,0.009359685767824356,crmf,CRMF,30,0.0012429263083950806,0.001087505372212572,0.0,0.0,message_dropout_0p10
0.0331,0.0,0.0,uniform,0.00044449238223891505,0.0002140307872414123,0.006309046267609367,0.0006016612057096132,0.0,0.0,1.0,0.0,crmf,CRMF,30,0.002898821354921023,0.0009993406591762176,0.0,0.0,message_dropout_0p10
0.0123,0.3,0.466091599699399,clustered,0.0004357648288772517,0.00020985985348912327,0.006273959460183355,0.0009082451464634174,0.15560416666666665,0.18593328800889541,0.72765625,0.205885416893833,crmf,CRMF,30,0.004282602289778498,0.0019159831980667653,31.8,29.658283718102236,observation_delay_2
0.0204,0.26666666666666666,0.4497764451088036,clustered,0.0005283540356570756,0.0002482442423856527,0.006237275784575311,0.0008743706057390452,0.13483333333333333,0.17403048352343994,0.7641875,0.18800839122872626,crmf,CRMF,30,0.004006322555856038,0.001926008496830667,27.2,30.346731915167314,observation_delay_2
0.0331,0.16666666666666666,0.3790490217894517,clustered,0.0005413984591474522,0.0002540071451975179,0.006229879704594289,0.0009020263856603844,0.11975,0.16720876637223342,0.7897916666666667,0.19287434795332306,crmf,CRMF,30,0.004078495702609287,0.002055225200416773,26.433333333333334,30.744422912617583,observation_delay_2
0.0123,0.13333333333333333,0.3457459036417604,uniform,0.00045172418176083986,0.00040968739513654723,0.006931471684256876,0.0007314900955040554,0.08358333333333333,0.07043845200480582,0.9148229166666667,0.06973199944492947,crmf,CRMF,30,0.00039013187583817737,0.0005866412624220445,8.133333333333333,21.090500122147382,observation_delay_2
0.0204,0.0,0.0,uniform,0.0003969278579650474,0.0002685842285915843,0.006560719404759965,0.0005891153834022312,0.00309375,0.006983060438081326,0.996,0.009359685767824356,crmf,CRMF,30,0.0012541630838717912,0.0010883837949605955,0.0,0.0,observation_delay_2
0.0331,0.0,0.0,uniform,0.00044449238223891505,0.0002140307872414123,0.006309046198275488,0.0006016612906308744,0.0,0.0,1.0,0.0,crmf,CRMF,30,0.002898821354921023,0.0009993406591762176,0.0,0.0,observation_delay_2
0.0123,0.26666666666666666,0.4497764451088036,clustered,0.00038816816064281794,0.00018356434145158244,0.006274281566018682,0.0009081773672516816,0.15043749999999997,0.18762130774124372,0.7288020833333333,0.2135307954725082,crmf,CRMF,30,0.005588974173576117,0.0020000999156427287,33.833333333333336,29.492352408289047,position_noise_sigma_0p01rb
0.0204,0.16666666666666666,0.3790490217894517,clustered,0.0004867473151572482,0.00023490563353187067,0.0062377578405082845,0.000873783610861653,0.12820833333333334,0.17334366507393445,0.7750208333333333,0.19203872559053495,crmf,CRMF,30,0.005233943945482771,0.002097887904973308,25.233333333333334,30.043282952678666,position_noise_sigma_0p01rb
0.0331,0.16666666666666666,0.3790490217894517,clustered,0.0004942016815682543,0.000232686026193222,0.006230106565719429,0.0009017136397974774,0.11516666666666667,0.1676587427573895,0.796625,0.19436119878379124,crmf,CRMF,30,0.005100766045077817,0.002037860952788891,24.4,30.39464562646883,position_noise_sigma_0p01rb
0.0123,0.13333333333333333,0.3457459036417604,uniform,0.00043372879005577073,0.00038862860355758474,0.006926828902870817,0.0007310078097179175,0.08385416666666666,0.0705021787029863,0.9145520833333334,0.06978949082000262,crmf,CRMF,30,0.0004109528089488806,0.0006321781659674798,8.133333333333333,21.090500122147382,position_noise_sigma_0p01rb
0.0204,0.0,0.0,uniform,0.00039415008018726965,0.00026289698320509285,0.006560770204638804,0.0005891334004469559,0.00309375,0.006983060438081326,0.996,0.009359685767824356,crmf,CRMF,30,0.0016011984044530388,0.0013806154025086904,0.0,0.0,position_noise_sigma_0p01rb
0.0331,0.0,0.0,uniform,0.00045324795729192373,0.00021833580900088058,0.0063090462280785825,0.0006016612623806404,0.0,0.0,1.0,0.0,crmf,CRMF,30,0.004528156074120817,0.0016731529221117249,0.0,0.0,position_noise_sigma_0p01rb
0.0123,0.8333333333333334,0.3790490217894517,clustered,0.0006767600918387244,0.0004759138126053938,0.006547613947861666,0.0009500205230251454,0.3813125,0.180961542161254,0.6186875000000001,0.180961542161254,fixed_r4,Fixed radius r=4,30,0.0,0.0,50.833333333333336,23.121990329156553,actuation_velocity_scale_acceleration_heading_lag
0.0204,0.6333333333333333,0.49013251785356093,clustered,0.0006970963927839872,0.0007623322829718758,0.006790954405149518,0.00222710003141847,0.28903125,0.2226768286769722,0.7109687499999999,0.2226768286769722,fixed_r4,Fixed radius r=4,30,0.0,0.0,38.63333333333333,29.89808358906722,actuation_velocity_scale_acceleration_heading_lag
0.0331,0.36666666666666664,0.49013251785356093,clustered,0.0006191846272754931,0.0010741741404404455,0.00663877970734016,0.002526207951379662,0.17629166666666668,0.2098388251138089,0.8237083333333334,0.2098388251138089,fixed_r4,Fixed radius r=4,30,0.0,0.0,22.366666666666667,29.89808358906722,actuation_velocity_scale_acceleration_heading_lag
0.0123,1.0,0.0,uniform,0.0015450183967792327,0.0024629096533449026,0.010785158566179055,0.0060305106685556945,0.5861979166666667,0.11348841664286663,0.41380208333333335,0.11348841664286662,fixed_r4,Fixed radius r=4,30,0.0,0.0,61.0,0.0,actuation_velocity_scale_acceleration_heading_lag
0.0204,0.9666666666666667,0.18257418583505536,uniform,0.0025449779258637562,0.0033159221946366876,0.012959918402573533,0.009779932083015242,0.40529166666666666,0.16050144796496563,0.5947083333333333,0.16050144796496565,fixed_r4,Fixed radius r=4,30,0.0,0.0,58.96666666666667,11.137025335938377,actuation_velocity_scale_acceleration_heading_lag
0.0331,0.4666666666666667,0.5074162634049248,uniform,0.001476528502952584,0.0014683540281100727,0.009132890780490075,0.005640161791711739,0.18055208333333334,0.12694453789481855,0.8194479166666666,0.12694453789481858,fixed_r4,Fixed radius r=4,30,0.0,0.0,30.5,31.021405290652073,actuation_velocity_scale_acceleration_heading_lag
0.0123,0.6333333333333333,0.49013251785356093,clustered,0.0006887259038045364,0.0004810882350012023,0.006569781731633269,0.0009589900727871226,0.3563958333333333,0.18127258579055852,0.6436041666666666,0.18127258579055852,fixed_r4,Fixed radius r=4,30,0.0,0.0,41.0,27.64678693060383,clean
0.0204,0.3333333333333333,0.47946330148538413,clustered,0.000571572352862228,0.00044314778343880734,0.006322428945304308,0.0009343778128083889,0.246375,0.19308113481861666,0.753625,0.19308113481861666,fixed_r4,Fixed radius r=4,30,0.0,0.0,24.866666666666667,29.326618876246947,clean
0.0331,0.2,0.4068381021724862,clustered,0.0004982744275945756,0.0004321362031726282,0.006198968805813331,0.0009164597277121163,0.15601041666666668,0.1772404626368527,0.8439895833333334,0.1772404626368527,fixed_r4,Fixed radius r=4,30,0.0,0.0,14.6,25.539151823466437,clean
0.0123,0.7666666666666667,0.4301830671520763,uniform,0.0008492810938631371,0.0009061463083063605,0.008762681781711645,0.00100994277703015,0.47604166666666664,0.1191402484330774,0.5239583333333333,0.11914024843307738,fixed_r4,Fixed radius r=4,30,0.0,0.0,50.9,21.27545128983653,clean
0.0204,0.5333333333333333,0.5074162634049248,uniform,0.0010710832062068207,0.0009651185439885075,0.008507587810341354,0.0010169601826697924,0.31105208333333334,0.15532544314289246,0.6889479166666667,0.15532544314289246,fixed_r4,Fixed radius r=4,30,0.0,0.0,31.3,30.354400919346336,clean
0.0331,0.16666666666666666,0.3790490217894517,uniform,0.0010291574724742912,0.0006946554078861119,0.007722789825656911,0.0009995392362707992,0.13736458333333335,0.08909909953268842,0.8626354166666667,0.08909909953268844,fixed_r4,Fixed radius r=4,30,0.0,0.0,12.2,24.81712423252166,clean
0.0123,0.6333333333333333,0.49013251785356093,clustered,0.0006887259038045364,0.0004810882350012023,0.006569781731633269,0.0009589900727871226,0.3563958333333333,0.18127258579055852,0.6436041666666666,0.18127258579055852,fixed_r4,Fixed radius r=4,30,0.0,0.0,41.0,27.64678693060383,count_overcount_one
0.0204,0.3333333333333333,0.47946330148538413,clustered,0.000571572352862228,0.00044314778343880734,0.006322428945304308,0.0009343778128083889,0.246375,0.19308113481861666,0.753625,0.19308113481861666,fixed_r4,Fixed radius r=4,30,0.0,0.0,24.866666666666667,29.326618876246947,count_overcount_one
0.0331,0.2,0.4068381021724862,clustered,0.0004982744275945756,0.0004321362031726282,0.006198968805813331,0.0009164597277121163,0.15601041666666668,0.1772404626368527,0.8439895833333334,0.1772404626368527,fixed_r4,Fixed radius r=4,30,0.0,0.0,14.6,25.539151823466437,count_overcount_one
0.0123,0.7666666666666667,0.4301830671520763,uniform,0.0008492810938631371,0.0009061463083063605,0.008762681781711645,0.00100994277703015,0.47604166666666664,0.1191402484330774,0.5239583333333333,0.11914024843307738,fixed_r4,Fixed radius r=4,30,0.0,0.0,50.9,21.27545128983653,count_overcount_one
0.0204,0.5333333333333333,0.5074162634049248,uniform,0.0010710832062068207,0.0009651185439885075,0.008507587810341354,0.0010169601826697924,0.31105208333333334,0.15532544314289246,0.6889479166666667,0.15532544314289246,fixed_r4,Fixed radius r=4,30,0.0,0.0,31.3,30.354400919346336,count_overcount_one
0.0331,0.16666666666666666,0.3790490217894517,uniform,0.0010291574724742912,0.0006946554078861119,0.007722789825656911,0.0009995392362707992,0.13736458333333335,0.08909909953268842,0.8626354166666667,0.08909909953268844,fixed_r4,Fixed radius r=4,30,0.0,0.0,12.2,24.81712423252166,count_overcount_one
0.0123,0.6333333333333333,0.49013251785356093,clustered,0.0006887259038045364,0.0004810882350012023,0.006569781731633269,0.0009589900727871226,0.3563958333333333,0.18127258579055852,0.6436041666666666,0.18127258579055852,fixed_r4,Fixed radius r=4,30,0.0,0.0,41.0,27.64678693060383,count_undercount_one
0.0204,0.3333333333333333,0.47946330148538413,clustered,0.000571572352862228,0.00044314778343880734,0.006322428945304308,0.0009343778128083889,0.246375,0.19308113481861666,0.753625,0.19308113481861666,fixed_r4,Fixed radius r=4,30,0.0,0.0,24.866666666666667,29.326618876246947,count_undercount_one
0.0331,0.2,0.4068381021724862,clustered,0.0004982744275945756,0.0004321362031726282,0.006198968805813331,0.0009164597277121163,0.15601041666666668,0.1772404626368527,0.8439895833333334,0.1772404626368527,fixed_r4,Fixed radius r=4,30,0.0,0.0,14.6,25.539151823466437,count_undercount_one
0.0123,0.7666666666666667,0.4301830671520763,uniform,0.0008492810938631371,0.0009061463083063605,0.008762681781711645,0.00100994277703015,0.47604166666666664,0.1191402484330774,0.5239583333333333,0.11914024843307738,fixed_r4,Fixed radius r=4,30,0.0,0.0,50.9,21.27545128983653,count_undercount_one
0.0204,0.5333333333333333,0.5074162634049248,uniform,0.0010710832062068207,0.0009651185439885075,0.008507587810341354,0.0010169601826697924,0.31105208333333334,0.15532544314289246,0.6889479166666667,0.15532544314289246,fixed_r4,Fixed radius r=4,30,0.0,0.0,31.3,30.354400919346336,count_undercount_one
0.0331,0.16666666666666666,0.3790490217894517,uniform,0.0010291574724742912,0.0006946554078861119,0.007722789825656911,0.0009995392362707992,0.13736458333333335,0.08909909953268842,0.8626354166666667,0.08909909953268844,fixed_r4,Fixed radius r=4,30,0.0,0.0,12.2,24.81712423252166,count_undercount_one
0.0123,0.6333333333333333,0.49013251785356093,clustered,0.0006887259038045364,0.0004810882350012023,0.00657160179157341,0.0009608998913293767,0.3563958333333333,0.18127258579055852,0.6436041666666666,0.18127258579055852,fixed_r4,Fixed radius r=4,30,0.0,0.0,41.0,27.64678693060383,gilbert_burst_message_loss
0.0204,0.3333333333333333,0.47946330148538413,clustered,0.0005632990344502637,0.0004271890761210034,0.0063291477232299866,0.0009377995951559854,0.2451354166666667,0.19280901018423793,0.7548645833333333,0.19280901018423793,fixed_r4,Fixed radius r=4,30,0.0,0.0,24.866666666666667,29.326618876246947,gilbert_burst_message_loss
0.0331,0.16666666666666666,0.3790490217894517,clustered,0.0004948828599262784,0.0004246737518671748,0.006206539534719276,0.000917277861506963,0.15517708333333333,0.17772178507101774,0.8448229166666666,0.17772178507101774,fixed_r4,Fixed radius r=4,30,0.0,0.0,14.6,25.539151823466437,gilbert_burst_message_loss
0.0123,0.7333333333333333,0.4497764451088036,uniform,0.0009431413367907176,0.0009734135685380266,0.008826088334710845,0.00099515014028674,0.47145833333333337,0.12828145234804209,0.5285416666666667,0.12828145234804206,fixed_r4,Fixed radius r=4,30,0.0,0.0,50.0,21.470107527475946,gilbert_burst_message_loss
0.0204,0.5333333333333333,0.5074162634049248,uniform,0.0010706226237609444,0.0009657853666817712,0.008548921171171859,0.0009911969755772598,0.30995833333333334,0.15479855455661107,0.6900416666666668,0.15479855455661107,fixed_r4,Fixed radius r=4,30,0.0,0.0,31.133333333333333,30.45486579472503,gilbert_burst_message_loss
0.0331,0.16666666666666666,0.3790490217894517,uniform,0.0010285777623293636,0.0006946789094800345,0.007733828273711164,0.0010067418495744924,0.1371666666666667,0.08902250437905879,0.8628333333333333,0.0890225043790588,fixed_r4,Fixed radius r=4,30,0.0,0.0,11.833333333333334,24.143369666444134,gilbert_burst_message_loss
0.0123,0.6333333333333333,0.49013251785356093,clustered,0.0006882208532994859,0.00048052365773813724,0.006577108479190879,0.0009636556820884405,0.35653124999999997,0.18120940668348842,0.64346875,0.18120940668348842,fixed_r4,Fixed radius r=4,30,0.0,0.0,41.1,27.54350790270199,message_dropout_0p10
0.0204,0.3333333333333333,0.47946330148538413,clustered,0.000571572352862228,0.00044314778343880734,0.006325957597701954,0.0009345784367542339,0.2460625,0.19305502442800226,0.7539374999999999,0.19305502442800226,fixed_r4,Fixed radius r=4,30,0.0,0.0,24.866666666666667,29.326618876246947,message_dropout_0p10
0.0331,0.2,0.4068381021724862,clustered,0.0004982744275945756,0.0004321362031726282,0.006200564955940018,0.0009165791178225626,0.15659374999999998,0.1771101297127722,0.8434062499999999,0.1771101297127722,fixed_r4,Fixed radius r=4,30,0.0,0.0,14.6,25.539151823466437,message_dropout_0p10
0.0123,0.8,0.4068381021724862,uniform,0.0008980798677586603,0.0009379843498894312,0.008923894298912499,0.0010078569211397683,0.47922916666666665,0.12021094665379813,0.5207708333333333,0.12021094665379813,fixed_r4,Fixed radius r=4,30,0.0,0.0,51.766666666666666,21.198053478193884,message_dropout_0p10
0.0204,0.5,0.5085476277156078,uniform,0.001081683899441785,0.0009497880803408563,0.008562742410796199,0.0010173653657615232,0.31227083333333333,0.1583551491700796,0.6877291666666667,0.1583551491700796,fixed_r4,Fixed radius r=4,30,0.0,0.0,29.333333333333332,30.206568517612116,message_dropout_0p10
0.0331,0.16666666666666666,0.3790490217894517,uniform,0.0010291574724742912,0.0006946554078861119,0.007735617909767652,0.001005908125732221,0.13740625,0.08915276921151634,0.86259375,0.08915276921151635,fixed_r4,Fixed radius r=4,30,0.0,0.0,11.833333333333334,24.143369666444134,message_dropout_0p10
0.0123,0.6333333333333333,0.49013251785356093,clustered,0.0006977489964248928,0.0004892695001242578,0.006587578691198268,0.0009658034346965562,0.3565729166666667,0.1810946027384146,0.6434270833333334,0.18109460273841457,fixed_r4,Fixed radius r=4,30,0.0,0.0,41.233333333333334,27.422220204052408,observation_delay_2
0.0204,0.36666666666666664,0.49013251785356093,clustered,0.0005796470905809286,0.00045068991429208507,0.00632370125419919,0.0009338609003749108,0.2505104166666667,0.1902618694211727,0.7494895833333334,0.1902618694211727,fixed_r4,Fixed radius r=4,30,0.0,0.0,24.866666666666667,29.326618876246947,observation_delay_2
0.0331,0.26666666666666666,0.4497764451088036,clustered,0.0005174617724782367,0.0004195567581500719,0.006199124965210456,0.0009167616436445545,0.17201041666666667,0.175618244503873,0.8279895833333334,0.17561824450387303,fixed_r4,Fixed radius r=4,30,0.0,0.0,18.666666666666668,27.72939848301591,observation_delay_2
0.0123,0.7666666666666667,0.4301830671520763,uniform,0.0010920829080042728,0.0010057853748398151,0.00899356873068877,0.0010001364404289748,0.48404166666666665,0.1274931310832844,0.5159583333333333,0.1274931310832844,fixed_r4,Fixed radius r=4,30,0.0,0.0,50.8,21.377397022282107,observation_delay_2
0.0204,0.5333333333333333,0.5074162634049248,uniform,0.0011934540879623774,0.001064599105477004,0.008565327385152225,0.001023642155368122,0.31279166666666663,0.15805427948085635,0.6872083333333333,0.15805427948085632,fixed_r4,Fixed radius r=4,30,0.0,0.0,31.2,30.411431607436587,observation_delay_2
0.0331,0.2,0.4068381021724862,uniform,0.0010637404539922573,0.0007153329078921848,0.007728671015103155,0.0009979836280754448,0.13970833333333335,0.0922152366709624,0.8602916666666667,0.09221523667096242,fixed_r4,Fixed radius r=4,30,0.0,0.0,13.766666666666667,25.494669264760823,observation_delay_2
0.0123,0.6333333333333333,0.49013251785356093,clustered,0.0006887259038045364,0.0004810882350012023,0.006570403695059169,0.0009590320504508021,0.3564791666666667,0.18134723412479342,0.6435208333333333,0.18134723412479342,fixed_r4,Fixed radius r=4,30,0.0,0.0,41.0,27.64678693060383,position_noise_sigma_0p01rb
0.0204,0.36666666666666664,0.49013251785356093,clustered,0.0005762019824918575,0.00044968875135975784,0.006322529952000136,0.0009343941018406076,0.24678125,0.19273388567390323,0.75321875,0.19273388567390323,fixed_r4,Fixed radius r=4,30,0.0,0.0,24.866666666666667,29.326618876246947,position_noise_sigma_0p01rb
0.0331,0.2,0.4068381021724862,clustered,0.0004982744275945756,0.0004321362031726282,0.006199014371838373,0.0009164467439805552,0.15684375,0.1769146406398777,0.8431562499999999,0.1769146406398777,fixed_r4,Fixed radius r=4,30,0.0,0.0,14.6,25.539151823466437,position_noise_sigma_0p01rb
0.0123,0.7333333333333333,0.4497764451088036,uniform,0.0008866069452563261,0.0009272438652027557,0.00877344127379807,0.0010112234545052265,0.4765625,0.11995340780112689,0.5234375,0.11995340780112687,fixed_r4,Fixed radius r=4,30,0.0,0.0,50.9,21.27545128983653,position_noise_sigma_0p01rb
0.0204,0.5333333333333333,0.5074162634049248,uniform,0.0011035597574333721,0.000977201704235415,0.008504310780485634,0.0010227789974970006,0.31125,0.15560604371462325,0.6887500000000001,0.15560604371462325,fixed_r4,Fixed radius r=4,30,0.0,0.0,31.3,30.354400919346336,position_noise_sigma_0p01rb
0.0331,0.16666666666666666,0.3790490217894517,uniform,0.0010291574724742912,0.0006946554078861119,0.0077232094479825035,0.0009995207795179923,0.1372604166666667,0.08904178461950082,0.8627395833333333,0.08904178461950084,fixed_r4,Fixed radius r=4,30,0.0,0.0,12.2,24.81712423252166,position_noise_sigma_0p01rb
