ci95_high,ci95_low,comparison,estimand,median_difference,method,metric,n_pairs,n_strata,paired_mean_difference,scenario,sign_consistency,standardized_effect
0.005313932291666657,-0.01225525173611111,crmf - alf,equal-weighted geometry-density cell means; paired shared evaluation seed,0.0,crmf,mean_fragmentation,180,6,-0.0032760416666666667,clean,0.8611111111111112,-0.05243033640029273
0.0007486545138888852,-0.018618489583333335,crmf - alf,equal-weighted geometry-density cell means; paired shared evaluation seed,0.0,crmf,mean_largest_scc_fraction,180,6,-0.008503472222222225,clean,0.8166666666666667,-0.1271358207701753
-3.9625475628763196e-05,-8.623402820557141e-05,crmf - alf,equal-weighted geometry-density cell means; paired shared evaluation seed,-3.211263630218314e-05,crmf,mean_contact_break_rate,180,6,-6.296762161293248e-05,clean,0.7277777777777777,-0.365743135077443
0.0010239063603118908,0.0006465457283523437,crmf - alf,equal-weighted geometry-density cell means; paired shared evaluation seed,0.0006227874619310577,crmf,radius_temporal_variation,180,6,0.0008265800557677715,clean,0.7388888888888889,0.5926382297024192
2.6398196361632353e-06,2.647110072848568e-08,crmf - alf,equal-weighted geometry-density cell means; paired shared evaluation seed,3.6760027656264696e-07,crmf,mean_control_effort_proxy,180,6,1.301890746392582e-06,clean,0.6388888888888888,0.14164009958266374
0.022222222222222223,-0.05555555555555555,crmf - alf,equal-weighted geometry-density cell means; paired shared evaluation seed,0.0,crmf,failure_indicator,180,6,-0.016666666666666666,clean,0.9722222222222222,-0.06196413349312519
3.522222222222222,-1.1336111111111111,crmf - alf,equal-weighted geometry-density cell means; paired shared evaluation seed,0.0,crmf,recovery_steps_after_release,180,6,1.2055555555555555,clean,0.9666666666666667,0.07280252623321228
0.216307421875,0.17587708333333335,fixed_r4 - alf,equal-weighted geometry-density cell means; paired shared evaluation seed,0.1621875,fixed_r4,mean_fragmentation,180,6,0.19662673611111112,clean,0.9666666666666667,1.087396091778977
-0.13787460937499998,-0.17438276909722222,fixed_r4 - alf,equal-weighted geometry-density cell means; paired shared evaluation seed,-0.10281250000000003,fixed_r4,mean_largest_scc_fraction,180,6,-0.156265625,clean,0.8333333333333334,-0.8146158285925574
0.0003940404428503361,0.00018762591916093928,fixed_r4 - alf,equal-weighted geometry-density cell means; paired shared evaluation seed,0.00010944222949504071,fixed_r4,mean_contact_break_rate,180,6,0.0002854451628423388,clean,0.5944444444444444,0.3925945167389236
-0.001705771224840668,-0.001991708867261536,fixed_r4 - alf,equal-weighted geometry-density cell means; paired shared evaluation seed,-0.0017155558868710943,fixed_r4,radius_temporal_variation,180,6,-0.0018480943509263234,clean,1.0,-1.346905484443298
0.0010237612419054035,0.0008269680797334618,fixed_r4 - alf,equal-weighted geometry-density cell means; paired shared evaluation seed,0.0004783668836813816,fixed_r4,mean_control_effort_proxy,180,6,0.0009258122361862266,clean,0.8055555555555556,0.8709043448265374
0.3611111111111111,0.22777777777777777,fixed_r4 - alf,equal-weighted geometry-density cell means; paired shared evaluation seed,0.0,fixed_r4,failure_indicator,180,6,0.29444444444444445,clean,0.9777777777777777,0.5846938519910805
19.46708333333333,11.172083333333333,fixed_r4 - alf,equal-weighted geometry-density cell means; paired shared evaluation seed,0.0,fixed_r4,recovery_steps_after_release,180,6,15.377777777777778,clean,0.9277777777777778,0.4755051376384378
0.004634418402777773,-0.012787673611111113,crmf - alf,equal-weighted geometry-density cell means; paired shared evaluation seed,0.0,crmf,mean_fragmentation,180,6,-0.003647569444444445,position_noise_sigma_0p01rb,0.8611111111111112,-0.06041818277400445
0.001773784722222214,-0.016780078125000004,crmf - alf,equal-weighted geometry-density cell means; paired shared evaluation seed,0.0,crmf,mean_largest_scc_fraction,180,6,-0.007125000000000002,position_noise_sigma_0p01rb,0.8055555555555556,-0.10864521880502041
-4.83978391544596e-05,-9.53154327122655e-05,crmf - alf,equal-weighted geometry-density cell means; paired shared evaluation seed,-3.452309220253522e-05,crmf,mean_contact_break_rate,180,6,-7.15036457958772e-05,position_noise_sigma_0p01rb,0.7277777777777777,-0.39038514430753507
0.0009580841489376036,0.0004269747073426409,crmf - alf,equal-weighted geometry-density cell means; paired shared evaluation seed,0.000408467563687103,crmf,radius_temporal_variation,180,6,0.0006905296104494971,position_noise_sigma_0p01rb,0.6388888888888888,0.35147579992268746
2.666820803695539e-06,1.127518901970287e-07,crmf - alf,equal-weighted geometry-density cell means; paired shared evaluation seed,5.560661404881324e-07,crmf,mean_control_effort_proxy,180,6,1.3575370256294804e-06,position_noise_sigma_0p01rb,0.5833333333333334,0.14754058075274337
0.016666666666666666,-0.061111111111111116,crmf - alf,equal-weighted geometry-density cell means; paired shared evaluation seed,0.0,crmf,failure_indicator,180,6,-0.022222222222222223,position_noise_sigma_0p01rb,0.9722222222222222,-0.07971372278525192
3.945138888888885,-1.0223611111111113,crmf - alf,equal-weighted geometry-density cell means; paired shared evaluation seed,0.0,crmf,recovery_steps_after_release,180,6,1.488888888888889,position_noise_sigma_0p01rb,0.9666666666666667,0.08781117481403664
0.2163740017361111,0.1774595486111111,fixed_r4 - alf,equal-weighted geometry-density cell means; paired shared evaluation seed,0.1621875,fixed_r4,mean_fragmentation,180,6,0.19708854166666667,position_noise_sigma_0p01rb,0.9666666666666667,1.0916109581464428
-0.13871145833333343,-0.17519587673611112,fixed_r4 - alf,equal-weighted geometry-density cell means; paired shared evaluation seed,-0.10203125000000002,fixed_r4,mean_largest_scc_fraction,180,6,-0.15648784722222223,position_noise_sigma_0p01rb,0.8333333333333334,-0.8164223936358246
0.00038639392579000055,0.00018472114284406603,fixed_r4 - alf,equal-weighted geometry-density cell means; paired shared evaluation seed,8.946635973156799e-05,fixed_r4,mean_contact_break_rate,180,6,0.0002838767715627352,position_noise_sigma_0p01rb,0.5944444444444444,0.38929067041272647
-0.0028302329505191007,-0.003287805494857824,fixed_r4 - alf,equal-weighted geometry-density cell means; paired shared evaluation seed,-0.002882997567838264,fixed_r4,radius_temporal_variation,180,6,-0.0030534689648270765,position_noise_sigma_0p01rb,1.0,-1.3978389921672454
0.001020482839896121,0.0008323814094434718,fixed_r4 - alf,equal-weighted geometry-density cell means; paired shared evaluation seed,0.00047784663730330006,fixed_r4,mean_control_effort_proxy,180,6,0.0009270439059138437,position_noise_sigma_0p01rb,0.8,0.8704495717639161
0.36666666666666664,0.22777777777777777,fixed_r4 - alf,equal-weighted geometry-density cell means; paired shared evaluation seed,0.0,fixed_r4,failure_indicator,180,6,0.29444444444444445,position_noise_sigma_0p01rb,0.9722222222222222,0.5722241221368375
19.623055555555553,11.288611111111113,fixed_r4 - alf,equal-weighted geometry-density cell means; paired shared evaluation seed,0.0,fixed_r4,recovery_steps_after_release,180,6,15.366666666666667,position_noise_sigma_0p01rb,0.9277777777777778,0.4751444473019184
0.004832118055555551,-0.011728038194444446,crmf - alf,equal-weighted geometry-density cell means; paired shared evaluation seed,0.0,crmf,mean_fragmentation,180,6,-0.003291666666666668,observation_delay_2,0.8611111111111112,-0.05811117206249859
0.0022536024305555525,-0.015442925347222228,crmf - alf,equal-weighted geometry-density cell means; paired shared evaluation seed,0.0,crmf,mean_largest_scc_fraction,180,6,-0.006447916666666665,observation_delay_2,0.8111111111111111,-0.10419548250258384
-2.9707259947675383e-05,-7.802202339620805e-05,crmf - alf,equal-weighted geometry-density cell means; paired shared evaluation seed,-2.3006485738921094e-05,crmf,mean_contact_break_rate,180,6,-5.3656608987614097e-05,observation_delay_2,0.7166666666666667,-0.29534080250417843
0.0010664617799493747,0.0006784271908307232,crmf - alf,equal-weighted geometry-density cell means; paired shared evaluation seed,0.0006862924084533966,crmf,radius_temporal_variation,180,6,0.0008667522768763043,observation_delay_2,0.7388888888888889,0.6124149113877844
2.6317869175732827e-06,3.9324787134378427e-08,crmf - alf,equal-weighted geometry-density cell means; paired shared evaluation seed,3.9107999043460837e-07,crmf,mean_control_effort_proxy,180,6,1.3061466150028565e-06,observation_delay_2,0.6444444444444445,0.1417490244855035
0.016666666666666666,-0.049999999999999996,crmf - alf,equal-weighted geometry-density cell means; paired shared evaluation seed,0.0,crmf,failure_indicator,180,6,-0.016666666666666666,observation_delay_2,0.9777777777777777,-0.06738577158477217
3.0666666666666664,-1.6558333333333335,crmf - alf,equal-weighted geometry-density cell means; paired shared evaluation seed,0.0,crmf,recovery_steps_after_release,180,6,0.8222222222222223,observation_delay_2,0.9611111111111111,0.04830660779498026
0.22075425347222222,0.18236922743055556,fixed_r4 - alf,equal-weighted geometry-density cell means; paired shared evaluation seed,0.15703124999999998,fixed_r4,mean_fragmentation,180,6,0.19983680555555558,observation_delay_2,0.9666666666666667,1.1178214447049082
-0.13994097222222224,-0.17554887152777776,fixed_r4 - alf,equal-weighted geometry-density cell means; paired shared evaluation seed,-0.10390625000000003,fixed_r4,mean_largest_scc_fraction,180,6,-0.157796875,observation_delay_2,0.8333333333333334,-0.8267939732191365
0.00044266957938013575,0.00023229381505667095,fixed_r4 - alf,equal-weighted geometry-density cell means; paired shared evaluation seed,0.00010536472867763217,fixed_r4,mean_contact_break_rate,180,6,0.0003372556516451166,observation_delay_2,0.6111111111111112,0.42917000614088147
-0.0017960304951068773,-0.0021214239762106877,fixed_r4 - alf,equal-weighted geometry-density cell means; paired shared evaluation seed,-0.0017457711732059163,fixed_r4,radius_temporal_variation,180,6,-0.0019516705336028314,observation_delay_2,1.0,-1.3148765887316691
0.0010744050688886806,0.0008767160700674119,fixed_r4 - alf,equal-weighted geometry-density cell means; paired shared evaluation seed,0.0005312656184245754,fixed_r4,mean_control_effort_proxy,180,6,0.000977242780766133,observation_delay_2,0.8055555555555556,0.8794697550729517
0.3666666666666667,0.2333333333333333,fixed_r4 - alf,equal-weighted geometry-density cell means; paired shared evaluation seed,0.0,fixed_r4,failure_indicator,180,6,0.3,observation_delay_2,0.9722222222222222,0.5805422367949887
19.46736111111111,11.18861111111111,fixed_r4 - alf,equal-weighted geometry-density cell means; paired shared evaluation seed,0.0,fixed_r4,recovery_steps_after_release,180,6,15.316666666666668,observation_delay_2,0.9222222222222223,0.46583890870988603
0.0054463975694444425,-0.012417795138888889,crmf - alf,equal-weighted geometry-density cell means; paired shared evaluation seed,0.0,crmf,mean_fragmentation,180,6,-0.003484375,message_dropout_0p10,0.8611111111111112,-0.056047999448357366
0.00047977430555555073,-0.018826562500000005,crmf - alf,equal-weighted geometry-density cell means; paired shared evaluation seed,0.0,crmf,mean_largest_scc_fraction,180,6,-0.00863888888888889,message_dropout_0p10,0.8055555555555556,-0.12875248927769914
-3.839150397380468e-05,-8.572006698758021e-05,crmf - alf,equal-weighted geometry-density cell means; paired shared evaluation seed,-1.6516734010371068e-05,crmf,mean_contact_break_rate,180,6,-6.17324769649913e-05,message_dropout_0p10,0.7166666666666667,-0.3479213627553862
0.0010237151471640946,0.0006488482248920635,crmf - alf,equal-weighted geometry-density cell means; paired shared evaluation seed,0.0006243531116637423,crmf,radius_temporal_variation,180,6,0.0008351024315475805,message_dropout_0p10,0.7444444444444445,0.5934216453545408
3.926106153982171e-06,2.502615676881985e-07,crmf - alf,equal-weighted geometry-density cell means; paired shared evaluation seed,4.690232629014912e-07,crmf,mean_control_effort_proxy,180,6,2.0474902877027937e-06,message_dropout_0p10,0.5777777777777777,0.1574027415813572
0.027777777777777776,-0.049999999999999996,crmf - alf,equal-weighted geometry-density cell means; paired shared evaluation seed,0.0,crmf,failure_indicator,180,6,-0.011111111111111112,message_dropout_0p10,0.9722222222222222,-0.04295323522633642
3.555694444444444,-1.1225000000000003,crmf - alf,equal-weighted geometry-density cell means; paired shared evaluation seed,0.0,crmf,recovery_steps_after_release,180,6,1.2555555555555555,message_dropout_0p10,0.9666666666666667,0.07577657216415362
0.21704348958333333,0.1773763454861111,fixed_r4 - alf,equal-weighted geometry-density cell means; paired shared evaluation seed,0.1615625,fixed_r4,mean_fragmentation,180,6,0.19743229166666665,message_dropout_0p10,0.9666666666666667,1.0841435414769043
-0.13906484375000003,-0.17705269097222223,fixed_r4 - alf,equal-weighted geometry-density cell means; paired shared evaluation seed,-0.10203125000000002,fixed_r4,mean_largest_scc_fraction,180,6,-0.1572621527777778,message_dropout_0p10,0.8333333333333334,-0.8145649833327859
0.00040050835692538535,0.00019189285854006907,fixed_r4 - alf,equal-weighted geometry-density cell means; paired shared evaluation seed,0.00011580021328575147,fixed_r4,mean_contact_break_rate,180,6,0.0002953724760474888,message_dropout_0p10,0.5944444444444444,0.40301804808283037
-0.0016877114019481208,-0.001982361824956898,fixed_r4 - alf,equal-weighted geometry-density cell means; paired shared evaluation seed,-0.001715554992399984,fixed_r4,radius_temporal_variation,180,6,-0.0018374441350622682,message_dropout_0p10,1.0,-1.346741822661076
0.0010578112479875477,0.0008568306868159629,fixed_r4 - alf,equal-weighted geometry-density cell means; paired shared evaluation seed,0.0004786743307718688,fixed_r4,mean_control_effort_proxy,180,6,0.0009604481446586908,message_dropout_0p10,0.8055555555555556,0.8711229464902174
0.3666666666666667,0.2333333333333333,fixed_r4 - alf,equal-weighted geometry-density cell means; paired shared evaluation seed,0.0,fixed_r4,failure_indicator,180,6,0.3,message_dropout_0p10,0.9777777777777777,0.5930823930035605
19.195,11.165972222222221,fixed_r4 - alf,equal-weighted geometry-density cell means; paired shared evaluation seed,0.0,fixed_r4,recovery_steps_after_release,180,6,15.15,message_dropout_0p10,0.9277777777777778,0.46975512544256237
0.0027921874999999965,-0.014043619791666666,crmf - alf,equal-weighted geometry-density cell means; paired shared evaluation seed,0.0,crmf,mean_fragmentation,180,6,-0.005279513888888889,count_undercount_one,0.8666666666666667,-0.08997788032495282
0.011171831597222211,-0.007787543402777779,crmf - alf,equal-weighted geometry-density cell means; paired shared evaluation seed,0.0,crmf,mean_largest_scc_fraction,180,6,0.002027777777777778,count_undercount_one,0.8277777777777777,0.028940207061222172
-0.0002529523759412509,-0.0003361324226705612,crmf - alf,equal-weighted geometry-density cell means; paired shared evaluation seed,-0.00023186332226875252,crmf,mean_contact_break_rate,180,6,-0.0002926504389819152,count_undercount_one,0.9111111111111111,-0.8535869038826993
-0.0011967935021355864,-0.0017176182331782159,crmf - alf,equal-weighted geometry-density cell means; paired shared evaluation seed,-0.0013262633418704255,crmf,radius_temporal_variation,180,6,-0.0014610312958764492,count_undercount_one,0.7944444444444444,-0.7501394763566025
2.699349242286556e-06,8.054656137119158e-08,crmf - alf,equal-weighted geometry-density cell means; paired shared evaluation seed,3.117344386147601e-07,crmf,mean_control_effort_proxy,180,6,1.3944694199986136e-06,count_undercount_one,0.6333333333333333,0.1502204664467583
0.005555555555555556,-0.07222222222222223,crmf - alf,equal-weighted geometry-density cell means; paired shared evaluation seed,0.0,crmf,failure_indicator,180,6,-0.03333333333333333,count_undercount_one,0.9833333333333333,-0.12982677144489166
0.6166666666666666,-3.6949999999999994,crmf - alf,equal-weighted geometry-density cell means; paired shared evaluation seed,0.0,crmf,recovery_steps_after_release,180,6,-1.5611111111111111,count_undercount_one,0.9666666666666667,-0.10200150022895281
0.22183919270833333,0.1829495659722222,fixed_r4 - alf,equal-weighted geometry-density cell means; paired shared evaluation seed,0.16843750000000002,fixed_r4,mean_fragmentation,180,6,0.20199479166666667,count_undercount_one,0.9666666666666667,1.148941500995524
-0.1482232204861111,-0.18767460937500002,fixed_r4 - alf,equal-weighted geometry-density cell means; paired shared evaluation seed,-0.10796875,fixed_r4,mean_largest_scc_fraction,180,6,-0.16748958333333333,count_undercount_one,0.8666666666666667,-0.8924741801528072
0.00016506183241945114,-5.0351271388899925e-05,fixed_r4 - alf,equal-weighted geometry-density cell means; paired shared evaluation seed,-7.403072948315027e-05,fixed_r4,mean_contact_break_rate,180,6,5.403784705713198e-05,count_undercount_one,0.5777777777777777,0.07156544085043423
-0.005418556992702333,-0.005975333238642986,fixed_r4 - alf,equal-weighted geometry-density cell means; paired shared evaluation seed,-0.005791952197110489,fixed_r4,radius_temporal_variation,180,6,-0.005698706891008074,count_undercount_one,1.0,-1.7273044697643445
0.001023141532163269,0.0008302606134875706,fixed_r4 - alf,equal-weighted geometry-density cell means; paired shared evaluation seed,0.0004769340366333496,fixed_r4,mean_control_effort_proxy,180,6,0.0009257666485759764,count_undercount_one,0.8,0.8708320279787624
0.37777777777777777,0.2388888888888889,fixed_r4 - alf,equal-weighted geometry-density cell means; paired shared evaluation seed,0.0,fixed_r4,failure_indicator,180,6,0.3055555555555555,count_undercount_one,0.9722222222222222,0.5888683470822023
21.05569444444444,13.004444444444443,fixed_r4 - alf,equal-weighted geometry-density cell means; paired shared evaluation seed,0.0,fixed_r4,recovery_steps_after_release,180,6,17.038888888888888,count_undercount_one,0.9444444444444444,0.546458661101084
0.003854253472222221,-0.014669618055555556,crmf - alf,equal-weighted geometry-density cell means; paired shared evaluation seed,0.0,crmf,mean_fragmentation,180,6,-0.00509375,count_overcount_one,0.8333333333333334,-0.08098230592422649
0.012282986111111102,-0.008137456597222223,crmf - alf,equal-weighted geometry-density cell means; paired shared evaluation seed,0.0,crmf,mean_largest_scc_fraction,180,6,0.002237847222222224,count_overcount_one,0.7944444444444444,0.030043199939842762
-0.00042738643625647157,-0.0005244175387077937,crmf - alf,equal-weighted geometry-density cell means; paired shared evaluation seed,-0.00042965424330048584,crmf,mean_contact_break_rate,180,6,-0.00047619374677471235,count_overcount_one,0.8277777777777777,-0.8624066946517178
-0.0031459816899122167,-0.00370277448235205,crmf - alf,equal-weighted geometry-density cell means; paired shared evaluation seed,-0.003633548662158233,crmf,radius_temporal_variation,180,6,-0.0034265489207246955,count_overcount_one,0.8333333333333334,-1.0127051073044804
2.50445889274389e-06,-1.7947560631767146e-07,crmf - alf,equal-weighted geometry-density cell means; paired shared evaluation seed,3.481858619038339e-07,crmf,mean_control_effort_proxy,180,6,1.1577282299153554e-06,count_overcount_one,0.5888888888888889,0.12286000278233224
0.016666666666666666,-0.06666666666666667,crmf - alf,equal-weighted geometry-density cell means; paired shared evaluation seed,0.0,crmf,failure_indicator,180,6,-0.022222222222222223,count_overcount_one,0.9666666666666667,-0.07453559924999299
3.4280555555555536,-1.2444444444444445,crmf - alf,equal-weighted geometry-density cell means; paired shared evaluation seed,0.0,crmf,recovery_steps_after_release,180,6,1.05,count_overcount_one,0.9111111111111111,0.06461445335034721
0.2067626736111111,0.16788945312499998,fixed_r4 - alf,equal-weighted geometry-density cell means; paired shared evaluation seed,0.14656249999999998,fixed_r4,mean_fragmentation,180,6,0.18698958333333335,count_overcount_one,0.9611111111111111,1.048066197996195
-0.11505013020833334,-0.1531662760416667,fixed_r4 - alf,equal-weighted geometry-density cell means; paired shared evaluation seed,-0.07671875,fixed_r4,mean_largest_scc_fraction,180,6,-0.13403819444444445,count_overcount_one,0.7944444444444444,-0.6964282973283017
-0.0001743993439968439,-0.0003919304933039783,fixed_r4 - alf,equal-weighted geometry-density cell means; paired shared evaluation seed,-0.00030182557218246664,fixed_r4,mean_contact_break_rate,180,6,-0.00028373008558491356,count_overcount_one,0.7388888888888889,-0.3601257768301052
-0.0071244356787281814,-0.007649900019134643,fixed_r4 - alf,equal-weighted geometry-density cell means; paired shared evaluation seed,-0.007122448542795269,fixed_r4,radius_temporal_variation,180,6,-0.007383325322869721,count_overcount_one,1.0,-2.7596823930871386
0.0010222144656147727,0.0008337637207848743,fixed_r4 - alf,equal-weighted geometry-density cell means; paired shared evaluation seed,0.0004784131988249084,fixed_r4,mean_control_effort_proxy,180,6,0.0009256022339463074,count_overcount_one,0.8055555555555556,0.870795459499001
0.3499999999999999,0.21666666666666667,fixed_r4 - alf,equal-weighted geometry-density cell means; paired shared evaluation seed,0.0,fixed_r4,failure_indicator,180,6,0.2833333333333333,count_overcount_one,0.9777777777777777,0.5679372213260038
16.155555555555555,7.78875,fixed_r4 - alf,equal-weighted geometry-density cell means; paired shared evaluation seed,0.0,fixed_r4,recovery_steps_after_release,180,6,12.03888888888889,count_overcount_one,0.8333333333333334,0.36364911695167407
0.005600694444444443,-0.012642144097222224,crmf - alf,equal-weighted geometry-density cell means; paired shared evaluation seed,0.0,crmf,mean_fragmentation,180,6,-0.0028767361111111116,gilbert_burst_message_loss,0.8666666666666667,-0.04579162800826774
0.00013311631944443829,-0.019099262152777775,crmf - alf,equal-weighted geometry-density cell means; paired shared evaluation seed,0.0,crmf,mean_largest_scc_fraction,180,6,-0.008633680555555554,gilbert_burst_message_loss,0.8111111111111111,-0.12639959455620314
-4.14924298527148e-05,-8.774309644280054e-05,crmf - alf,equal-weighted geometry-density cell means; paired shared evaluation seed,-2.9159602732297323e-05,crmf,mean_contact_break_rate,180,6,-6.425525594404821e-05,gilbert_burst_message_loss,0.7277777777777777,-0.36647549286470643
0.0010267455776051288,0.0006459027003450159,crmf - alf,equal-weighted geometry-density cell means; paired shared evaluation seed,0.0006014226955793138,crmf,radius_temporal_variation,180,6,0.0008343839837494841,gilbert_burst_message_loss,0.7444444444444445,0.6011019640907593
2.7226829609482773e-06,-3.7502846550787874e-06,crmf - alf,equal-weighted geometry-density cell means; paired shared evaluation seed,6.152225831821713e-07,crmf,mean_control_effort_proxy,180,6,-4.017583335344791e-07,gilbert_burst_message_loss,0.5666666666666667,-0.017901507106929837
0.027777777777777776,-0.049999999999999996,crmf - alf,equal-weighted geometry-density cell means; paired shared evaluation seed,0.0,crmf,failure_indicator,180,6,-0.011111111111111112,gilbert_burst_message_loss,0.9722222222222222,-0.04295323522633642
3.538888888888889,-1.2334722222222223,crmf - alf,equal-weighted geometry-density cell means; paired shared evaluation seed,0.0,crmf,recovery_steps_after_release,180,6,1.1888888888888889,gilbert_burst_message_loss,0.9666666666666667,0.07193674077772942
0.21669279513888887,0.17593511284722219,fixed_r4 - alf,equal-weighted geometry-density cell means; paired shared evaluation seed,0.15953125,fixed_r4,mean_fragmentation,180,6,0.1955625,gilbert_burst_message_loss,0.9666666666666667,1.078622035624349
-0.1361797743055556,-0.17442491319444442,fixed_r4 - alf,equal-weighted geometry-density cell means; paired shared evaluation seed,-0.10390625000000003,fixed_r4,mean_largest_scc_fraction,180,6,-0.15514930555555556,gilbert_burst_message_loss,0.8277777777777777,-0.8101589079748089
0.0004021228730773854,0.00019751743966042173,fixed_r4 - alf,equal-weighted geometry-density cell means; paired shared evaluation seed,0.00011580021328575147,fixed_r4,mean_contact_break_rate,180,6,0.00029848677859904406,gilbert_burst_message_loss,0.6,0.4015839481244578
-0.0016966542707311976,-0.001986303223307268,fixed_r4 - alf,equal-weighted geometry-density cell means; paired shared evaluation seed,-0.0017155528942578739,fixed_r4,radius_temporal_variation,180,6,-0.0018378485696367594,gilbert_burst_message_loss,1.0,-1.3489624813353092
0.0010429902545318107,0.0008470163658996263,fixed_r4 - alf,equal-weighted geometry-density cell means; paired shared evaluation seed,0.00046744863149766197,fixed_r4,mean_control_effort_proxy,180,6,0.0009396122555829752,gilbert_burst_message_loss,0.8,0.874776314163646
0.35555555555555557,0.2222222222222222,fixed_r4 - alf,equal-weighted geometry-density cell means; paired shared evaluation seed,0.0,fixed_r4,failure_indicator,180,6,0.2888888888888889,gilbert_burst_message_loss,0.9722222222222222,0.5639117182178837
19.077916666666667,10.92763888888889,fixed_r4 - alf,equal-weighted geometry-density cell means; paired shared evaluation seed,0.0,fixed_r4,recovery_steps_after_release,180,6,15.122222222222222,gilbert_burst_message_loss,0.9277777777777778,0.47058481815479747
0.003031727430555551,-0.013534765625000002,crmf - alf,equal-weighted geometry-density cell means; paired shared evaluation seed,0.0,crmf,mean_fragmentation,180,6,-0.004807291666666668,actuation_velocity_scale_acceleration_heading_lag,0.9055555555555556,-0.0801235401027773
0.002494270833333324,-0.02099852430555556,crmf - alf,equal-weighted geometry-density cell means; paired shared evaluation seed,0.0,crmf,mean_largest_scc_fraction,180,6,-0.00859201388888889,actuation_velocity_scale_acceleration_heading_lag,0.8722222222222222,-0.10438436224416008
-4.739716456193738e-05,-0.00018916953751662655,crmf - alf,equal-weighted geometry-density cell means; paired shared evaluation seed,-9.042606138938642e-06,crmf,mean_contact_break_rate,180,6,-0.0001110811344929526,actuation_velocity_scale_acceleration_heading_lag,0.7388888888888889,-0.22716375464477667
0.0008992761720693875,0.0004397499489077818,crmf - alf,equal-weighted geometry-density cell means; paired shared evaluation seed,0.0005489278769838356,crmf,radius_temporal_variation,180,6,0.0006731245998631853,actuation_velocity_scale_acceleration_heading_lag,0.7222222222222222,0.4102804991985758
-5.475842411486689e-06,-0.0009454623592911576,crmf - alf,equal-weighted geometry-density cell means; paired shared evaluation seed,0.0,crmf,mean_control_effort_proxy,180,6,-0.00039568487815755046,actuation_velocity_scale_acceleration_heading_lag,0.5888888888888889,-0.11893147882145129
0.005555555555555554,-0.049999999999999996,crmf - alf,equal-weighted geometry-density cell means; paired shared evaluation seed,0.0,crmf,failure_indicator,180,6,-0.022222222222222223,actuation_velocity_scale_acceleration_heading_lag,0.9944444444444445,-0.12228676051051912
2.216666666666667,-3.0499999999999994,crmf - alf,equal-weighted geometry-density cell means; paired shared evaluation seed,0.0,crmf,recovery_steps_after_release,180,6,-0.4166666666666667,actuation_velocity_scale_acceleration_heading_lag,0.9611111111111111,-0.023561329697384344
0.25958389756944444,0.21250690104166664,fixed_r4 - alf,equal-weighted geometry-density cell means; paired shared evaluation seed,0.20937499999999998,fixed_r4,mean_fragmentation,180,6,0.23534895833333333,actuation_velocity_scale_acceleration_heading_lag,0.9666666666666667,1.07327830583187
-0.17997816840277778,-0.22516384548611112,fixed_r4 - alf,equal-weighted geometry-density cell means; paired shared evaluation seed,-0.14531249999999996,fixed_r4,mean_largest_scc_fraction,180,6,-0.20273958333333333,actuation_velocity_scale_acceleration_heading_lag,0.8722222222222222,-0.8977161172391495
0.00097021830693141,0.000420725103090176,fixed_r4 - alf,equal-weighted geometry-density cell means; paired shared evaluation seed,0.00016202882699253683,fixed_r4,mean_contact_break_rate,180,6,0.0006820655646204364,actuation_velocity_scale_acceleration_heading_lag,0.6555555555555556,0.3375387196344125
-0.0015782918496521046,-0.0019497291258172749,fixed_r4 - alf,equal-weighted geometry-density cell means; paired shared evaluation seed,-0.001487689110752958,fixed_r4,radius_temporal_variation,180,6,-0.0017526286197127865,actuation_velocity_scale_acceleration_heading_lag,1.0,-1.1297157331868497
0.0025691795817457353,0.000667270981785429,fixed_r4 - alf,equal-weighted geometry-density cell means; paired shared evaluation seed,0.0004139477076446781,fixed_r4,mean_control_effort_proxy,180,6,0.0016239477989958544,actuation_velocity_scale_acceleration_heading_lag,0.7333333333333333,0.23142388224176932
0.5333333333333333,0.4055555555555556,fixed_r4 - alf,equal-weighted geometry-density cell means; paired shared evaluation seed,0.0,fixed_r4,failure_indicator,180,6,0.47222222222222227,actuation_velocity_scale_acceleration_heading_lag,0.9944444444444445,0.9229254993281688
27.98888888888889,19.983333333333334,fixed_r4 - alf,equal-weighted geometry-density cell means; paired shared evaluation seed,0.0,fixed_r4,recovery_steps_after_release,180,6,23.92222222222222,actuation_velocity_scale_acceleration_heading_lag,0.9722222222222222,0.7230858395718776
