target_degree,eval_seed,n_agents,steps,final_fragmentation,mean_fragmentation,polar_order,neighbor_loss_rate,control_energy,mean_radius,mean_probe_degree,mean_interaction_out_degree
2,20000,16,200,0.0625,0.11287313432835822,0.9562864047845007,0.0015625,0.021421237954974973,4.934108367755846,1.3314676616915422,2.623445273631841
2,20001,16,200,0.375,0.08550995024875623,0.4700131539036914,0.0065625,0.012159388199821755,4.175523900939973,2.142412935323383,2.2347636815920398
2,20002,16,200,0.0,0.022388059701492536,0.9411764606183088,0.000625,0.01567385125083672,4.954529250033888,1.2456467661691542,2.2745646766169156
2,20003,16,200,0.0,0.0046641791044776115,0.9683809387180142,0.0034375,0.012143061393407168,4.6858309806571095,1.5901741293532339,2.2291666666666665
2,20004,16,200,0.0,0.05503731343283582,0.9695751295742628,0.0040625,0.01689744254887576,5.005403288222491,1.373134328358209,2.869092039800995
2,20005,16,200,0.0,0.09732587064676616,0.9635567125733602,0.00375,0.012405598053521039,4.2847773509976275,2.0223880597014925,2.3914800995024876
2,20006,16,200,0.0,0.012437810945273632,0.9533213349387145,0.0015625,0.010884863184848277,5.519591827213228,0.8837064676616916,2.4813432835820897
2,20007,16,200,0.0,0.0,0.9395252872302468,0.00125,0.01390691803123879,4.835639798713052,1.3737562189054726,2.4384328358208953
2,20008,16,200,0.0,0.009328358208955223,0.959102480673999,0.0003125,0.014622838208229101,4.89706096297849,1.248134328358209,2.6529850746268657
2,20009,16,200,0.0,0.024564676616915422,0.8890956080462428,0.0040625,0.017410596590325303,4.639831872922749,1.445273631840796,2.3292910447761193
2,20010,16,200,0.0,0.005907960199004975,0.9513369347082696,0.0028125,0.017693192858432263,5.321890908762779,0.9875621890547264,2.6315298507462686
2,20011,16,200,0.4375,0.26927860696517414,0.6117877178378134,0.0053125,0.020572488978091042,4.546049908059688,1.7935323383084578,2.478233830845771
2,20012,16,200,0.0,0.02767412935323383,0.9756501326098436,0.0021875,0.020455275360967203,5.553300858899098,0.6256218905472637,2.0382462686567164
2,20013,16,200,0.375,0.34110696517412936,0.3667090282111601,0.00125,0.0164481408545161,4.8078667373480295,1.6262437810945274,2.9791666666666665
2,20014,16,200,0.25,0.21237562189054726,0.8826701531704713,0.00625,0.009285437359361921,3.853222070668511,2.3606965174129355,2.2475124378109452
2,20015,16,200,0.0,0.13495024875621892,0.7602430520075085,0.0015625,0.02415403440679724,5.181575210318085,0.9421641791044776,2.273009950248756
2,20016,16,200,0.0,0.0,0.9864564406558204,0.0034375,0.011442336044756807,4.4416400095981245,1.853855721393035,2.467350746268657
2,20017,16,200,0.0,0.0,0.9799717992283729,0.0034375,0.013775899132467795,4.829051349452088,1.4720149253731343,2.271144278606965
2,20018,16,200,0.0,0.005907960199004975,0.9571142119236703,0.000625,0.01396078486126876,4.573156080626521,1.7419154228855722,2.1884328358208953
2,20019,16,200,0.0,0.054104477611940295,0.8899043378565709,0.0034375,0.012999499211543458,4.423929253514537,1.7350746268656716,2.652363184079602
2,20020,16,200,0.0,0.036069651741293535,0.9216157113644932,0.0034375,0.014148343236098902,4.418805820310902,1.9888059701492538,2.138992537313433
2,20021,16,200,0.0,0.015236318407960199,0.9740216821849426,0.0025,0.016347654777552935,4.862538299470417,1.2419154228855722,2.2046019900497513
2,20022,16,200,0.0,0.03575870646766169,0.9383026994548378,0.0021875,0.01028292131425731,5.264793900018099,0.7475124378109452,2.9073383084577116
2,20023,16,200,0.0,0.0,0.9726017976941184,0.004375,0.010738880341725177,4.050636492013524,2.5366915422885574,2.515858208955224
2,20024,16,200,0.0,0.05690298507462686,0.8222423788472162,0.00375,0.009302033535161857,4.385123866135921,2.003731343283582,2.423507462686567
2,20025,16,200,0.0,0.14272388059701493,0.9022248222972173,0.004375,0.011288944820279544,4.531477477701702,1.7282338308457712,2.471082089552239
2,20026,16,200,0.375,0.2689676616915423,0.9887372782302748,0.0046875,0.013572527223886464,3.4802601463282024,3.491915422885572,2.076492537313433
2,20027,16,200,0.1875,0.18097014925373134,0.706063429831471,0.00125,0.027407643550582547,5.240351685045649,1.001865671641791,2.560945273631841
2,20028,16,200,0.0,0.05006218905472637,0.933850526857599,0.0025,0.018138444804324163,5.322346500425275,0.8227611940298507,2.5398009950248754
2,20029,16,200,0.0,0.03700248756218905,0.9785564004936005,0.001875,0.012972017696941049,5.056945131853549,1.3383084577114428,2.251554726368159
2,20030,16,200,0.0,0.026741293532338308,0.88848732768007,0.00875,0.012427684470549266,3.545341522619179,3.0223880597014925,2.486629353233831
2,20031,16,200,0.0,0.07213930348258707,0.8126361191326551,0.0059375,0.016086522168854468,4.063346415702882,2.3370646766169156,2.345771144278607
2,20032,16,200,0.0,0.06312189054726368,0.9870097693111011,0.0046875,0.011805921034407902,4.707056553676048,1.5534825870646767,2.0796019900497513
2,20033,16,200,0.0,0.04446517412935323,0.9775726466176168,0.0046875,0.022704199366850593,4.618388843753827,1.63681592039801,2.4580223880597014
2,20034,16,200,0.0,0.07369402985074627,0.9281029316657322,0.0015625,0.009022951512719373,4.4039247963774315,1.7350746268656716,2.2490671641791047
2,20035,16,200,0.0,0.12748756218905472,0.8613395301422684,0.001875,0.016404029794814215,5.095663345841238,1.2406716417910448,2.404228855721393
2,20036,16,200,0.0,0.0021766169154228856,0.9667587983299852,0.003125,0.01393199696963929,4.850240273524376,1.2294776119402986,2.53886815920398
2,20037,16,200,0.0,0.012126865671641791,0.9648079064032669,0.0025,0.012105260332924408,5.290373313219171,1.001865671641791,2.6573383084577116
2,20038,16,200,0.0,0.10074626865671642,0.8349612706033587,0.008125,0.0122849363220323,4.539084179400145,1.7145522388059702,2.4011194029850746
2,20039,16,200,0.3125,0.24098258706467662,0.9118281514439103,0.0084375,0.013503003810981917,3.9102680798852854,2.799129353233831,2.2708333333333335
2,20040,16,200,0.0,0.026741293532338308,0.8745495471868697,0.005,0.013204819868526669,4.118168028631608,2.251865671641791,2.2863805970149254
2,20041,16,200,0.0,0.006840796019900498,0.9243020648801269,0.0015625,0.011600534232350744,4.8415113425599,1.3706467661691542,2.236629353233831
2,20042,16,200,0.0,0.16791044776119404,0.9041855655096659,0.0059375,0.013087171151718256,4.824808914864868,1.3569651741293531,2.4819651741293534
2,20043,16,200,0.0,0.025497512437810944,0.9741062787142026,0.0034375,0.015955166698142304,4.276494694328081,2.123134328358209,2.4546019900497513
2,20044,16,200,0.0,0.01585820895522388,0.9383978370886423,0.004375,0.011884915976348085,4.62211811017484,1.7375621890547264,2.327425373134328
2,20045,16,200,0.0,0.08333333333333333,0.9748501554194854,0.010625,0.011215760757940388,3.679122717783575,3.0752487562189055,2.302549751243781
2,20046,16,200,0.0,0.010883084577114429,0.9835732305332082,0.0025,0.008655427614818684,4.951170857241886,1.4048507462686568,2.6299751243781095
2,20047,16,200,0.125,0.09203980099502487,0.9649431910172135,0.003125,0.013119607406393268,4.507537572200826,1.914179104477612,1.974813432835821
2,20048,16,200,0.0,0.027985074626865673,0.7923846814191159,0.005625,0.017040662909774792,4.722925199205958,1.506218905472637,2.4608208955223883
2,20049,16,200,0.0,0.10851990049751244,0.7170893337600581,0.005,0.011229594163738386,4.3847158702916635,1.9527363184079602,2.512126865671642
3,20000,16,200,0.0,0.0,0.9761742477477174,0.0025,0.01096301025544213,6.233977089155327,1.1604477611940298,3.2133084577114426
3,20001,16,200,0.0,0.0,0.9333919423282405,0.0015625,0.010970715131030264,5.848610331626652,1.3563432835820894,3.255907960199005
3,20002,16,200,0.0,0.0,0.9452258355051951,0.00375,0.009729156387319905,6.068034289138627,1.248134328358209,2.950559701492537
3,20003,16,200,0.0,0.0,0.9878903170450429,0.001875,0.011039005184909483,6.0621397592842605,1.0024875621890548,3.746268656716418
3,20004,16,200,0.0,0.0012437810945273632,0.9757760245682479,0.00125,0.011648344145409231,6.435351342446739,1.097636815920398,3.593283582089552
3,20005,16,200,0.0,0.018034825870646767,0.9593719398776287,0.0025,0.01229562185878973,5.449933962468425,1.8171641791044777,3.5929726368159205
3,20006,16,200,0.0,0.0,0.9871735673311895,0.000625,0.008953848398209209,6.646515826680978,1.0012437810945274,3.904850746268657
3,20007,16,200,0.0,0.0,0.9577531854449186,0.0009375,0.008404683408976727,5.923686998434881,1.3725124378109452,3.7328980099502487
3,20008,16,200,0.0,0.00808457711442786,0.9738002991461414,0.000625,0.00955700507159399,5.997650299299854,1.248134328358209,3.896766169154229
3,20009,16,200,0.0,0.0,0.9626512218744113,0.0015625,0.00948685082679929,6.246989701747101,1.2375621890547264,3.8370646766169156
3,20010,16,200,0.0,0.0006218905472636816,0.9828695083384704,0.001875,0.011779302764536446,6.627748687301992,0.8737562189054726,3.794776119402985
3,20011,16,200,0.0,0.0,0.9821976646488899,0.0009375,0.007576951852047723,5.358210578440211,2.120646766169154,3.6147388059701493
3,20012,16,200,0.0,0.0,0.9915099578928581,0.0025,0.01225114025073189,6.801376746231196,0.6256218905472637,3.693718905472637
3,20013,16,200,0.0,0.12468905472636815,0.8204287176945967,0.003125,0.011487959993572302,5.813521465824191,1.6685323383084578,3.2372512437810945
3,20014,16,200,0.0,0.055970149253731345,0.8734738020609247,0.0025,0.008446087845921449,4.958953460341013,2.133084577114428,3.447139303482587
3,20015,16,200,0.0,0.001554726368159204,0.9592319069268248,0.0028125,0.013802058140787204,6.433516844742937,0.8768656716417911,3.1237562189054726
3,20016,16,200,0.0,0.0,0.9889875625067539,0.00375,0.009506627514529395,5.320269624619946,1.9720149253731343,3.3659825870646767
3,20017,16,200,0.0,0.0,0.9856711034039924,0.0021875,0.009684932433828562,6.25288148873527,1.1218905472636815,3.640547263681592
3,20018,16,200,0.0,0.0,0.9743585355792206,0.000625,0.012452114188532473,5.859870615313292,1.5037313432835822,3.2667910447761193
3,20019,16,200,0.0,0.0,0.9620147982814387,0.00125,0.010096805201374728,5.69004630969908,1.3575870646766168,3.3031716417910446
3,20020,16,200,0.0,0.0,0.960058172856527,0.0046875,0.01084107641101789,5.70764117364724,1.568407960199005,2.972636815920398
3,20021,16,200,0.0,0.0,0.9935645550303471,0.003125,0.008810338982004957,6.12367765880485,1.1243781094527363,3.6458333333333335
3,20022,16,200,0.0,0.0,0.9746963582785579,0.0021875,0.009457422780828869,6.448029327980889,0.7475124378109452,3.7876243781094527
3,20023,16,200,0.0,0.0,0.9716160918559338,0.00625,0.011535397329813103,5.14831660253698,2.1791044776119404,3.429726368159204
3,20024,16,200,0.0,0.0,0.8469062661264313,0.003125,0.00817600810513554,5.711998888004956,1.6741293532338308,3.344216417910448
3,20025,16,200,0.0,0.0,0.9754345311256538,0.0034375,0.008735204964239528,6.046456193157609,1.1225124378109452,3.425995024875622
3,20026,16,200,0.0,0.0,0.991780895294389,0.001875,0.011821392866402112,5.016632896544264,2.097636815920398,3.6393034825870645
3,20027,16,200,0.0,0.0,0.9813239035974893,0.0,0.007257610762347107,6.419355805612063,1.0012437810945274,4.095149253731344
3,20028,16,200,0.0,0.0,0.986935185577023,0.000625,0.01145048561174944,6.787495240523797,0.6262437810945274,3.3718905472636815
3,20029,16,200,0.0,0.0024875621890547263,0.9861276892250845,0.001875,0.009719725026007294,6.358401300928744,1.0049751243781095,3.4396766169154227
3,20030,16,200,0.0,0.0003109452736318408,0.9761697893088106,0.003125,0.009878404020467383,5.131369526471739,2.097636815920398,3.5425995024875623
3,20031,16,200,0.0,0.0024875621890547263,0.9591163141298351,0.0021875,0.008302946749591223,5.605217526323274,1.3843283582089552,3.4642412935323383
3,20032,16,200,0.0,0.028296019900497512,0.9909711029604926,0.001875,0.009873138747655226,6.057667224533294,1.375,3.144589552238806
3,20033,16,200,0.0,0.0024875621890547263,0.9922042568204854,0.001875,0.009812672546158101,6.2815965927310735,1.0149253731343284,3.697450248756219
3,20034,16,200,0.0,0.0037313432835820895,0.9892050002645032,0.0015625,0.007670411616245163,5.487607538232851,1.625,3.123445273631841
3,20035,16,200,0.0,0.0,0.9805329808527373,0.0003125,0.009659501645593989,6.528794452177793,0.9968905472636815,3.487873134328358
3,20036,16,200,0.0,0.0,0.9562400443083189,0.0021875,0.01224868068213378,6.235360682077697,1.0031094527363185,3.6222014925373136
3,20037,16,200,0.0,0.0003109452736318408,0.9828596494463889,0.00125,0.007939854133998905,6.479357583112109,1.001865671641791,3.673507462686567
3,20038,16,200,0.0,0.0012437810945273632,0.9421788153676811,0.001875,0.010047755865939558,6.031656067199345,1.146144278606965,3.361318407960199
3,20039,16,200,0.0,0.0,0.9244359779338108,0.0015625,0.00749227549232954,5.913779179607829,1.6281094527363185,4.331467661691542
3,20040,16,200,0.0,0.0,0.8938454823983689,0.0015625,0.007959186301066836,5.51593601885806,1.8115671641791045,3.704912935323383
3,20041,16,200,0.0,0.0,0.9710075946609311,0.00375,0.010366086247277785,5.826127761872629,1.3619402985074627,3.2590174129353233
3,20042,16,200,0.0,0.0,0.9824923995600581,0.0003125,0.009381008424365084,6.160934550688002,1.0006218905472637,3.575870646766169
3,20043,16,200,0.0,0.0,0.9824877410588975,0.001875,0.012906794075602801,5.237614944411654,2.123134328358209,3.3383084577114426
3,20044,16,200,0.0,0.007462686567164179,0.9649489396644189,0.008125,0.00976971422008716,5.470131498593922,1.902363184079602,3.470149253731343
3,20045,16,200,0.0,0.0,0.9829932032776966,0.003125,0.009936977607743048,5.646703484003207,1.4956467661691542,4.053171641791045
3,20046,16,200,0.0,0.0,0.9913841487217774,0.0021875,0.008164866723030637,5.8796756746751555,1.4993781094527363,3.3075248756218905
3,20047,16,200,0.0,0.0,0.9711320607923009,0.001875,0.009529797129504022,5.9200692802497334,1.3756218905472637,2.74657960199005
3,20048,16,200,0.0,0.0,0.9727487648541254,0.0015625,0.010695747190744816,6.368552633468826,0.9975124378109452,3.1843905472636815
3,20049,16,200,0.0,0.0,0.9567954997144557,0.0015625,0.009556609046594142,5.928045406269446,1.375,3.3448383084577116
4,20000,16,200,0.0,0.0,0.9881841582784104,0.001875,0.009517246271387697,7.056442087561203,1.25,3.790733830845771
4,20001,16,200,0.0,0.0,0.9737641329621457,0.0021875,0.00983783538903254,6.8599100384621545,1.248134328358209,4.26181592039801
4,20002,16,200,0.0,0.0,0.9870494952130984,0.0034375,0.009368029885059113,7.0067624605721175,1.2475124378109452,3.9045398009950247
4,20003,16,200,0.0,0.0,0.9910792806228962,0.0009375,0.009788584553066488,7.121320343559623,1.0006218905472637,4.687810945273632
4,20004,16,200,0.0,0.0,0.9855660333030214,0.00125,0.009343190301758156,7.430903659782886,1.0,4.1038557213930345
4,20005,16,200,0.0,0.0,0.9764713469947951,0.0059375,0.010157843817891659,6.28782085860148,1.7985074626865671,4.14521144278607
4,20006,16,200,0.0,0.0,0.9884401632316772,0.000625,0.00849796916506398,7.400785527098773,1.1237562189054726,4.72636815920398
4,20007,16,200,0.0,0.0,0.951730482127651,0.003125,0.007865076433792757,6.839355976187079,1.373134328358209,4.382773631840796
4,20008,16,200,0.0,0.0,0.986865541436885,0.00125,0.009406960989378814,6.925490029612022,1.248134328358209,5.049440298507463
4,20009,16,200,0.0,0.0,0.9844379334387701,0.0025,0.009558522373028249,7.213402371857017,1.1243781094527363,4.393656716417911
4,20010,16,200,0.0,0.0,0.9900491214273732,0.0028125,0.010349368787716506,7.653064977469994,0.8737562189054726,4.519900497512438
4,20011,16,200,0.0,0.0,0.9796797378095866,0.0003125,0.00744004811555506,6.4207651804999415,1.8774875621890548,4.486318407960199
4,20012,16,200,0.0,0.0,0.9926716930362668,0.0009375,0.010824605809048654,7.853553390593278,0.6256218905472637,5.0065298507462686
4,20013,16,200,0.0,0.0,0.9455818851847761,0.001875,0.009162603834730228,6.793378504492765,1.5541044776119404,3.7074004975124377
4,20014,16,200,0.0,0.0,0.9603711458508578,0.0025,0.008077085303854844,5.822616827505035,1.9962686567164178,3.94931592039801
4,20015,16,200,0.0,0.0,0.9833662309588637,0.0046875,0.011440782779037062,7.157749848364059,0.9981343283582089,3.978233830845771
4,20016,16,200,0.0,0.0,0.9917692518420128,0.0021875,0.009376694527583366,6.31128789239335,1.8656716417910448,4.074937810945274
4,20017,16,200,0.0,0.0,0.9852280777409792,0.0015625,0.009615627049086617,7.2289206110065525,1.1050995024875623,4.563121890547263
4,20018,16,200,0.0,0.0,0.9868676609285032,0.0003125,0.01101560789195163,6.633792356750812,1.623134328358209,4.103233830845771
4,20019,16,200,0.0,0.0,0.9719882544170811,0.0025,0.009772962806855672,6.574172865768828,1.353855721393035,4.163246268656716
4,20020,16,200,0.0,0.0,0.9693941051792945,0.0046875,0.010076697484979646,6.59417625123782,1.5746268656716418,4.001243781094527
4,20021,16,200,0.0,0.0,0.9944606642860936,0.001875,0.008185531682121572,7.071013889482955,1.1243781094527363,5.007462686567164
4,20022,16,200,0.0,0.0,0.9854043555051477,0.0040625,0.008677810748789856,7.445542936504738,0.7475124378109452,4.344216417910448
4,20023,16,200,0.0,0.0,0.9773846184709706,0.006875,0.010882172306982152,6.202867274963516,1.8227611940298507,4.536691542288557
4,20024,16,200,0.0,0.0,0.9149379488831426,0.0025,0.00752702530908523,7.26048105200548,1.1088308457711442,4.2179726368159205
4,20025,16,200,0.0,0.0,0.9827892367466317,0.001875,0.01028416802398038,6.860900265403117,1.2375621890547264,3.442786069651741
4,20026,16,200,0.0,0.0,0.994686505796375,0.003125,0.010002867442620474,6.217784941607302,1.751865671641791,4.5559701492537314
4,20027,16,200,0.0,0.0,0.9893868216189126,0.0025,0.007257732420172789,7.408062064212738,1.0031094527363185,5.051616915422885
4,20028,16,200,0.0,0.0,0.9877825773408434,0.0003125,0.009511201499496658,7.837524408479437,0.6262437810945274,4.401741293532338
4,20029,16,200,0.0,0.0,0.988753708825,0.000625,0.009640493016698129,7.342049405413753,1.006218905472637,4.596703980099503
4,20030,16,200,0.0,0.0,0.9863466846506227,0.00375,0.009853423219496138,6.1279366527928385,1.9570895522388059,4.249378109452737
4,20031,16,200,0.0,0.0,0.9793722169075086,0.001875,0.007589817706924911,6.414247764626883,1.501865671641791,4.560012437810945
4,20032,16,200,0.0,0.0,0.9914927190591831,0.00125,0.00889241782377544,6.994063015394965,1.3756218905472637,4.254353233830845
4,20033,16,200,0.0,0.0,0.9936051681132182,0.0021875,0.007941109945104361,6.988073137028026,1.251865671641791,4.426927860696518
4,20034,16,200,0.0,0.0,0.9915189130860084,0.001875,0.00718245737637001,6.336543378811509,1.625,4.073072139303482
4,20035,16,200,0.0,0.0,0.9838876696884463,0.00125,0.00885138533610452,7.538802468897172,0.753731343283582,4.667599502487562
4,20036,16,200,0.0,0.0,0.9394073765814633,0.0025,0.011322455972880674,7.199245746487959,1.0037313432835822,4.747823383084577
4,20037,16,200,0.0,0.0,0.9863677501994497,0.0009375,0.007740043369688071,7.4817176895712345,1.001865671641791,4.918532338308458
4,20038,16,200,0.0,0.0,0.9790815403252795,0.003125,0.009600099303071496,6.967265055799234,1.2506218905472637,4.125
4,20039,16,200,0.0,0.0,0.9360059562991241,0.0025,0.0065434551708162215,6.7020260324952154,1.7400497512437811,5.2288557213930345
4,20040,16,200,0.0,0.0,0.9146679256650955,0.001875,0.007652163536203662,6.7007627861927315,1.51181592039801,4.5049751243781095
4,20041,16,200,0.0,0.0,0.9845815152049114,0.0009375,0.010920531381805227,6.980040227766406,1.248134328358209,4.502176616915423
4,20042,16,200,0.0,0.0,0.9811093983293886,0.0003125,0.00946341178251855,7.114034442598763,1.0006218905472637,4.052238805970149
4,20043,16,200,0.0,0.0,0.9861335593498939,0.004375,0.012015468976522843,6.047876796135355,2.123134328358209,4.508084577114428
4,20044,16,200,0.0,0.0009328358208955224,0.9836306753781395,0.003125,0.009796605612109495,6.965402062918733,1.381218905472637,4.758084577114428
4,20045,16,200,0.0,0.0,0.9894788788900809,0.0040625,0.009901702236306665,6.264599464422843,1.6106965174129353,4.498756218905473
4,20046,16,200,0.0,0.0,0.9940482357152532,0.0015625,0.007116590124858803,6.749255545226779,1.6237562189054726,4.697450248756219
4,20047,16,200,0.0,0.0,0.9845804676323017,0.000625,0.008904555816925976,6.835907185146842,1.3756218905472637,4.2450248756218905
4,20048,16,200,0.0,0.0,0.987007827674484,0.0021875,0.010023242661569603,7.355385041525217,1.1169154228855722,4.562810945273632
4,20049,16,200,0.0,0.0,0.9828791011312925,0.000625,0.0084637228590416,6.845117222155982,1.375,4.425062189054726
5,20000,16,200,0.0,0.0,0.9915883784863069,0.0009375,0.009664403285319402,7.299172149789213,1.25,3.968283582089552
5,20001,16,200,0.0,0.0,0.9856329877736335,0.0028125,0.009601294802926234,7.135229847633022,1.248134328358209,4.703980099502488
5,20002,16,200,0.0,0.0,0.9873358532935599,0.003125,0.009358751230639091,7.24010523562003,1.2475124378109452,4.287935323383085
5,20003,16,200,0.0,0.0,0.9911891849190706,0.00125,0.009419048251762922,7.371708245126248,1.0006218905472637,5.122823383084577
5,20004,16,200,0.0,0.0,0.985584085139213,0.00125,0.009295021518236307,7.540781931888945,1.0,4.290733830845771
5,20005,16,200,0.0,0.0,0.9931216844596377,0.0015625,0.010165247650309649,6.6861007551502665,1.748134328358209,4.435012437810945
5,20006,16,200,0.0,0.0,0.9884464112491195,0.0003125,0.00846510546337901,7.5702364666672315,1.1237562189054726,4.843905472636816
5,20007,16,200,0.0,0.0,0.9648781340113723,0.0028125,0.007698516328433086,7.170613205832568,1.3725124378109452,4.873134328358209
5,20008,16,200,0.0,0.0,0.9860726247482948,0.0009375,0.009075799642248826,7.152469681218057,1.248134328358209,5.243781094527363
5,20009,16,200,0.0,0.0,0.9899682352163202,0.0009375,0.009233670605240945,7.412705919268312,1.1243781094527363,4.877176616915423
5,20010,16,200,0.0,0.0,0.9900660136868901,0.001875,0.010347365282041308,7.72721267280112,0.8737562189054726,4.690298507462686
5,20011,16,200,0.0,0.0,0.9809452540937952,0.0003125,0.007544799428245363,6.701129109223454,1.8799751243781095,4.899564676616915
5,20012,16,200,0.0,0.0,0.9926722167345284,0.000625,0.010825500118204587,7.895284707521057,0.6256218905472637,5.066542288557214
5,20013,16,200,0.0,0.0,0.9466516850501141,0.0015625,0.00901861856356647,7.040275093847652,1.537313432835821,3.9657960199004973
5,20014,16,200,0.0,0.0,0.9543901801875081,0.001875,0.008436515914594777,6.331799065312796,2.0,4.10976368159204
5,20015,16,200,0.0,0.0,0.9835361290103096,0.003125,0.0114436728973314,7.397756825328391,0.9981343283582089,4.2627487562189055
5,20016,16,200,0.0,0.0,0.9916039741565468,0.001875,0.009359876231771402,6.690319478496532,1.8669154228855722,4.462375621890548
5,20017,16,200,0.0,0.0,0.9861621104625211,0.0009375,0.009665000102870257,7.4320996471654075,1.0024875621890548,4.722014925373134
5,20018,16,200,0.0,0.0,0.9873859891211468,0.0003125,0.011040453739660156,6.94466937415708,1.623134328358209,4.355410447761194
5,20019,16,200,0.0,0.0,0.9746792405980085,0.0021875,0.009441703608913266,6.912490177015259,1.375,4.385883084577115
5,20020,16,200,0.0,0.0,0.966959320188917,0.004375,0.009859718702503824,6.91115752892821,1.5491293532338308,4.276119402985074
5,20021,16,200,0.0,0.0,0.9945153721001451,0.001875,0.008282980052862966,7.309591581870031,1.1243781094527363,5.333333333333333
5,20022,16,200,0.0,0.0,0.9853761521705499,0.003125,0.008674892115490386,7.603540609057891,0.7475124378109452,4.583333333333333
5,20023,16,200,0.0,0.0,0.9781377797211758,0.004375,0.01030464692426398,6.794564050740797,1.5895522388059702,5.349191542288557
5,20024,16,200,0.0,0.0,0.867512697205821,0.003125,0.007235411631490671,7.471213821564817,1.1088308457711442,4.090796019900497
5,20025,16,200,0.0,0.0,0.9808437500318457,0.000625,0.009985189139030893,7.3555961656703825,1.1293532338308458,3.915422885572139
5,20026,16,200,0.0,0.0,0.9949300908312821,0.0021875,0.010127794821061253,6.60170356962594,1.751865671641791,4.913557213930348
5,20027,16,200,0.0,0.0,0.990063010043195,0.0034375,0.007055840277443614,7.573484351534233,1.0049751243781095,5.119713930348259
5,20028,16,200,0.0,0.0,0.9876631434689188,0.000625,0.009576308866875216,7.883823332232198,0.6262437810945274,4.465796019900497
5,20029,16,200,0.0,0.0,0.9874029715318142,0.000625,0.009347354207086428,7.503393018706666,1.006218905472637,4.713308457711443
5,20030,16,200,0.0,0.0,0.9875264494527987,0.0025,0.00929393127558636,6.613876430176212,1.8619402985074627,4.802238805970149
5,20031,16,200,0.0,0.0,0.9836844972257366,0.000625,0.0075931446716616625,6.702147226988823,1.501865671641791,4.787624378109452
5,20032,16,200,0.0,0.0,0.9899484052244228,0.001875,0.00924773746049685,7.229723843807878,1.3756218905472637,4.532960199004975
5,20033,16,200,0.0,0.0,0.9934241776236898,0.001875,0.007985315247000194,7.222666080109304,1.2524875621890548,4.689054726368159
5,20034,16,200,0.0,0.0,0.9913012342404183,0.0003125,0.007131042266096582,6.724496564704664,1.625,4.724813432835821
5,20035,16,200,0.0,0.0,0.990757344899145,0.00125,0.0088381287255978,7.670224974441875,0.753731343283582,4.800062189054726
5,20036,16,200,0.0,0.0,0.9620639806789273,0.0015625,0.01140990653529481,7.401282584248281,1.0037313432835822,4.924440298507463
5,20037,16,200,0.0,0.0,0.9859334448241686,0.0009375,0.007709140914927127,7.600529913170166,1.001865671641791,4.985385572139304
5,20038,16,200,0.0,0.0,0.9807912668370797,0.0025,0.009690204647752153,7.261422360510964,1.2506218905472637,4.193718905472637
5,20039,16,200,0.0,0.0,0.9674263979448229,0.00375,0.006605971054624523,6.910550512160567,1.7319651741293531,5.173507462686567
5,20040,16,200,0.0,0.0,0.9365023963262068,0.0015625,0.007445460397435672,6.9754072270138945,1.513681592039801,4.714863184079602
5,20041,16,200,0.0,0.0,0.9837685092035919,0.001875,0.010732827115965746,7.157321667701446,1.2450248756218905,4.699004975124378
5,20042,16,200,0.0,0.0,0.9775887906055506,0.0,0.009437025267200336,7.366498529085865,1.0006218905472637,4.2372512437810945
5,20043,16,200,0.0,0.0,0.9874048537522222,0.003125,0.011480347396937636,6.342967874197941,2.1225124378109452,4.8090796019900495
5,20044,16,200,0.0,0.0,0.9854551675281942,0.003125,0.009649850393461935,7.25188477616995,1.3861940298507462,4.681902985074627
5,20045,16,200,0.0,0.0,0.9904129283761326,0.0015625,0.009867956357784162,6.678460818722793,1.6150497512437811,4.880597014925373
5,20046,16,200,0.0,0.0,0.9941560685707885,0.0015625,0.006959788296247073,7.011514363188,1.6237562189054726,4.996890547263682
5,20047,16,200,0.0,0.0,0.9806083907004117,0.00125,0.008797176650962123,7.114559796431769,1.3756218905472637,4.379664179104478
5,20048,16,200,0.0,0.0,0.9889820108277011,0.0015625,0.010002084779347225,7.519268922102478,1.1106965174129353,4.6809701492537314
5,20049,16,200,0.0,0.0,0.9830226346786364,0.000625,0.007937369054605587,7.12192076197312,1.375,4.92226368159204
6,20000,16,200,0.0,0.0,0.9932169037484233,0.0009375,0.009271423082080553,7.518616900054381,1.25,4.338308457711443
6,20001,16,200,0.0,0.0,0.9864025521457617,0.0015625,0.009276166510639158,7.384137981269163,1.248134328358209,5.200559701492537
6,20002,16,200,0.0,0.0,0.9891737549084415,0.0028125,0.009291692771503641,7.45106322956012,1.2475124378109452,4.574004975124378
6,20003,16,200,0.0,0.0,0.9912209831248756,0.0009375,0.009224160746196438,7.598076211353353,1.0006218905472637,5.622201492537314
6,20004,16,200,0.0,0.0,0.985584085139213,0.00125,0.009295021518236307,7.640119483078764,1.0,4.290733830845771
6,20005,16,200,0.0,0.0,0.993578264465931,0.0015625,0.01003636703644137,6.990198508160083,1.748134328358209,4.860385572139304
6,20006,16,200,0.0,0.0,0.9884659235081082,0.000625,0.008137020052407011,7.722098745490901,1.125,4.925062189054726
6,20007,16,200,0.0,0.0,0.9793275021708809,0.0021875,0.006754527763849837,7.593077159259615,1.25,5.800995024875622
6,20008,16,200,0.0,0.0,0.985266795391516,0.0003125,0.0091148018969965,7.35767497183911,1.248134328358209,5.42910447761194
6,20009,16,200,0.0,0.0,0.9920795781670361,0.000625,0.009298230421621811,7.592890099123033,1.1243781094527363,5.125
6,20010,16,200,0.0,0.0,0.9899611648552903,0.0021875,0.010347427888343702,7.794247313402803,0.8737562189054726,4.693407960199005
6,20011,16,200,0.0,0.0,0.9838986202573989,0.0003125,0.007547945188055122,6.823462334867149,2.0,5.037935323383085
6,20012,16,200,0.0,0.0,0.9926743302634797,0.000625,0.01082897877774428,7.93301270189225,0.6256218905472637,5.123134328358209
6,20013,16,200,0.0,0.0,0.9537546524016812,0.001875,0.009058217697553514,7.259871928651646,1.5167910447761195,4.146766169154229
6,20014,16,200,0.0,0.0,0.9608133991790329,0.001875,0.008385583079317976,6.7937636595739495,2.0012437810945274,4.412935323383085
6,20015,16,200,0.0,0.0,0.9814470233033948,0.0034375,0.011147418583936168,7.61473971833472,0.9981343283582089,4.456467661691542
6,20016,16,200,0.0,0.0,0.9916354287355198,0.001875,0.009177987001992826,7.034294597296334,1.8669154228855722,4.652363184079602
6,20017,16,200,0.0,0.0,0.9865226239581056,0.0009375,0.009599939551547,7.507602067055223,1.1262437810945274,4.612873134328358
6,20018,16,200,0.0,0.0,0.988480776143316,0.0003125,0.010786883396599268,7.225723681240895,1.623134328358209,4.49160447761194
6,20019,16,200,0.0,0.0,0.978720014430692,0.001875,0.009134559582968447,7.23819569443208,1.375,5.003731343283582
6,20020,16,200,0.0,0.0,0.9690709168060014,0.0025,0.00985051563703967,7.3954472151645705,1.335820895522388,4.693718905472637
6,20021,16,200,0.0,0.0,0.9946996742192137,0.0015625,0.008290622109153892,7.525282302846932,1.1243781094527363,5.578980099502488
6,20022,16,200,0.0,0.0,0.9853744466771073,0.0021875,0.008674870128252491,7.746381423572815,0.7475124378109452,4.755286069651741
6,20023,16,200,0.0,0.0,0.9780842020644571,0.0021875,0.010362858836297378,7.411111662889756,1.242537313432836,5.7450248756218905
6,20024,16,200,0.0,0.0,0.9422376974044259,0.003125,0.007215622065938826,7.661730808064818,1.0024875621890548,4.2164179104477615
6,20025,16,200,0.0,0.0,0.9808329872360969,0.00125,0.009965018831907885,7.585791258298791,1.1299751243781095,4.052238805970149
6,20026,16,200,0.0,0.0,0.9948571393889625,0.0021875,0.01019401887068603,6.948792540289018,1.751865671641791,5.293221393034826
6,20027,16,200,0.0,0.0,0.9898497871577432,0.001875,0.007126034380553548,7.729655866774978,1.0024875621890548,5.3818407960199
6,20028,16,200,0.0,0.0,0.9881536926143604,0.0009375,0.009485109857542343,7.925680758820448,0.6262437810945274,4.599813432835821
6,20029,16,200,0.0,0.0,0.9864320129558005,0.0009375,0.00944222117749784,7.649258794873653,1.007462686567164,4.843283582089552
6,20030,16,200,0.0,0.0,0.9881850635944066,0.0015625,0.00937894738765514,6.919465449017109,1.8600746268656716,5.181592039800995
6,20031,16,200,0.0,0.0,0.9848966327680909,0.0009375,0.007653636101079948,6.962428236434412,1.501865671641791,4.981032338308458
6,20032,16,200,0.0,0.0,0.9910900479391918,0.0015625,0.009294502692718448,7.442777518180449,1.3756218905472637,4.692786069651741
6,20033,16,200,0.0,0.0,0.9934889984178823,0.0009375,0.007993727752251135,7.435046125413956,1.2524875621890548,4.937189054726368
6,20034,16,200,0.0,0.0,0.9915382632299096,0.00125,0.006823415556611927,7.075233054496906,1.625,4.696206467661692
6,20035,16,200,0.0,0.0,0.9918151139138875,0.00125,0.008783251957089358,7.7890400014878125,0.753731343283582,4.932835820895522
6,20036,16,200,0.0,0.0,0.976430913546465,0.001875,0.010927058371393279,7.521283061171467,1.1262437810945274,5.0556592039801
6,20037,16,200,0.0,0.0,0.9855848258241332,0.0009375,0.007668201276169972,7.707944373895795,1.001865671641791,4.992226368159204
6,20038,16,200,0.0,0.0,0.9842846387483879,0.0028125,0.009663102901417153,7.527360891892827,1.2506218905472637,4.509328358208955
6,20039,16,200,0.0,0.0,0.9725788427105653,0.0021875,0.006485133885931288,7.093300882351688,1.7350746268656716,5.5659203980099505
6,20040,16,200,0.0,0.0,0.9500421156227462,0.0021875,0.007863076157538368,7.227680489205894,1.5099502487562189,4.7210820895522385
6,20041,16,200,0.0,0.0,0.9839782422512607,0.0015625,0.010744870766479953,7.314636521693638,1.2456467661691542,4.879042288557214
6,20042,16,200,0.0,0.0,0.9774457477607991,0.0,0.009399389683747409,7.542086827793889,1.1044776119402986,4.36660447761194
6,20043,16,200,0.0,0.0,0.988906887002719,0.0028125,0.011187884681592906,6.670413611156818,2.0024875621890548,5.008084577114428
6,20044,16,200,0.0,0.0,0.9873604516283156,0.00375,0.009464885104352404,7.408112231637633,1.4975124378109452,4.5304726368159205
6,20045,16,200,0.0,0.0,0.9912049201638836,0.001875,0.00971984203901214,7.061841824293016,1.6150497512437811,5.14023631840796
6,20046,16,200,0.0,0.0,0.9940607152633664,0.0021875,0.006925273679796319,7.248614458182758,1.6237562189054726,5.123445273631841
6,20047,16,200,0.0,0.0,0.9797631730005268,0.0009375,0.008255290895257816,7.366481013494382,1.3756218905472637,4.936567164179104
6,20048,16,200,0.0,0.0,0.9903982714875713,0.0015625,0.009912922075455239,7.731322217472897,1.0,4.8700248756218905
6,20049,16,200,0.0,0.0,0.9834058375021202,0.000625,0.008007947698540931,7.37217029064762,1.375,5.355410447761194
7,20000,16,200,0.0,0.0,0.9936471043499139,0.000625,0.009316005677928117,7.720417174646688,1.25,4.595149253731344
7,20001,16,200,0.0,0.0,0.9884740769002534,0.00125,0.009184189581904036,7.6130326331363865,1.248134328358209,5.6315298507462686
7,20002,16,200,0.0,0.0,0.989173981625771,0.0015625,0.009330097294320612,7.6450591262635585,1.2475124378109452,4.823383084577115
7,20003,16,200,0.0,0.0,0.9912377862266272,0.00125,0.009229649336685521,7.80624304008046,1.0006218905472637,5.875
7,20004,16,200,0.0,0.0,0.985584085139213,0.00125,0.009295021518236307,7.731469789172707,1.0,4.290733830845771
7,20005,16,200,0.0,0.0,0.9937891124246455,0.00125,0.01002828467510569,7.269845252892582,1.748134328358209,5.053171641791045
7,20006,16,200,0.0,0.0,0.9885081206244062,0.0,0.008102226150180969,7.863666854913386,1.125,5.0481965174129355
7,20007,16,200,0.0,0.0,0.9832592365308492,0.0009375,0.006853504385798561,7.774271535085212,1.2506218905472637,6.116293532338308
7,20008,16,200,0.0,0.0,0.9836493891686402,0.000625,0.008970107526300867,7.546380711872003,1.248134328358209,5.743781094527363
7,20009,16,200,0.0,0.0,0.992503165513679,0.0009375,0.00922884853776667,7.758586553141348,1.1243781094527363,5.316853233830845
7,20010,16,200,0.0,0.0,0.9899607748394005,0.001875,0.010347394429612723,7.855892027456213,0.8737562189054726,4.6986940298507465
7,20011,16,200,0.0,0.0,0.9846338786084549,0.0,0.0075030837323629765,7.085763360922061,2.0,5.166666666666667
7,20012,16,200,0.0,0.0,0.9926757322118284,0.000625,0.010822010129509445,7.967707173346752,0.6256218905472637,5.135261194029851
7,20013,16,200,0.0,0.0,0.9583808580351594,0.001875,0.009099922389694407,7.447683643266257,1.5149253731343284,4.173818407960199
7,20014,16,200,0.0,0.0,0.974052317645996,0.0015625,0.008211967373034297,7.21948439234278,2.001865671641791,4.916666666666667
7,20015,16,200,0.0,0.0,0.981913361830005,0.001875,0.011117512822309904,7.868579441794898,0.8874378109452736,4.86318407960199
7,20016,16,200,0.0,0.0,0.9921776218145876,0.0015625,0.009046419751563256,7.352738202018325,1.8638059701492538,5.243781094527363
7,20017,16,200,0.0,0.0,0.9873750042070886,0.0009375,0.009729926249112121,7.668059446234357,1.126865671641791,4.7356965174129355
7,20018,16,200,0.0,0.0,0.9893302896285712,0.0009375,0.01090168487535876,7.484179790472655,1.623134328358209,4.85292288557214
7,20019,16,200,0.0,0.0,0.9798293714361701,0.0015625,0.008807237591017715,7.537712829253204,1.375,5.380597014925373
7,20020,16,200,0.0,0.0,0.9713765405154544,0.0015625,0.009844478698779685,7.726293726488092,1.118781094527363,5.109452736318408
7,20021,16,200,0.0,0.0,0.9946979217512038,0.000625,0.008310911974762364,7.723630391227077,1.1243781094527363,5.874689054726368
7,20022,16,200,0.0,0.0,0.9853745581969882,0.001875,0.008674871695660608,7.877737109034737,0.7475124378109452,4.816853233830845
7,20023,16,200,0.0,0.0,0.9827377521245974,0.0025,0.010378817472418369,7.7170762799095565,1.2406716417910448,5.751554726368159
7,20024,16,200,0.0,0.0,0.9791287854438662,0.00375,0.007172416218925366,7.866972833490649,0.8805970149253731,4.574004975124378
7,20025,16,200,0.0,0.0,0.9835129032114043,0.001875,0.009273392955032956,7.79795657580441,1.1305970149253732,4.120646766169155
7,20026,16,200,0.0,0.0,0.9949345354616609,0.0021875,0.010371488457316868,7.267973789797767,1.751865671641791,5.608830845771144
7,20027,16,200,0.0,0.0,0.9902098027031468,0.00125,0.00719165226287634,7.869437734057912,1.0024875621890548,5.5659203980099505
7,20028,16,200,0.0,0.0,0.9882417814256156,0.000625,0.00953289373197845,7.964172635108355,0.6262437810945274,4.550995024875622
7,20029,16,200,0.0,0.0,0.9865538812888656,0.00125,0.009336279145676635,7.783396219663026,1.01181592039801,4.969216417910448
7,20030,16,200,0.0,0.0,0.9903204434039186,0.0021875,0.009180813637762221,7.202224110955165,1.8532338308457712,5.245646766169155
7,20031,16,200,0.0,0.0,0.9875681375414619,0.0015625,0.007385128508204869,7.201781326967747,1.501865671641791,5.297574626865671
7,20032,16,200,0.0,0.0,0.9918400992738966,0.00125,0.009079938770177105,7.6387005919351605,1.3756218905472637,4.8893034825870645
7,20033,16,200,0.0,0.0,0.9936142050219237,0.0009375,0.007948420349767487,7.630776727663995,1.251865671641791,5.181281094527363
7,20034,16,200,0.0,0.0,0.9920996929761197,0.0003125,0.006800667085991938,7.397768544018047,1.625,5.229477611940299
7,20035,16,200,0.0,0.0,0.9927885820907861,0.0015625,0.008691257301002519,7.89830169516967,0.753731343283582,4.998445273631841
7,20036,16,200,0.0,0.0,0.9809017104311555,0.00125,0.010663315194320884,7.721541800449906,1.126865671641791,5.2434701492537314
7,20037,16,200,0.0,0.0,0.9860480483745577,0.00125,0.007670209173630206,7.8067221648587815,1.001865671641791,5.049129353233831
7,20038,16,200,0.0,0.0,0.9876416067110885,0.0040625,0.009311596806750451,7.800463553803111,1.131218905472637,4.9443407960199
7,20039,16,200,0.0,0.0,0.9748612499447279,0.001875,0.006474578350736656,7.2642974740731265,1.7332089552238805,5.675373134328358
7,20040,16,200,0.0,0.0,0.9551508327251947,0.0021875,0.008005875391277666,7.455509912531219,1.5149253731343284,4.792910447761194
7,20041,16,200,0.0,0.0,0.9844733181494748,0.001875,0.010583591310449735,7.458469080505703,1.2468905472636815,4.953980099502488
7,20042,16,200,0.0,0.0,0.9788693028469441,0.0,0.009150844549707713,7.781019289804335,1.097636815920398,4.61660447761194
7,20043,16,200,0.0,0.0,0.9888780635748434,0.0025,0.011146560226767042,6.883379801581247,2.0024875621890548,5.3252487562189055
7,20044,16,200,0.0,0.0,0.98943235841454,0.0028125,0.009647431773202325,7.714666367478271,1.4975124378109452,4.865982587064677
7,20045,16,200,0.0,0.0,0.9912328641578679,0.000625,0.009714468802368812,7.414718365905076,1.6144278606965174,5.683768656716418
7,20046,16,200,0.0,0.0,0.9941099784019967,0.0015625,0.006948410634484076,7.466650497860106,1.6237562189054726,5.3190298507462686
7,20047,16,200,0.0,0.0,0.9793333252910317,0.00125,0.008163694513592492,7.59814648153331,1.3756218905472637,4.948072139303482
7,20048,16,200,0.0,0.0,0.9902328057965069,0.0015625,0.009890001439479311,7.86965338301892,1.0006218905472637,5.119402985074627
7,20049,16,200,0.0,0.0,0.983240277791785,0.0009375,0.00789627422452153,7.602298482559703,1.375,5.546952736318408
8,20000,16,200,0.0,0.0,0.9937262919543259,0.000625,0.00928492711201359,7.908248290463899,1.25,4.6181592039801
8,20001,16,200,0.0,0.0,0.9890425203523898,0.0015625,0.009082118549926877,7.8260825804253855,1.248134328358209,5.770522388059701
8,20002,16,200,0.0,0.0,0.9891068668768401,0.00125,0.00932846299856425,7.825626104258862,1.2475124378109452,5.1299751243781095
8,20003,16,200,0.0,0.0,0.9911754943174126,0.0025,0.008976973034006401,8.0,1.0006218905472637,6.133084577114428
8,20004,16,200,0.0,0.0,0.985584085139213,0.00125,0.009295021518236307,7.816496580927759,1.0,4.290733830845771
8,20005,16,200,0.0,0.0,0.9939166835270783,0.00125,0.010098626289237835,7.530134096422916,1.748134328358209,5.611940298507463
8,20006,16,200,0.0,0.0,0.9900222808040999,0.0,0.008102813304470664,7.995435238334436,1.125,5.230721393034826
8,20007,16,200,0.0,0.0,0.984853672663754,0.000625,0.006917358813782445,8.0,1.2506218905472637,6.366915422885572
8,20008,16,200,0.0,0.0,0.9836294624706502,0.000625,0.009052581751714375,7.722023732096274,1.248134328358209,5.809390547263682
8,20009,16,200,0.0,0.0,0.9931037221442385,0.0009375,0.009093247543852009,7.91281305212943,1.1243781094527363,5.441231343283582
8,20010,16,200,0.0,0.0,0.9899766097750589,0.0021875,0.010347564918619805,7.913269528295955,0.8737562189054726,4.823072139303482
8,20011,16,200,0.0,0.0,0.9849867945860078,0.0,0.0075874405416101,7.4166376748652185,1.8762437810945274,5.3606965174129355
8,20012,16,200,0.0,0.0,0.9926864996106811,0.0,0.010814355919611345,8.0,0.6256218905472637,5.246268656716418
8,20013,16,200,0.0,0.0,0.9638714535979086,0.0015625,0.009208465749506824,7.6218364907550855,1.6044776119402986,4.264614427860696
8,20014,16,200,0.0,0.0,0.9755884118167557,0.0015625,0.007861592210336084,7.6170164960254585,2.0012437810945274,5.946828358208955
8,20015,16,200,0.0,0.0,0.9819820780587235,0.0015625,0.0111192382613034,8.0,0.8843283582089553,4.993781094527363
8,20016,16,200,0.0,0.0,0.9917480267043438,0.0015625,0.008973711413094118,7.6517086846711235,1.8569651741293531,5.387437810945274
8,20017,16,200,0.0,0.0,0.9871411691212477,0.0009375,0.009734554782615807,7.81740953326074,1.1262437810945274,4.799440298507463
8,20018,16,200,0.0,0.0,0.9902633481468034,0.000625,0.010945751133746597,7.72474487139158,1.623134328358209,5.5049751243781095
8,20019,16,200,0.0,0.0,0.9849914398385303,0.00125,0.008627702612228127,7.816496580927759,1.375,5.815609452736318
8,20020,16,200,0.0,0.0,0.9712700086163916,0.001875,0.009813162391311789,7.91281305212943,1.1169154228855722,5.2450248756218905
8,20021,16,200,0.0,0.0,0.9947157126677032,0.001875,0.008310860698250499,7.908248290463899,1.1243781094527363,6.126865671641791
8,20022,16,200,0.0,0.0,0.9853745581825498,0.0015625,0.008674871695661503,8.0,0.7475124378109452,4.8700248756218905
8,20023,16,200,0.0,0.0,0.9852416532908627,0.001875,0.010511782215767106,8.0,1.2369402985074627,5.9888059701492535
8,20024,16,200,0.0,0.0,0.987241629592044,0.003125,0.007175672002620983,8.0,0.8805970149253731,4.877487562189055
8,20025,16,200,0.0,0.0,0.9854105307401461,0.0025,0.009485829441508128,7.995435238334436,1.1330845771144278,4.120646766169155
8,20026,16,200,0.0,0.0,0.9950200943774331,0.0028125,0.010056025020880013,7.565060453154686,1.751865671641791,5.958955223880597
8,20027,16,200,0.0,0.0,0.9895977764982405,0.00125,0.007222288268446615,7.999543523833474,1.0031094527363185,5.876243781094527
8,20028,16,200,0.0,0.0,0.9884309282272707,0.000625,0.009505763842313346,8.0,0.6262437810945274,4.623756218905473
8,20029,16,200,0.0,0.0,0.9867470757166513,0.0009375,0.009353839407928546,7.908248290463899,1.125,5.090485074626866
8,20030,16,200,0.0,0.0,0.9910635788546626,0.001875,0.009234695845870432,7.507526738401276,1.7444029850746268,5.6181592039801
8,20031,16,200,0.0,0.0,0.9906909130999964,0.0009375,0.007283138226698942,7.42456575161725,1.501865671641791,5.435945273631841
8,20032,16,200,0.0,0.0,0.9916762413090839,0.0009375,0.009089541031827356,7.821061342593292,1.3756218905472637,5.064987562189055
8,20033,16,200,0.0,0.0,0.9936110394013099,0.000625,0.00788514662836337,7.813046851536372,1.2512437810945274,5.437189054726368
8,20034,16,200,0.0,0.0,0.9927122778716425,0.0003125,0.006793855773100511,7.697977257855411,1.625,5.489427860696518
8,20035,16,200,0.0,0.0,0.9933951243620507,0.00125,0.008506913091371984,8.0,0.753731343283582,5.248756218905473
8,20036,16,200,0.0,0.0,0.9818160381016424,0.00125,0.010653984481072605,7.908248290463899,1.126865671641791,5.125
8,20037,16,200,0.0,0.0,0.9860106994353389,0.00125,0.0076343316694455375,7.898662290966212,1.001865671641791,5.2288557213930345
8,20038,16,200,0.0,0.0,0.9883232714067766,0.0034375,0.009165305998754364,7.9986305715005335,1.1287313432835822,5.566542288557214
8,20039,16,200,0.0,0.0,0.9782996137977084,0.0025,0.00646942833435443,7.498128400164284,1.6243781094527363,5.683457711442786
8,20040,16,200,0.0,0.0,0.9500281653055823,0.0025,0.007783013985775503,7.670049971520996,1.626865671641791,4.940609452736318
8,20041,16,200,0.0,0.0,0.9847970305974468,0.0015625,0.010533357517871607,7.592062580969791,1.248134328358209,5.082089552238806
8,20042,16,200,0.0,0.0,0.9784992328364885,0.0003125,0.009064890994121574,8.0,1.1019900497512438,4.736318407960199
8,20043,16,200,0.0,0.0,0.9888986766446924,0.001875,0.01112738812611779,7.0816038984491225,2.0031094527363185,5.564054726368159
8,20044,16,200,0.0,0.0,0.9901442947904416,0.00125,0.009657106797630023,8.0,1.4975124378109452,5.1181592039801
8,20045,16,200,0.0,0.0,0.9914461655200578,0.0021875,0.009658310729489705,7.742547441886547,1.6144278606965174,5.810323383084577
8,20046,16,200,0.0,0.0,0.9941690375894502,0.00125,0.00687526516312636,7.669593495354482,1.6237562189054726,5.617226368159204
8,20047,16,200,0.0,0.0,0.9803016232659849,0.00125,0.00814935863537939,7.813775441632411,1.3756218905472637,5.373756218905473
8,20048,16,200,0.0,0.0,0.9912592609628339,0.00125,0.009905153733271303,7.999087047667065,1.0006218905472637,5.243781094527363
8,20049,16,200,0.0,0.0,0.9833543227792828,0.0009375,0.007759793113346473,7.816496580927759,1.375,5.855099502487562
10,20000,16,200,0.0,0.0,0.9942382146187956,0.000625,0.008967679889932962,7.956435464587668,1.25,4.741915422885572
10,20001,16,200,0.0,0.0,0.9890579523177043,0.0009375,0.009082154762083341,7.917422447797546,1.248134328358209,5.941231343283582
10,20002,16,200,0.0,0.0,0.989108108576764,0.0009375,0.009328561442587967,7.917205708815543,1.2475124378109452,5.189365671641791
10,20003,16,200,0.0,0.0,0.9911754943174126,0.0025,0.008976973034006401,8.0,1.0006218905472637,6.133084577114428
10,20004,16,200,0.0,0.0,0.9855840926423007,0.00125,0.009295023414744086,7.9128709291753,1.0,4.342039800995025
10,20005,16,200,0.0,0.0,0.9939657635479213,0.0025,0.010057591833363397,7.711350392389836,1.7475124378109452,5.692786069651741
10,20006,16,200,0.0,0.0,0.9897391575530748,0.0003125,0.008165431508662937,7.997832610179863,1.125,5.232276119402985
10,20007,16,200,0.0,0.0,0.984853672663754,0.000625,0.006917358813782445,8.0,1.2506218905472637,6.366915422885572
10,20008,16,200,0.0,0.0,0.9836557593352965,0.000625,0.009039674635419897,7.866264067542626,1.248134328358209,5.994402985074627
10,20009,16,200,0.0,0.0,0.9931421439667175,0.0009375,0.009093209749895246,7.9586028544077765,1.1243781094527363,5.443718905472637
10,20010,16,200,0.0,0.0,0.9899759846785184,0.00125,0.01034756273523813,7.958819593389775,0.8737562189054726,4.999378109452737
10,20011,16,200,0.0,0.0,0.9844028686638876,0.0003125,0.00760160036714827,7.609584505734855,2.0,5.486940298507463
10,20012,16,200,0.0,0.0,0.9926864996106811,0.0,0.010814355919611345,8.0,0.6256218905472637,5.246268656716418
10,20013,16,200,0.0,0.0,0.9643911320753112,0.0015625,0.009208473140009431,7.813268320859043,1.6013681592039801,4.3715796019900495
10,20014,16,200,0.0,0.0,0.9766475742026217,0.0009375,0.007859668928466347,7.817939254997898,2.001865671641791,6.181281094527363
10,20015,16,200,0.0,0.0,0.9819820780587235,0.0015625,0.0111192382613034,8.0,0.8843283582089553,4.993781094527363
10,20016,16,200,0.0,0.0,0.9916758458349739,0.0003125,0.008972319773537218,7.834194678644493,1.8582089552238805,5.617848258706467
10,20017,16,200,0.0,0.0,0.9879314333051158,0.0009375,0.009837108391506035,7.913304407139254,1.1262437810945274,4.797885572139304
10,20018,16,200,0.0,0.0,0.9906263921950256,0.0003125,0.010921657190153889,7.869306393762896,1.623134328358209,5.712997512437811
10,20019,16,200,0.0,0.0,0.9850548323996176,0.000625,0.008627923896974697,7.9128709291753,1.375,5.935634328358209
10,20020,16,200,0.0,0.0,0.9712700086163916,0.001875,0.009813162391311789,7.9586028544077765,1.1169154228855722,5.2450248756218905
10,20021,16,200,0.0,0.0,0.9946959423635621,0.0015625,0.008348332904662773,7.956435464587668,1.1243781094527363,6.1875
10,20022,16,200,0.0,0.0,0.9853745581825498,0.0015625,0.008674871695661503,8.0,0.7475124378109452,4.8700248756218905
10,20023,16,200,0.0,0.0,0.9852416532908627,0.001875,0.010511782215767106,8.0,1.2369402985074627,5.9888059701492535
10,20024,16,200,0.0,0.0,0.987241629592044,0.003125,0.007175672002620983,8.0,0.8805970149253731,4.877487562189055
10,20025,16,200,0.0,0.0,0.9855734688470829,0.0028125,0.009441468954864075,7.997832610179863,1.0360696517412935,4.118781094527363
10,20026,16,200,0.0,0.0,0.9950502478706744,0.003125,0.00996995936081985,7.758522409787542,1.7512437810945274,6.119713930348259
10,20027,16,200,0.0,0.0,0.9895977764982405,0.00125,0.007222288268446615,7.999783261018002,1.0031094527363185,5.876243781094527
10,20028,16,200,0.0,0.0,0.9884309282272707,0.000625,0.009505763842313346,8.0,0.6262437810945274,4.623756218905473
10,20029,16,200,0.0,0.0,0.9867918090842644,0.000625,0.009354064750642566,7.956435464587668,1.125,5.15205223880597
10,20030,16,200,0.0,0.0,0.9910420627912835,0.0015625,0.009290540529765466,7.732738451370035,1.7444029850746268,5.85478855721393
10,20031,16,200,0.0,0.0,0.9915363912199227,0.00125,0.007220322376215057,7.694112587519637,1.3830845771144278,5.751243781094527
10,20032,16,200,0.0,0.0,0.9916265034062608,0.000625,0.009102485118757832,7.915038318995404,1.3756218905472637,5.187189054726368
10,20033,16,200,0.0,0.0,0.9936211990872128,0.000625,0.007902790509260382,7.909307631350985,1.2512437810945274,5.562189054726368
10,20034,16,200,0.0,0.0,0.9928646204541967,0.0,0.006810224390819648,7.7862346354018275,1.625,5.561878109452737
10,20035,16,200,0.0,0.0,0.9933951243620507,0.00125,0.008506913091371984,8.0,0.753731343283582,5.248756218905473
10,20036,16,200,0.0,0.0,0.9831490898135712,0.0015625,0.010595794164952427,7.956435464587668,1.126865671641791,5.308768656716418
10,20037,16,200,0.0,0.0,0.9863115093841914,0.00125,0.0075848758039974975,7.951883945965372,1.001865671641791,5.420708955223881
10,20038,16,200,0.0,0.0,0.9883782082849006,0.003125,0.009166645360089497,7.999349783054061,1.1287313432835822,5.628109452736318
10,20039,16,200,0.0,0.0,0.9822451095299749,0.001875,0.006441297179693718,7.669086133150149,1.6243781094527363,5.856032338308458
10,20040,16,200,0.0,0.0,0.9471212057925985,0.0025,0.007767340621925944,7.808155636696313,1.626865671641791,5.000310945273632
10,20041,16,200,0.0,0.0,0.9848538392608603,0.0009375,0.010533573255901122,7.773226889334437,1.248134328358209,5.190609452736318
10,20042,16,200,0.0,0.0,0.9784992328364885,0.0003125,0.009064890994121574,8.0,1.1019900497512438,4.736318407960199
10,20043,16,200,0.0,0.0,0.988836141267392,0.001875,0.011050988195647348,7.32436774070789,2.0031094527363185,5.810323383084577
10,20044,16,200,0.0,0.0,0.9901442947904416,0.00125,0.009657106797630023,8.0,1.4975124378109452,5.1181592039801
10,20045,16,200,0.0,0.0,0.991446035978603,0.0021875,0.009658303723769267,7.877759214061081,1.6144278606965174,5.812810945273632
10,20046,16,200,0.0,0.0,0.9942277334369151,0.00125,0.006796847842582624,7.807938897714323,1.6237562189054726,5.8715796019900495
10,20047,16,200,0.0,0.0,0.9803016232659849,0.00125,0.00814935863537939,7.9098286029549945,1.3756218905472637,5.373756218905473
10,20048,16,200,0.0,0.0,0.9912592609628339,0.00125,0.009905153733271303,7.999566522036055,1.0006218905472637,5.243781094527363
10,20049,16,200,0.0,0.0,0.9829947512709549,0.000625,0.007791139833690369,7.9128709291753,1.375,6.058457711442786
