"density","method","method_label","metric","mean","ci95_low","ci95_high","n_seeds","n_bootstrap","bootstrap_unit"
"0.0044444444444444444","alf","ALF","final_fragmentation","0.24625","0.19125","0.3","50","2000","shared evaluation seed"
"0.0044444444444444444","alf","ALF","final_largest_scc_fraction","0.75375","0.69875","0.8075","50","2000","shared evaluation seed"
"0.0044444444444444444","alf","ALF","mean_degree","1.7482587064676616","1.697466262437811","1.8038341106965174","50","2000","shared evaluation seed"
"0.0044444444444444444","alf","ALF","mean_interaction_area","199.99431164165856","199.20046957136842","200.7109457010679","50","2000","shared evaluation seed"
"0.0044444444444444444","alf","ALF","mean_radius","7.9770206151161","7.959069110427042","7.99199203674373","50","2000","shared evaluation seed"
"0.0044444444444444444","alf","ALF","neighbor_loss_rate","0.00024375000000000002","0.00015","0.00035000000000000005","50","2000","shared evaluation seed"
"0.0044444444444444444","fixed_r8","Maximum radius","final_fragmentation","0.26375","0.21","0.31875","50","2000","shared evaluation seed"
"0.0044444444444444444","fixed_r8","Maximum radius","final_largest_scc_fraction","0.73625","0.685","0.79125","50","2000","shared evaluation seed"
"0.0044444444444444444","fixed_r8","Maximum radius","mean_degree","1.7396766169154227","1.685794776119403","1.8006380597014924","50","2000","shared evaluation seed"
"0.0044444444444444444","fixed_r8","Maximum radius","mean_interaction_area","201.06192982974676","201.06192982974676","201.06192982974676","50","2000","shared evaluation seed"
"0.0044444444444444444","fixed_r8","Maximum radius","mean_radius","8.0","8.0","8.0","50","2000","shared evaluation seed"
"0.0044444444444444444","fixed_r8","Maximum radius","neighbor_loss_rate","0.00109375","0.0006","0.0016751562499999991","50","2000","shared evaluation seed"
"0.0044444444444444444","fixed_r8_retained","Maximum radius + retention","final_fragmentation","0.25125","0.2","0.30625","50","2000","shared evaluation seed"
"0.0044444444444444444","fixed_r8_retained","Maximum radius + retention","final_largest_scc_fraction","0.74875","0.69375","0.8","50","2000","shared evaluation seed"
"0.0044444444444444444","fixed_r8_retained","Maximum radius + retention","mean_degree","1.7539925373134329","1.7001458333333335","1.8117419154228858","50","2000","shared evaluation seed"
"0.0044444444444444444","fixed_r8_retained","Maximum radius + retention","mean_interaction_area","201.06192982974676","201.06192982974676","201.06192982974676","50","2000","shared evaluation seed"
"0.0044444444444444444","fixed_r8_retained","Maximum radius + retention","mean_radius","8.0","8.0","8.0","50","2000","shared evaluation seed"
"0.0044444444444444444","fixed_r8_retained","Maximum radius + retention","neighbor_loss_rate","0.00024375000000000002","0.0001375","0.00035625","50","2000","shared evaluation seed"
"0.007561436672967864","alf","ALF","final_fragmentation","0.065","0.02875","0.10625","50","2000","shared evaluation seed"
"0.007561436672967864","alf","ALF","final_largest_scc_fraction","0.935","0.89625","0.97125","50","2000","shared evaluation seed"
"0.007561436672967864","alf","ALF","mean_degree","2.289962686567164","2.1993746890547263","2.379292599502487","50","2000","shared evaluation seed"
"0.007561436672967864","alf","ALF","mean_interaction_area","198.97941046828362","197.91233610835988","199.9108618871018","50","2000","shared evaluation seed"
"0.007561436672967864","alf","ALF","mean_radius","7.955135277599819","7.930859687040634","7.975471421547394","50","2000","shared evaluation seed"
"0.007561436672967864","alf","ALF","neighbor_loss_rate","0.0005062500000000001","0.0003625","0.0006687500000000001","50","2000","shared evaluation seed"
"0.007561436672967864","fixed_r8","Maximum radius","final_fragmentation","0.085","0.04125","0.13375","50","2000","shared evaluation seed"
"0.007561436672967864","fixed_r8","Maximum radius","final_largest_scc_fraction","0.915","0.8675","0.95625","50","2000","shared evaluation seed"
"0.007561436672967864","fixed_r8","Maximum radius","mean_degree","2.2921766169154227","2.2124589552238807","2.379555970149254","50","2000","shared evaluation seed"
"0.007561436672967864","fixed_r8","Maximum radius","mean_interaction_area","201.06192982974676","201.06192982974676","201.06192982974676","50","2000","shared evaluation seed"
"0.007561436672967864","fixed_r8","Maximum radius","mean_radius","8.0","8.0","8.0","50","2000","shared evaluation seed"
"0.007561436672967864","fixed_r8","Maximum radius","neighbor_loss_rate","0.00156875","0.001025","0.0022439062499999994","50","2000","shared evaluation seed"
"0.007561436672967864","fixed_r8_retained","Maximum radius + retention","final_fragmentation","0.065","0.03","0.105","50","2000","shared evaluation seed"
"0.007561436672967864","fixed_r8_retained","Maximum radius + retention","final_largest_scc_fraction","0.935","0.89625","0.96875","50","2000","shared evaluation seed"
"0.007561436672967864","fixed_r8_retained","Maximum radius + retention","mean_degree","2.3122885572139307","2.2141965174129354","2.4092459577114425","50","2000","shared evaluation seed"
"0.007561436672967864","fixed_r8_retained","Maximum radius + retention","mean_interaction_area","201.06192982974676","201.06192982974676","201.06192982974676","50","2000","shared evaluation seed"
"0.007561436672967864","fixed_r8_retained","Maximum radius + retention","mean_radius","8.0","8.0","8.0","50","2000","shared evaluation seed"
"0.007561436672967864","fixed_r8_retained","Maximum radius + retention","neighbor_loss_rate","0.00048125","0.0003375","0.0006375","50","2000","shared evaluation seed"
"0.012345679012345678","alf","ALF","final_fragmentation","0.0025","0.0","0.0075","50","2000","shared evaluation seed"
"0.012345679012345678","alf","ALF","final_largest_scc_fraction","0.9775","0.95","0.9975","50","2000","shared evaluation seed"
"0.012345679012345678","alf","ALF","mean_degree","2.8719278606965175","2.76189598880597","2.9810082400497513","50","2000","shared evaluation seed"
"0.012345679012345678","alf","ALF","mean_interaction_area","194.29222266494395","192.57383516003458","195.89271959427188","50","2000","shared evaluation seed"
"0.012345679012345678","alf","ALF","mean_radius","7.8533705612769475","7.816522866708662","7.890941630457569","50","2000","shared evaluation seed"
"0.012345679012345678","alf","ALF","neighbor_loss_rate","0.0008125000000000001","0.00064375","0.0009875","50","2000","shared evaluation seed"
"0.012345679012345678","fixed_r8","Maximum radius","final_fragmentation","0.015","0.0","0.03875","50","2000","shared evaluation seed"
"0.012345679012345678","fixed_r8","Maximum radius","final_largest_scc_fraction","0.985","0.96125","1.0","50","2000","shared evaluation seed"
"0.012345679012345678","fixed_r8","Maximum radius","mean_degree","2.9433706467661693","2.8208569651741295","3.062537624378109","50","2000","shared evaluation seed"
"0.012345679012345678","fixed_r8","Maximum radius","mean_interaction_area","201.06192982974676","201.06192982974676","201.06192982974676","50","2000","shared evaluation seed"
"0.012345679012345678","fixed_r8","Maximum radius","mean_radius","8.0","8.0","8.0","50","2000","shared evaluation seed"
"0.012345679012345678","fixed_r8","Maximum radius","neighbor_loss_rate","0.00115","0.00093125","0.0013812499999999999","50","2000","shared evaluation seed"
"0.012345679012345678","fixed_r8_retained","Maximum radius + retention","final_fragmentation","0.0025","0.0","0.0075","50","2000","shared evaluation seed"
"0.012345679012345678","fixed_r8_retained","Maximum radius + retention","final_largest_scc_fraction","0.9975","0.9925","1.0","50","2000","shared evaluation seed"
"0.012345679012345678","fixed_r8_retained","Maximum radius + retention","mean_degree","2.966902985074627","2.843058146766169","3.097664490049751","50","2000","shared evaluation seed"
"0.012345679012345678","fixed_r8_retained","Maximum radius + retention","mean_interaction_area","201.06192982974676","201.06192982974676","201.06192982974676","50","2000","shared evaluation seed"
"0.012345679012345678","fixed_r8_retained","Maximum radius + retention","mean_radius","8.0","8.0","8.0","50","2000","shared evaluation seed"
"0.012345679012345678","fixed_r8_retained","Maximum radius + retention","neighbor_loss_rate","0.00075","0.0005812500000000001","0.00093125","50","2000","shared evaluation seed"
"0.02040816326530612","alf","ALF","final_fragmentation","0.0","0.0","0.0","50","2000","shared evaluation seed"
"0.02040816326530612","alf","ALF","final_largest_scc_fraction","0.995","0.98625","1.0","50","2000","shared evaluation seed"
"0.02040816326530612","alf","ALF","mean_degree","3.953837064676617","3.833337064676617","4.088837375621891","50","2000","shared evaluation seed"
"0.02040816326530612","alf","ALF","mean_interaction_area","185.41141092043134","182.44964614810627","188.28978417141127","50","2000","shared evaluation seed"
"0.02040816326530612","alf","ALF","mean_radius","7.652219273136269","7.579040775495911","7.718633288619544","50","2000","shared evaluation seed"
"0.02040816326530612","alf","ALF","neighbor_loss_rate","0.0012562500000000002","0.0010375","0.00149375","50","2000","shared evaluation seed"
"0.02040816326530612","fixed_r8","Maximum radius","final_fragmentation","0.0","0.0","0.0","50","2000","shared evaluation seed"
"0.02040816326530612","fixed_r8","Maximum radius","final_largest_scc_fraction","1.0","1.0","1.0","50","2000","shared evaluation seed"
"0.02040816326530612","fixed_r8","Maximum radius","mean_degree","4.155186567164179","3.9993379975124377","4.311447450248757","50","2000","shared evaluation seed"
"0.02040816326530612","fixed_r8","Maximum radius","mean_interaction_area","201.06192982974676","201.06192982974676","201.06192982974676","50","2000","shared evaluation seed"
"0.02040816326530612","fixed_r8","Maximum radius","mean_radius","8.0","8.0","8.0","50","2000","shared evaluation seed"
"0.02040816326530612","fixed_r8","Maximum radius","neighbor_loss_rate","0.0017499999999999998","0.00149375","0.0020314062499999994","50","2000","shared evaluation seed"
"0.02040816326530612","fixed_r8_retained","Maximum radius + retention","final_fragmentation","0.0","0.0","0.0","50","2000","shared evaluation seed"
"0.02040816326530612","fixed_r8_retained","Maximum radius + retention","final_largest_scc_fraction","1.0","1.0","1.0","50","2000","shared evaluation seed"
"0.02040816326530612","fixed_r8_retained","Maximum radius + retention","mean_degree","4.239713930348259","4.086354788557214","4.390601368159205","50","2000","shared evaluation seed"
"0.02040816326530612","fixed_r8_retained","Maximum radius + retention","mean_interaction_area","201.06192982974676","201.06192982974676","201.06192982974676","50","2000","shared evaluation seed"
"0.02040816326530612","fixed_r8_retained","Maximum radius + retention","mean_radius","8.0","8.0","8.0","50","2000","shared evaluation seed"
"0.02040816326530612","fixed_r8_retained","Maximum radius + retention","neighbor_loss_rate","0.0011375","0.00095","0.0013375000000000001","50","2000","shared evaluation seed"
"0.03305785123966942","alf","ALF","final_fragmentation","0.0","0.0","0.0","50","2000","shared evaluation seed"
"0.03305785123966942","alf","ALF","final_largest_scc_fraction","0.99625","0.98875","1.0","50","2000","shared evaluation seed"
"0.03305785123966942","alf","ALF","mean_degree","5.442213930348259","5.308154228855722","5.573770055970148","50","2000","shared evaluation seed"
"0.03305785123966942","alf","ALF","mean_interaction_area","164.6167875382949","160.444254803186","168.8259106567134","50","2000","shared evaluation seed"
"0.03305785123966942","alf","ALF","mean_radius","7.169669607113417","7.073430846295132","7.268851398230851","50","2000","shared evaluation seed"
"0.03305785123966942","alf","ALF","neighbor_loss_rate","0.0020375000000000002","0.0017125","0.00235625","50","2000","shared evaluation seed"
"0.03305785123966942","fixed_r8","Maximum radius","final_fragmentation","0.0","0.0","0.0","50","2000","shared evaluation seed"
"0.03305785123966942","fixed_r8","Maximum radius","final_largest_scc_fraction","1.0","1.0","1.0","50","2000","shared evaluation seed"
"0.03305785123966942","fixed_r8","Maximum radius","mean_degree","6.332213930348258","6.14156685323383","6.5204682835820895","50","2000","shared evaluation seed"
"0.03305785123966942","fixed_r8","Maximum radius","mean_interaction_area","201.06192982974676","201.06192982974676","201.06192982974676","50","2000","shared evaluation seed"
"0.03305785123966942","fixed_r8","Maximum radius","mean_radius","8.0","8.0","8.0","50","2000","shared evaluation seed"
"0.03305785123966942","fixed_r8","Maximum radius","neighbor_loss_rate","0.0020125","0.0016875000000000002","0.00238125","50","2000","shared evaluation seed"
"0.03305785123966942","fixed_r8_retained","Maximum radius + retention","final_fragmentation","0.0","0.0","0.0","50","2000","shared evaluation seed"
"0.03305785123966942","fixed_r8_retained","Maximum radius + retention","final_largest_scc_fraction","1.0","1.0","1.0","50","2000","shared evaluation seed"
"0.03305785123966942","fixed_r8_retained","Maximum radius + retention","mean_degree","6.503258706467661","6.299370646766169","6.690118159203981","50","2000","shared evaluation seed"
"0.03305785123966942","fixed_r8_retained","Maximum radius + retention","mean_interaction_area","201.06192982974676","201.06192982974676","201.06192982974676","50","2000","shared evaluation seed"
"0.03305785123966942","fixed_r8_retained","Maximum radius + retention","mean_radius","8.0","8.0","8.0","50","2000","shared evaluation seed"
"0.03305785123966942","fixed_r8_retained","Maximum radius + retention","neighbor_loss_rate","0.00111875","0.0008812500000000001","0.0013750000000000001","50","2000","shared evaluation seed"
"0.04938271604938271","alf","ALF","final_fragmentation","0.0","0.0","0.0","50","2000","shared evaluation seed"
"0.04938271604938271","alf","ALF","final_largest_scc_fraction","0.99375","0.98125","1.0","50","2000","shared evaluation seed"
"0.04938271604938271","alf","ALF","mean_degree","6.829135572139303","6.685403140547264","6.99128125","50","2000","shared evaluation seed"
"0.04938271604938271","alf","ALF","mean_interaction_area","135.86175183815843","131.45708122461687","140.37518303770074","50","2000","shared evaluation seed"
"0.04938271604938271","alf","ALF","mean_radius","6.463286581247982","6.354286607633591","6.5706099582211674","50","2000","shared evaluation seed"
"0.04938271604938271","alf","ALF","neighbor_loss_rate","0.00285","0.00248125","0.0032124999999999996","50","2000","shared evaluation seed"
"0.04938271604938271","fixed_r8","Maximum radius","final_fragmentation","0.0","0.0","0.0","50","2000","shared evaluation seed"
"0.04938271604938271","fixed_r8","Maximum radius","final_largest_scc_fraction","1.0","1.0","1.0","50","2000","shared evaluation seed"
"0.04938271604938271","fixed_r8","Maximum radius","mean_degree","9.319154228855721","9.118119092039802","9.521981032338308","50","2000","shared evaluation seed"
"0.04938271604938271","fixed_r8","Maximum radius","mean_interaction_area","201.06192982974676","201.06192982974676","201.06192982974676","50","2000","shared evaluation seed"
"0.04938271604938271","fixed_r8","Maximum radius","mean_radius","8.0","8.0","8.0","50","2000","shared evaluation seed"
"0.04938271604938271","fixed_r8","Maximum radius","neighbor_loss_rate","0.00210625","0.00185625","0.0023625","50","2000","shared evaluation seed"
"0.04938271604938271","fixed_r8_retained","Maximum radius + retention","final_fragmentation","0.0","0.0","0.0","50","2000","shared evaluation seed"
"0.04938271604938271","fixed_r8_retained","Maximum radius + retention","final_largest_scc_fraction","1.0","1.0","1.0","50","2000","shared evaluation seed"
"0.04938271604938271","fixed_r8_retained","Maximum radius + retention","mean_degree","9.564950248756219","9.38269776119403","9.77217537313433","50","2000","shared evaluation seed"
"0.04938271604938271","fixed_r8_retained","Maximum radius + retention","mean_interaction_area","201.06192982974676","201.06192982974676","201.06192982974676","50","2000","shared evaluation seed"
"0.04938271604938271","fixed_r8_retained","Maximum radius + retention","mean_radius","8.0","8.0","8.0","50","2000","shared evaluation seed"
"0.04938271604938271","fixed_r8_retained","Maximum radius + retention","neighbor_loss_rate","0.0011875000000000002","0.0009812500000000001","0.0014000000000000002","50","2000","shared evaluation seed"
"0.08163265306122448","alf","ALF","final_fragmentation","0.0","0.0","0.0","50","2000","shared evaluation seed"
"0.08163265306122448","alf","ALF","final_largest_scc_fraction","1.0","1.0","1.0","50","2000","shared evaluation seed"
"0.08163265306122448","alf","ALF","mean_degree","7.265292288557214","7.1103692475124385","7.43525342039801","50","2000","shared evaluation seed"
"0.08163265306122448","alf","ALF","mean_interaction_area","86.94940883909885","84.18554745678857","89.59271366762246","50","2000","shared evaluation seed"
"0.08163265306122448","alf","ALF","mean_radius","5.166740318836223","5.078328038837955","5.253494966931714","50","2000","shared evaluation seed"
"0.08163265306122448","alf","ALF","neighbor_loss_rate","0.0032687500000000004","0.0029","0.00366875","50","2000","shared evaluation seed"
"0.08163265306122448","fixed_r8","Maximum radius","final_fragmentation","0.0","0.0","0.0","50","2000","shared evaluation seed"
"0.08163265306122448","fixed_r8","Maximum radius","final_largest_scc_fraction","1.0","1.0","1.0","50","2000","shared evaluation seed"
"0.08163265306122448","fixed_r8","Maximum radius","mean_degree","11.805074626865672","11.657211442786071","11.97498725124378","50","2000","shared evaluation seed"
"0.08163265306122448","fixed_r8","Maximum radius","mean_interaction_area","153.93804002589985","153.93804002589985","153.93804002589985","50","2000","shared evaluation seed"
"0.08163265306122448","fixed_r8","Maximum radius","mean_radius","7.0","7.0","7.0","50","2000","shared evaluation seed"
"0.08163265306122448","fixed_r8","Maximum radius","neighbor_loss_rate","0.0025124999999999995","0.00220625","0.00281875","50","2000","shared evaluation seed"
"0.08163265306122448","fixed_r8_retained","Maximum radius + retention","final_fragmentation","0.0","0.0","0.0","50","2000","shared evaluation seed"
"0.08163265306122448","fixed_r8_retained","Maximum radius + retention","final_largest_scc_fraction","1.0","1.0","1.0","50","2000","shared evaluation seed"
"0.08163265306122448","fixed_r8_retained","Maximum radius + retention","mean_degree","11.33745024875622","11.16725","11.5148065920398","50","2000","shared evaluation seed"
"0.08163265306122448","fixed_r8_retained","Maximum radius + retention","mean_interaction_area","143.13881527918494","143.13881527918494","143.13881527918494","50","2000","shared evaluation seed"
"0.08163265306122448","fixed_r8_retained","Maximum radius + retention","mean_radius","6.75","6.75","6.75","50","2000","shared evaluation seed"
"0.08163265306122448","fixed_r8_retained","Maximum radius + retention","neighbor_loss_rate","0.0013375000000000001","0.0011","0.0016","50","2000","shared evaluation seed"
