method,method_label,seed,n_density_cells,density_cell_mean_final_fragmentation,density_cell_mean_mean_fragmentation,density_cell_mean_final_largest_scc_fraction,density_cell_mean_mean_largest_scc_fraction,density_cell_mean_mean_degree,density_cell_mean_mean_radius,density_cell_mean_mean_interaction_area,density_cell_mean_radius_temporal_variation,density_cell_mean_radius_command_temporal_variation,density_cell_mean_neighbor_loss_rate,density_cell_mean_contact_break_rate,density_cell_mean_control_energy
alf,ALF,20000,5,0.0,0.023694029850746267,0.9,0.8958333333333334,5.306094527363184,7.282654856378241,169.6414637015277,0.001365175267971783,0.0018030157535468942,0.001375,0.0014375,0.011840454316479036
alf,ALF,20001,5,0.0,0.003980099502487562,1.0,0.9960199004975123,5.6375,6.7943075653292695,151.49766574984068,0.0017526599025657202,0.001819827057687465,0.0021875,0.002375,0.01004400840959003
alf,ALF,20002,5,0.0,0.008146766169154229,1.0,0.9918532338308458,5.6494402985074625,6.9935678130343435,158.79140052658562,0.0012606654234185543,0.0014371120669701624,0.001875,0.0021875,0.012447267358095562
alf,ALF,20003,5,0.0,0.0018034825870646767,1.0,0.9967039800995025,5.572325870646766,6.692953054568354,147.53042722034215,0.0016688113903248667,0.0018534465811124207,0.003125,0.0033750000000000004,0.010887968466936326
alf,ALF,20004,5,0.0,0.031778606965174136,1.0,0.9682213930348258,4.971393034825871,6.974897475597066,158.13710184435635,0.0008038924988741137,0.0011276828263654336,0.0010624999999999999,0.001125,0.010281636410796172
alf,ALF,20005,5,0.0,0.037251243781094526,0.9625,0.9263681592039801,5.273445273631841,6.642398136698715,145.29643761119058,0.001222413838387655,0.0017025430197776365,0.0021874999999999998,0.0025625,0.010932659512946804
alf,ALF,20006,5,0.0,0.009577114427860696,1.0,0.9904228855721392,5.210634328358209,7.043728728354973,160.59396144518365,0.0012617987689750078,0.0012617987699264932,0.00125,0.001375,0.008331023220936156
alf,ALF,20007,5,0.0,0.0003109452736318408,1.0,0.9996890547263682,5.4962064676616915,6.959597874115223,156.41702447809968,0.0015344814420367257,0.0017599776103133676,0.0021874999999999998,0.0023125,0.008742895470875497
alf,ALF,20008,5,0.0,0.004788557213930349,1.0,0.9949004975124378,5.552114427860697,6.628306649892752,145.37197234539198,0.0013400905999411052,0.002143178374747429,0.002,0.0020625,0.009816802658356074
alf,ALF,20009,5,0.0,0.010012437810945274,1.0,0.9899875621890548,5.162624378109453,7.068040605408605,161.23571090461098,0.0013920901758661388,0.0015979282244188442,0.0016875000000000002,0.0019375,0.012190219161438922
alf,ALF,20010,5,0.0,0.004228855721393035,1.0,0.9957711442786069,5.3613184079602,7.119255857934649,164.25774984846723,0.001532417405791811,0.0015964970409720544,0.0030625,0.0033125000000000003,0.013189112044599948
alf,ALF,20011,5,0.0,0.00541044776119403,1.0,0.9932835820895523,5.229664179104478,6.445401219805136,137.46793720470464,0.0010313997078233036,0.0013030567226240764,0.0014375,0.0016875000000000002,0.007332521313731242
alf,ALF,20012,5,0.0,0.011380597014925373,1.0,0.9886194029850746,5.348445273631841,7.306249059203535,171.35139233205103,0.0011219515459483496,0.0011801364371131471,0.002,0.002125,0.0182080040769277
alf,ALF,20013,5,0.0,0.04906716417910448,0.8375,0.8404850746268657,4.776679104477612,6.639853350110211,143.9195622790362,0.0011589668775573146,0.0012172158550543056,0.0016250000000000001,0.0018124999999999999,0.01190187443548851
alf,ALF,20014,5,0.0,0.006840796019900497,1.0,0.9825870646766169,5.190858208955224,6.349344851506823,131.32421901242168,0.0021133514824046846,0.0023004792262840937,0.002125,0.0023125,0.008318505079002171
alf,ALF,20015,5,0.0,0.028358208955223885,1.0,0.9715174129353233,5.417661691542288,7.287098060259308,170.091916494361,0.001190699702395491,0.0013700029349648479,0.00225,0.0024375,0.02124915685411247
alf,ALF,20016,5,0.0,0.0,1.0,1.0,5.320460199004975,6.667977782425292,145.44680690402353,0.001794055514294966,0.0021776147820718283,0.0015,0.0015,0.009259889841692756
alf,ALF,20017,5,0.025,0.0291044776119403,0.975,0.9708955223880598,4.962624378109453,6.9143734127950385,155.14025224703045,0.0015119887969324325,0.0018054895168597516,0.0023125,0.002625,0.011325009941411732
alf,ALF,20018,5,0.0,0.001616915422885572,1.0,0.9983830845771144,4.911567164179105,6.720759030215807,146.74572736678925,0.0013840671595918414,0.0015339779499445457,0.0020625,0.00225,0.01269131218558318
alf,ALF,20019,5,0.0,0.005161691542288557,1.0,0.994092039800995,5.510820895522388,6.879962677217387,153.0129536587613,0.0012005031418656647,0.0012530117561531642,0.0011875,0.0014375,0.009825471507519104
alf,ALF,20020,5,0.0,0.009825870646766169,0.9625,0.9571517412935323,5.573445273631841,6.972591918034082,156.8604179641628,0.001652561492774793,0.002117285088617169,0.0021874999999999998,0.00225,0.011580741213301191
alf,ALF,20021,5,0.0,0.005845771144278607,1.0,0.9941542288557214,5.787437810945273,6.974756657687296,158.9048072242533,0.001402696137352655,0.0020538117350747923,0.0020625,0.0021874999999999998,0.0094564784217364
alf,ALF,20022,5,0.0,0.013557213930348259,1.0,0.9864427860696517,4.905348258706468,7.067300896339707,161.84841292232227,0.0012451215804510395,0.0014580601883194492,0.0021875,0.0024375,0.009742770755439256
alf,ALF,20023,5,0.0,0.00043532338308457713,1.0,0.9995646766169154,5.613930348258707,6.685344091839054,147.06349344357812,0.0022573500910809084,0.002662955005334961,0.0028125,0.0029375,0.011198500076915424
alf,ALF,20024,5,0.0,0.04402985074626865,1.0,0.9514925373134329,4.932276119402985,6.914894964301096,155.40800335953938,0.0015311268817641065,0.0015620487193738794,0.0023125,0.0024375,0.0089466315575679
alf,ALF,20025,5,0.0,0.05453980099502488,1.0,0.9454601990049751,4.834390547263682,7.089530633726267,161.85562805467936,0.0017874895603885877,0.0019080666983967594,0.0035625000000000006,0.0040625,0.009554500900657313
alf,ALF,20026,5,0.0,0.0004975124378109452,1.0,0.9995024875621891,5.307898009950248,6.3592777849571975,134.57206556361402,0.001130220580510312,0.0018557114959432829,0.0017500000000000003,0.0018124999999999999,0.010867758057351455
alf,ALF,20027,5,0.0,0.01287313432835821,1.0,0.9871268656716417,5.325559701492537,6.932963657824963,156.46251172655644,0.0010108274399769275,0.0010108274407115419,0.0018124999999999999,0.001875,0.01440532893206618
alf,ALF,20028,5,0.0,0.04651741293532338,1.0,0.9534825870646767,4.987126865671642,7.262870776410227,168.9263862254057,0.0014129510676078733,0.0022651574218033794,0.0025,0.0026875,0.01375136623575772
alf,ALF,20029,5,0.0,0.010385572139303483,1.0,0.9858830845771145,5.23202736318408,7.006012931719712,159.26727840638083,0.001223924725677834,0.001318659072084466,0.002,0.0021875,0.009759049748779173
alf,ALF,20030,5,0.0,0.0006840796019900498,1.0,0.9883084577114427,5.197450248756219,6.423089390496078,135.3950648075148,0.0015379055019534259,0.0021692603803175675,0.0023125,0.002375,0.009245169331373855
alf,ALF,20031,5,0.0,0.01050995024875622,1.0,0.9828358208955225,5.36455223880597,6.663996322230932,145.97163019743897,0.0012321908886059343,0.001232190889502992,0.001875,0.002,0.007872147768347788
alf,ALF,20032,5,0.0,0.06442786069651742,1.0,0.932089552238806,5.260012437810945,7.090358838002115,161.86598142745476,0.0013241575093311882,0.00179862674088828,0.0011875,0.0013124999999999999,0.010039186016332788
alf,ALF,20033,5,0.0,0.033582089552238806,1.0,0.9664179104477612,5.330410447761194,6.996021279063302,159.00589720605765,0.001232030806845819,0.0014702109545368031,0.0016250000000000001,0.0016875000000000002,0.010923499710484352
alf,ALF,20034,5,0.0,0.004664179104477612,0.9875,0.9838308457711443,5.231529850746268,6.663964022351969,146.04826507693434,0.0010481412872154123,0.001923615238589444,0.0013124999999999999,0.0015,0.006917496391912645
alf,ALF,20035,5,0.0,0.0052238805970149255,1.0,0.9947761194029852,4.935385572139304,7.030856088033079,160.517513326885,0.0014740633651760759,0.00183827919744687,0.0024375,0.002625,0.010743607731773777
alf,ALF,20036,5,0.0,0.00043532338308457713,1.0,0.9995646766169154,5.104788557213931,6.748608563069496,148.8505229305453,0.00208953479956193,0.002460631727559268,0.002375,0.0026875,0.011116686578688705
alf,ALF,20037,5,0.0,0.08140547263681593,1.0,0.9185945273631841,5.477549751243781,7.1180745139394,163.73912259383025,0.001127308980673806,0.0013413682975491395,0.0015,0.0017500000000000003,0.008439023630728851
alf,ALF,20038,5,0.0,0.03538557213930348,1.0,0.9567786069651742,5.139800995024876,6.957062630747709,155.95169329743533,0.0012323490916088327,0.0014815409239516786,0.0031875000000000002,0.0035625000000000006,0.009113137209983017
alf,ALF,20039,5,0.0,0.009888059701492537,1.0,0.9901119402985075,5.689490049751244,6.5179343836380825,141.39615182017758,0.001454327623330439,0.0022768143858551623,0.0021874999999999998,0.002375,0.008170917607326226
alf,ALF,20040,5,0.0,0.008955223880597014,1.0,0.9909825870646767,5.417910447761194,6.657049487530978,145.4547533323784,0.0016397866709607738,0.0023674483315748148,0.002375,0.0025625,0.008336067760006319
alf,ALF,20041,5,0.0,0.0022388059701492534,1.0,0.9977611940298508,5.215422885572139,6.94031105523535,156.6442878861441,0.0011542491109945866,0.0015109534853143354,0.0015625,0.0017499999999999998,0.010798057492728158
alf,ALF,20042,5,0.0,0.007711442786069651,1.0,0.987002487562189,4.922823383084578,6.97135442380832,157.2816761868051,0.0012561143868919376,0.001829146231959734,0.0018125000000000003,0.002,0.011268912330656442
alf,ALF,20043,5,0.0,0.012437810945273632,1.0,0.9873756218905474,5.610261194029851,6.375968128990288,136.3279760690261,0.0007643372352237252,0.001111415215727985,0.0016250000000000001,0.0017500000000000003,0.012196007147985686
alf,ALF,20044,5,0.0,0.00914179104477612,1.0,0.989365671641791,4.85752487562189,6.942800330566044,155.45431720919586,0.0016015974838704118,0.0018941634257846865,0.0034375000000000005,0.0035000000000000005,0.009926094682057586
alf,ALF,20045,5,0.0,0.012375621890547264,1.0,0.9876243781094527,5.287935323383084,6.634924016124527,144.87797656166669,0.001993857869478649,0.0023085402311154276,0.0020625,0.0022500000000000003,0.00997804114383587
alf,ALF,20046,5,0.0,0.00708955223880597,1.0,0.992910447761194,5.5647388059701495,6.773823012716832,150.58679854623486,0.0008519443624840712,0.0009801555757857478,0.00125,0.001375,0.007336398018442799
alf,ALF,20047,5,0.0,0.05696517412935324,1.0,0.9430348258706468,5.234266169154229,7.017538833871424,159.40383557903712,0.0013543575956331028,0.0017964675241720698,0.0021875,0.002375,0.0107323730735407
alf,ALF,20048,5,0.0,0.014116915422885573,1.0,0.984950248756219,5.065733830845771,7.033320219289093,160.11240752234863,0.0014419640505609831,0.001578607270407987,0.0025624999999999997,0.00275,0.011485763925689747
alf,ALF,20049,5,0.0,0.005348258706467662,1.0,0.9940298507462687,5.355161691542288,6.8195355027130375,151.98925836689537,0.0007903450788176718,0.0008914802715191978,0.0016875000000000002,0.0017500000000000003,0.011316042373092274
crmf,CRMF,20000,5,0.0,0.02543532338308458,1.0,0.9745646766169154,4.956778606965175,7.162225017973254,164.9684330051706,0.002045900814241349,0.00583951739788892,0.001875,0.0019375,0.011829600063769017
crmf,CRMF,20001,5,0.0,0.003980099502487562,1.0,0.9960199004975123,5.628171641791044,6.8254561854848435,152.35905453788106,0.0018437752928808764,0.006254346648268602,0.00225,0.0025624999999999997,0.010023747717864706
crmf,CRMF,20002,5,0.0,0.008146766169154229,1.0,0.9918532338308458,5.423694029850746,6.892861381714366,155.02320258307037,0.0016750732086122887,0.005771691774678881,0.00225,0.0025,0.012447785856704474
crmf,CRMF,20003,5,0.0,0.0018034825870646767,1.0,0.9978233830845771,5.559390547263681,6.678401887218094,146.97802384854674,0.001953472564989332,0.005940191520749031,0.0025625,0.00275,0.010877962530400066
crmf,CRMF,20004,5,0.0,0.03395522388059702,1.0,0.966044776119403,5.0094527363184085,7.173059315424449,165.55154385734375,0.0026460854758742604,0.007744394129390994,0.0015,0.0015625,0.010282702282271712
crmf,CRMF,20005,5,0.0,0.0390547263681592,1.0,0.9609452736318408,5.326554726368159,6.774210142409183,150.1614032514925,0.002219150583871247,0.006673755310057053,0.0028125,0.0030625,0.01091023800792014
crmf,CRMF,20006,5,0.0,0.009577114427860696,1.0,0.9904228855721392,5.095211442786069,7.046682760965342,160.63552860306,0.0019123533462837568,0.005057906344546238,0.002,0.0021249999999999997,0.008329951065823115
crmf,CRMF,20007,5,0.0,0.0003109452736318408,1.0,0.9996890547263682,5.320087064676617,6.8963421810584835,154.6371260006129,0.002095432846068105,0.007366701961572556,0.0025,0.00275,0.00876644762425061
crmf,CRMF,20008,5,0.0,0.004788557213930349,0.9875,0.9828358208955225,5.423942786069651,6.54085401122362,141.98975961359204,0.0019111395828042572,0.006203745505619519,0.0021875,0.0023125,0.009830051206218767
crmf,CRMF,20009,5,0.0,0.010012437810945274,1.0,0.9899875621890548,5.20410447761194,7.065721711380564,161.17006853733247,0.0022693359739580942,0.007530468608058781,0.0018124999999999999,0.0018124999999999999,0.012209058941982917
crmf,CRMF,20010,5,0.0,0.004228855721393035,1.0,0.9957711442786069,5.398507462686568,7.135049467994617,164.1980759644593,0.0024772819395386487,0.021492631459579303,0.0026875,0.0029375,0.013181819541245912
crmf,CRMF,20011,5,0.0,0.00541044776119403,0.925,0.9216417910447762,5.326243781094528,6.599182810579977,144.06858922277024,0.0015657377915777922,0.00441512422782682,0.0010625,0.0013124999999999999,0.0073318710664724545
crmf,CRMF,20012,5,0.0,0.011380597014925373,1.0,0.9886194029850746,5.139241293532338,7.1076366796222485,163.12583381539622,0.0014678801313740384,0.005792955055365463,0.002625,0.002875,0.01821243208717894
crmf,CRMF,20013,5,0.0,0.049564676616915423,1.0,0.9479477611940299,4.91592039800995,7.204360239635854,166.812581735246,0.004905060568549906,0.023515006894713374,0.0019375,0.0021874999999999998,0.011824605880860997
crmf,CRMF,20014,5,0.0,0.005907960199004975,1.0,0.9919154228855721,5.267164179104478,6.697147367160146,146.9728790774879,0.0032114365626110678,0.009479560477124383,0.0020625,0.002125,0.008308381891311374
crmf,CRMF,20015,5,0.0,0.028358208955223885,1.0,0.9715174129353233,5.054975124378109,7.207375739691855,166.8950558953134,0.0016413256397726644,0.0058734478093407745,0.0030625,0.0032500000000000003,0.02123374310312003
crmf,CRMF,20016,5,0.0,0.0,1.0,1.0,5.311069651741294,6.704407599950729,147.33890094872885,0.001976814823706108,0.006861514429726037,0.0011875,0.00125,0.00927665810347281
crmf,CRMF,20017,5,0.025,0.0291044776119403,0.975,0.9708955223880598,5.149564676616915,7.178392672145056,165.69315578945475,0.002485406008642099,0.006993213430400698,0.0018124999999999999,0.002125,0.011341851792533098
crmf,CRMF,20018,5,0.0,0.001616915422885572,1.0,0.9983830845771144,5.159266169154229,6.919652442030037,155.28212746518835,0.0021012880249787736,0.005920007309294454,0.0016250000000000001,0.0017500000000000003,0.012701213732813469
crmf,CRMF,20019,5,0.0,0.005161691542288557,1.0,0.9944651741293532,5.357151741293532,6.921503416481985,155.34719830744052,0.0026072530074874554,0.007618960948408263,0.002125,0.0023125,0.00983855928289134
crmf,CRMF,20020,5,0.0,0.00945273631840796,1.0,0.9905472636815921,5.301990049751244,7.020664080501315,159.2428138107835,0.002070537078255419,0.008827415461748065,0.0029375,0.0032500000000000003,0.011561227208233653
crmf,CRMF,20021,5,0.0,0.005845771144278607,1.0,0.9941542288557214,5.5750621890547265,6.813942606379429,151.84513045518366,0.0021024876044181285,0.006670418304272334,0.00275,0.0028125,0.009451972662120828
crmf,CRMF,20022,5,0.0,0.013557213930348259,1.0,0.9864427860696517,5.045708955223881,7.228772267104629,167.8858855666341,0.0012526505690358247,0.005304897117711047,0.0020625,0.002375,0.009736621386378605
crmf,CRMF,20023,5,0.0,0.00043532338308457713,1.0,0.9995646766169154,5.652425373134329,6.7522446765769555,149.18753289753562,0.002585715695981297,0.007368564310008098,0.002125,0.00225,0.011197981222682243
crmf,CRMF,20024,5,0.0,0.03955223880597015,1.0,0.9582089552238806,4.977549751243781,7.119642665745415,163.30573038811477,0.0017735327306822226,0.005809707231133608,0.0021875,0.0023125,0.008556576521207695
crmf,CRMF,20025,5,0.0,0.05453980099502488,1.0,0.9454601990049751,4.838992537313433,7.25468339788071,168.69103896892693,0.0024995982707374576,0.006065961538152815,0.0036875,0.004,0.009563739276609848
crmf,CRMF,20026,5,0.0,0.0004975124378109452,1.0,0.9995024875621891,5.508830845771144,6.504540096946519,140.05293668689458,0.0016123311785892313,0.005155211558007797,0.00125,0.001375,0.010853584516762833
crmf,CRMF,20027,5,0.0,0.01287313432835821,1.0,0.9871268656716417,5.3784203980099505,6.848205105642279,152.9668462553647,0.0014381567602811218,0.00473209204214122,0.0016250000000000001,0.0017500000000000003,0.01440576253230858
crmf,CRMF,20028,5,0.0,0.04651741293532338,1.0,0.9534825870646767,4.942599502487562,7.230768506880908,167.82670840049119,0.001454596132294601,0.005267090696462406,0.00275,0.003,0.013755851259956606
crmf,CRMF,20029,5,0.0,0.01075870646766169,1.0,0.9887437810945274,5.052985074626866,6.969501415426211,157.91931706731827,0.0022670688680928933,0.008798896684325723,0.0026249999999999997,0.00275,0.009741354951275179
crmf,CRMF,20030,5,0.0,0.0006840796019900498,1.0,0.9987562189054726,5.390920398009951,6.799970534307694,150.89612195176352,0.0030893284787871286,0.012669853464506548,0.002375,0.0025,0.00926705415345242
crmf,CRMF,20031,5,0.0,0.011131840796019902,1.0,0.9874378109452737,5.28799751243781,6.614258675906449,144.11771209336823,0.0025096085924136272,0.008834840043120974,0.002375,0.0025624999999999997,0.007940341645482301
crmf,CRMF,20032,5,0.0,0.06442786069651742,1.0,0.932089552238806,4.988246268656717,7.069873968354696,161.2076701588935,0.002025031136108901,0.005945883440388813,0.002,0.0021874999999999998,0.010047865003901419
crmf,CRMF,20033,5,0.0,0.033582089552238806,1.0,0.9664179104477612,5.30205223880597,6.942990882431505,156.89010234816314,0.0016327893079989323,0.005054505253447659,0.0015625,0.0018124999999999999,0.01092243402129898
crmf,CRMF,20034,5,0.0,0.004664179104477612,0.9875,0.9838308457711443,5.318097014925373,6.7879490942593605,150.74292499903478,0.0019517229094335377,0.00537916619510337,0.001375,0.0015625,0.006914554990905214
crmf,CRMF,20035,5,0.0,0.005410447761194029,1.0,0.994589552238806,4.990236318407961,7.103434160023663,163.21216867064396,0.001163039583708869,0.004190467139058226,0.0018125000000000003,0.0021875,0.010651586703542626
crmf,CRMF,20036,5,0.0,0.00043532338308457713,1.0,0.9995646766169154,5.242910447761194,6.894312145662494,154.54145441682417,0.0028797276145282437,0.012823291675157996,0.002,0.0025,0.011114534495748462
crmf,CRMF,20037,5,0.0,0.08190298507462687,1.0,0.9180970149253731,5.19570895522388,6.9747836458054895,157.83144458803105,0.002451614771807924,0.017276099267560137,0.0021874999999999998,0.0025,0.008435655798441567
crmf,CRMF,20038,5,0.1,0.04583333333333334,0.9,0.9541666666666666,5.099626865671642,7.01566852156525,159.17139909061962,0.003096931725834382,0.01834249537553396,0.0038125,0.0043124999999999995,0.009096347466609134
crmf,CRMF,20039,5,0.0,0.009701492537313432,1.0,0.9902985074626866,5.620149253731343,6.499694077945852,140.39681293774112,0.0016586368095031882,0.008044830402659246,0.0019375,0.0021249999999999997,0.008171028374019958
crmf,CRMF,20040,5,0.0,0.008955223880597014,1.0,0.991044776119403,5.274751243781095,6.8877620106546855,154.28272081829408,0.0026006809846029766,0.010383879505963579,0.0031875000000000002,0.0035000000000000005,0.008328207565200977
crmf,CRMF,20041,5,0.0,0.0022388059701492534,1.0,0.9977611940298508,5.117164179104478,6.993349037681509,158.61526714791881,0.0017721033613019535,0.0061770315203531125,0.0017500000000000003,0.001875,0.010747796184311435
crmf,CRMF,20042,5,0.0,0.007711442786069651,1.0,0.9909203980099501,5.1200248756218905,7.159434178870524,165.00778114508523,0.002492750674657744,0.00794537930141995,0.0016875000000000002,0.0018125000000000003,0.011270294279284377
crmf,CRMF,20043,5,0.0,0.012437810945273632,1.0,0.9873756218905474,5.471703980099503,6.3687804279936255,135.82634278768677,0.0017759426487885422,0.005319631550783701,0.0025624999999999997,0.0028125,0.012199962229226227
crmf,CRMF,20044,5,0.0,0.009328358208955225,1.0,0.9901119402985075,5.087064676616915,7.161433400061442,165.1364862630543,0.002379278801069338,0.016613842375929146,0.0025,0.0026249999999999997,0.009894324091368372
crmf,CRMF,20045,5,0.0,0.012375621890547264,1.0,0.9876243781094527,5.451679104477612,6.864072570221578,153.6423282927306,0.001593161517850426,0.005951105767889727,0.0015625,0.0016875000000000002,0.009962885200982772
crmf,CRMF,20046,5,0.0,0.00708955223880597,1.0,0.992910447761194,5.309514925373135,6.77341460172357,150.37133450694762,0.0018650398994167852,0.006665578556401183,0.0021874999999999998,0.0024375,0.00733988747776077
crmf,CRMF,20047,5,0.0,0.0572139303482587,1.0,0.9427860696517414,5.161194029850746,7.091136047007585,162.15975148714452,0.002796397187849979,0.01991184875908642,0.0024375,0.002625,0.010725919106142002
crmf,CRMF,20048,5,0.0,0.014116915422885573,1.0,0.984950248756219,5.15068407960199,7.0627070574683755,161.27160202049046,0.0015371665972313362,0.004426833051180314,0.0020625,0.002375,0.011454088412391745
crmf,CRMF,20049,5,0.0,0.005348258706467662,1.0,0.9942786069651742,5.351243781094527,6.791560546594425,151.08986242539007,0.0021339018895130527,0.007525299994396531,0.0021874999999999998,0.0024375,0.011329813107430713
density_oracle,Global-density oracle,20000,5,0.0,0.02543532338308458,1.0,0.9745646766169154,4.501057213930348,6.942834018699048,156.12210615243515,0.002908510344011993,0.008955245820301471,0.0033750000000000004,0.0035625000000000006,0.011827856926753033
density_oracle,Global-density oracle,20001,5,0.0,0.003980099502487562,1.0,0.9960199004975123,5.661940298507463,6.937119607815747,155.96280437374202,0.0029676799174503054,0.010944333453366473,0.0033750000000000004,0.0036875,0.010022503223943107
density_oracle,Global-density oracle,20002,5,0.0,0.008146766169154229,1.0,0.9918532338308458,5.208146766169154,6.939851012103394,156.05631642470277,0.0027997780941050408,0.010887600379523577,0.0038125,0.0039375,0.012465578855614234
density_oracle,Global-density oracle,20003,5,0.0,0.0018034825870646767,1.0,0.9978233830845771,5.513557213930349,6.928904841537173,155.6127972879732,0.003486121537844457,0.010835824387687395,0.0043749999999999995,0.004625,0.010884664441070845
density_oracle,Global-density oracle,20004,5,0.0,0.03395522388059702,1.0,0.966044776119403,4.1616915422885565,6.930963567843652,155.676390449046,0.0033865348545004774,0.00963027522144678,0.0045625,0.004625,0.01028029323419777
density_oracle,Global-density oracle,20005,5,0.0,0.0390547263681592,1.0,0.9609452736318408,5.533830845771144,6.92404773771207,155.35487446853185,0.0038054423632198527,0.010527962338298152,0.0041875,0.00425,0.010906010858951525
density_oracle,Global-density oracle,20006,5,0.0,0.009577114427860696,1.0,0.9904228855721392,4.862375621890547,6.941775745947541,156.1060836156949,0.002309863646354638,0.009745026540164067,0.0030625,0.0031875000000000002,0.008330321465339012
density_oracle,Global-density oracle,20007,5,0.0,0.0003109452736318408,1.0,0.9996890547263682,5.385945273631841,6.9338210680825565,155.82898050085734,0.0022475021641272337,0.011133911827798767,0.002375,0.0025,0.008734981357266507
density_oracle,Global-density oracle,20008,5,0.0,0.004788557213930349,1.0,0.9949004975124378,5.537251243781094,6.916999089445372,155.17160910372291,0.0040311642996549,0.011582615364312954,0.0036875000000000007,0.00375,0.009812141796175459
density_oracle,Global-density oracle,20009,5,0.0,0.010012437810945274,1.0,0.9899875621890548,4.7761815920398005,6.935684265804549,155.85312772785736,0.0027362154067607715,0.010283886152993322,0.0036875,0.0036875,0.01221043935346658
density_oracle,Global-density oracle,20010,5,0.0,0.004228855721393035,1.0,0.9957711442786069,4.718283582089552,6.948699461965576,156.41371927239626,0.0027785674251583708,0.01004842005967561,0.0055,0.00575,0.01317849618321891
density_oracle,Global-density oracle,20011,5,0.0,0.00541044776119403,1.0,0.989365671641791,5.224378109452736,6.908542408349092,154.79817302816042,0.004202495420952417,0.011412415502194639,0.0028125,0.003,0.007324688226405416
density_oracle,Global-density oracle,20012,5,0.0,0.011380597014925373,1.0,0.9886194029850746,4.6749378109452735,6.946675472475661,156.37159027470798,0.0023721097089640895,0.01053124567716875,0.0046875,0.004875,0.018214627117930298
density_oracle,Global-density oracle,20013,5,0.0,0.049564676616915423,1.0,0.9482587064676616,4.419340796019901,6.917650439904977,155.05763078773768,0.00399390598209396,0.009605805519809173,0.0030625,0.0032500000000000003,0.011822566532174622
density_oracle,Global-density oracle,20014,5,0.0,0.005907960199004975,1.0,0.9919154228855721,5.6659825870646765,6.89825540493637,154.28124278137528,0.004350493124355183,0.010974490591722329,0.0021874999999999998,0.0023125,0.008304608450586056
density_oracle,Global-density oracle,20015,5,0.0,0.028358208955223885,1.0,0.9715174129353233,4.447823383084577,6.948549600140126,156.37707669686884,0.0027294384282643873,0.00996044582537645,0.00575,0.0059375,0.021232943345240174
density_oracle,Global-density oracle,20016,5,0.0,0.0,1.0,1.0,5.400870646766169,6.9163058798707,155.04064032644723,0.003477109533204438,0.01001105638021858,0.0015,0.0015625,0.009282395293245586
density_oracle,Global-density oracle,20017,5,0.025,0.0291044776119403,0.975,0.9708955223880598,4.53134328358209,6.94038865704279,156.01261710244108,0.003146511516332945,0.009347925083561621,0.00375,0.0040625,0.0113253746746162
density_oracle,Global-density oracle,20018,5,0.0,0.001616915422885572,1.0,0.9983830845771144,5.0779850746268655,6.92808048095508,155.48988807704202,0.00367637248797206,0.009662886546953733,0.0032500000000000003,0.0033750000000000004,0.012690764892387069
density_oracle,Global-density oracle,20019,5,0.0,0.005161691542288557,1.0,0.9944651741293532,5.278358208955224,6.927244543620773,155.50338517929316,0.003158035567768297,0.010247719937895104,0.00275,0.0029375,0.009838736530646515
density_oracle,Global-density oracle,20020,5,0.0,0.00945273631840796,1.0,0.9905472636815921,4.94521144278607,6.9408044949336345,156.04993963403325,0.002974615139806037,0.010128612039041593,0.0049375,0.0051875,0.011552098370471506
density_oracle,Global-density oracle,20021,5,0.0,0.005845771144278607,1.0,0.9941542288557214,5.670398009950249,6.938173274229243,156.01472153700985,0.002892287292989815,0.010914272720061704,0.0030625,0.0031875000000000002,0.009476880086487265
density_oracle,Global-density oracle,20022,5,0.0,0.013557213930348259,1.0,0.9864427860696517,4.321206467661692,6.944737181488509,156.26225044946753,0.002131590150601618,0.010109534257897833,0.004125,0.0044375000000000005,0.009732787692133484
density_oracle,Global-density oracle,20023,5,0.0,0.00043532338308457713,1.0,0.9995646766169154,5.691977611940298,6.9361417460503105,155.90417772380596,0.00274642784760605,0.0105718200970841,0.002875,0.0030625,0.011184933200466735
density_oracle,Global-density oracle,20024,5,0.0,0.03955223880597015,1.0,0.9582089552238806,4.510136815920398,6.934417436114839,155.7812555203272,0.0025544309100154735,0.009759520609166152,0.004,0.0040625,0.008555712888371427
density_oracle,Global-density oracle,20025,5,0.0,0.05453980099502488,1.0,0.9454601990049751,3.9845771144278608,6.940803344333882,156.04473025020138,0.0028972476531752478,0.009321718894733424,0.006687500000000001,0.006937500000000001,0.009553523139259355
density_oracle,Global-density oracle,20026,5,0.0,0.0004975124378109452,1.0,0.9995024875621891,5.698818407960199,6.905412131261977,154.65096062681334,0.004634896421466991,0.012002253863473995,0.0026875,0.0026875,0.01085812856439847
density_oracle,Global-density oracle,20027,5,0.0,0.01287313432835821,1.0,0.9871268656716417,5.3131840796019905,6.927267540398423,155.56892211717292,0.0025243403100123217,0.011428580380841878,0.00275,0.0028125,0.014402972870007571
density_oracle,Global-density oracle,20028,5,0.0,0.04651741293532338,1.0,0.9534825870646767,4.327363184079602,6.945371206718107,156.2469235249975,0.002669978803732366,0.00973865446455456,0.0049375,0.005125,0.013760104238204635
density_oracle,Global-density oracle,20029,5,0.0,0.01075870646766169,1.0,0.9887437810945274,4.517350746268656,6.92865309218565,155.58139802871307,0.003347652071070961,0.010122491114718357,0.004937499999999999,0.004999999999999999,0.009776863126124871
density_oracle,Global-density oracle,20030,5,0.0,0.0006840796019900498,1.0,0.9987562189054726,5.3906716417910445,6.914407327085563,154.96827027435765,0.003645589466055221,0.01083330661431971,0.002875,0.0029375,0.009273223794813015
density_oracle,Global-density oracle,20031,5,0.0,0.011256218905472636,1.0,0.9873134328358208,5.7123134328358205,6.908923921296707,154.7838720548711,0.004698891668284987,0.010866876900652798,0.0033750000000000004,0.0034375000000000005,0.007922179196783511
density_oracle,Global-density oracle,20032,5,0.0,0.06442786069651742,1.0,0.932089552238806,4.472512437810946,6.934891255548415,155.8100427483837,0.002917250704406322,0.010328008437216938,0.0043749999999999995,0.0045625,0.01003559616254514
density_oracle,Global-density oracle,20033,5,0.0,0.033582089552238806,1.0,0.9664179104477612,5.14912935323383,6.933731327685109,155.7910269972799,0.0033695836208908125,0.010585842543825002,0.003125,0.0032500000000000003,0.01092326256744208
density_oracle,Global-density oracle,20034,5,0.0,0.004664179104477612,1.0,0.9952114427860697,5.41797263681592,6.918754750097852,155.1951101561554,0.0038074979377705946,0.011018952857523226,0.0021874999999999998,0.00225,0.006900021761576778
density_oracle,Global-density oracle,20035,5,0.0,0.005410447761194029,1.0,0.994589552238806,4.534950248756219,6.941177035613421,156.11048671916285,0.0024133687547575043,0.010293727420670067,0.0041875,0.0044375,0.010655926894300335
density_oracle,Global-density oracle,20036,5,0.0,0.00043532338308457713,1.0,0.9995646766169154,4.976554726368159,6.924374514654245,155.3798710283118,0.0032216965391288835,0.010488468742333688,0.0034375000000000005,0.003875,0.01111675634858671
density_oracle,Global-density oracle,20037,5,0.0,0.08190298507462687,1.0,0.9180970149253731,4.917164179104478,6.9335497728859625,155.7876299488551,0.002760287361011805,0.01026446750968398,0.0036875,0.0040625,0.008442455358195029
density_oracle,Global-density oracle,20038,5,0.1,0.04583333333333334,0.9,0.9541666666666666,4.832151741293532,6.9273067846145295,155.4953279583647,0.0029970369578944493,0.01100353765291602,0.005124999999999999,0.0054375,0.009093744444983069
density_oracle,Global-density oracle,20039,5,0.0,0.009888059701492537,1.0,0.9901119402985075,5.915547263681592,6.915283444993536,155.0990148083998,0.003939282760921098,0.011508964648624262,0.0025,0.002625,0.00816534724695433
density_oracle,Global-density oracle,20040,5,0.0,0.008955223880597014,1.0,0.991044776119403,5.093781094527364,6.9188975809378945,155.1761002275028,0.0035296380363052096,0.010886607982599834,0.0040625,0.0043749999999999995,0.008347571237438194
density_oracle,Global-density oracle,20041,5,0.0,0.0022388059701492534,1.0,0.9977611940298508,4.823072139303482,6.93372605423112,155.79774915058647,0.002885266393369992,0.010549047059809842,0.0032500000000000003,0.0034375000000000005,0.01077657701495675
density_oracle,Global-density oracle,20042,5,0.0,0.007711442786069651,1.0,0.9909203980099501,4.49452736318408,6.93718443895592,155.88181944049413,0.002865510390115216,0.009403112379841297,0.0030625,0.003125,0.011274714989527503
density_oracle,Global-density oracle,20043,5,0.0,0.012437810945273632,1.0,0.9873756218905474,5.805037313432836,6.905417908787814,154.66101098710936,0.005188581457835551,0.011247249984560842,0.0033750000000000004,0.0035625000000000006,0.0121814037807047
density_oracle,Global-density oracle,20044,5,0.0,0.009328358208955225,1.0,0.9901119402985075,4.670522388059702,6.933835165281245,155.77540550679592,0.002196948694623955,0.010199551382102027,0.0038125,0.003875,0.009880763882789943
density_oracle,Global-density oracle,20045,5,0.0,0.012375621890547264,1.0,0.9876243781094527,5.307835820895522,6.924713684627372,155.4547404862934,0.0023432488242583365,0.010953953381676925,0.0017500000000000003,0.002,0.009970121375856254
density_oracle,Global-density oracle,20046,5,0.0,0.00708955223880597,1.0,0.992910447761194,5.347699004975125,6.920761215407781,155.28703127900127,0.0037170795942847944,0.011428126376365432,0.00375,0.0038125,0.007338658420212671
density_oracle,Global-density oracle,20047,5,0.0,0.0572139303482587,1.0,0.9427860696517414,4.793532338308458,6.935508830807284,155.82893939989356,0.0028524637529250647,0.010138651118123712,0.003875,0.0040625,0.01072510457162621
density_oracle,Global-density oracle,20048,5,0.0,0.014116915422885573,1.0,0.984950248756219,4.628109452736319,6.942248094144614,156.1119276346272,0.0026819265491630903,0.010158535002411838,0.004625,0.0046875,0.011484182646581192
density_oracle,Global-density oracle,20049,5,0.0,0.005348258706467662,1.0,0.9942786069651742,5.544713930348259,6.9280093608251665,155.5645103598323,0.0034409177960863305,0.01064683075307792,0.0026875,0.0028125,0.011330350138793365
fixed_r8_retained,Maximum radius + retention,20000,5,0.0,0.031529850746268656,1.0,0.9684701492537313,6.1940298507462686,7.75,189.47730691963437,0.0,0.0,0.0010625,0.001125,0.01158006492015225
fixed_r8_retained,Maximum radius + retention,20001,5,0.0,0.003980099502487562,1.0,0.9960199004975123,7.50360696517413,7.75,189.47730691963437,0.0,0.0,0.000625,0.0008750000000000001,0.009969256530678648
fixed_r8_retained,Maximum radius + retention,20002,5,0.0,0.008146766169154229,1.0,0.9918532338308458,6.777363184079602,7.75,189.47730691963437,0.0,0.0,0.0008125000000000001,0.001125,0.012394401770945666
fixed_r8_retained,Maximum radius + retention,20003,5,0.0,0.0026119402985074628,1.0,0.9973880597014926,7.339925373134328,7.75,189.47730691963437,0.0,0.0,0.0010625,0.0013125,0.01043288723840161
fixed_r8_retained,Maximum radius + retention,20004,5,0.0,0.03439054726368159,1.0,0.9656094527363184,6.428233830845771,7.75,189.47730691963437,0.0,0.0,0.0005625,0.00075,0.010206562705434552
fixed_r8_retained,Maximum radius + retention,20005,5,0.0,0.03743781094527364,1.0,0.9625621890547263,7.29912935323383,7.75,189.47730691963437,0.0,0.0,0.001375,0.0015625,0.010645879759713418
fixed_r8_retained,Maximum radius + retention,20006,5,0.0,0.009577114427860696,1.0,0.9904228855721392,6.5136815920398,7.75,189.47730691963437,0.0,0.0,0.0001875,0.00025,0.008232547549764293
fixed_r8_retained,Maximum radius + retention,20007,5,0.0,0.0003109452736318408,1.0,0.9996890547263682,7.018407960199005,7.75,189.47730691963437,0.0,0.0,0.0011875,0.001375,0.008652725223441854
fixed_r8_retained,Maximum radius + retention,20008,5,0.0,0.004042288557213931,1.0,0.995957711442786,7.7866915422885565,7.75,189.47730691963437,0.0,0.0,0.00075,0.0008125000000000001,0.009477519117455353
fixed_r8_retained,Maximum radius + retention,20009,5,0.0,0.010012437810945274,1.0,0.9899875621890548,6.456218905472636,7.75,189.47730691963437,0.0,0.0,0.00125,0.0016875000000000002,0.012177001710366796
fixed_r8_retained,Maximum radius + retention,20010,5,0.0,0.004228855721393035,1.0,0.9957711442786069,6.806965174129353,7.75,189.47730691963437,0.0,0.0,0.0014375,0.001875,0.013163660998457177
fixed_r8_retained,Maximum radius + retention,20011,5,0.0,0.0052238805970149255,1.0,0.9947761194029852,7.558084577114428,7.75,189.47730691963437,0.0,0.0,0.00125,0.0014375,0.007220681554157994
fixed_r8_retained,Maximum radius + retention,20012,5,0.0,0.011380597014925373,1.0,0.9886194029850746,6.461691542288557,7.75,189.47730691963437,0.0,0.0,0.0010625,0.0013124999999999999,0.018110537272115552
fixed_r8_retained,Maximum radius + retention,20013,5,0.0,0.05951492537313433,1.0,0.9404850746268657,6.2302238805970145,7.75,189.47730691963437,0.0,0.0,0.0011875,0.0015,0.011711522504808145
fixed_r8_retained,Maximum radius + retention,20014,5,0.0,0.005597014925373135,1.0,0.9944029850746269,7.904850746268657,7.75,189.47730691963437,0.0,0.0,0.0016875000000000002,0.0017500000000000003,0.007980177290385606
fixed_r8_retained,Maximum radius + retention,20015,5,0.0,0.028358208955223885,1.0,0.9716417910447761,6.55,7.75,189.47730691963437,0.0,0.0,0.0016875000000000002,0.0019375,0.021314368272105484
fixed_r8_retained,Maximum radius + retention,20016,5,0.0,0.0,1.0,1.0,7.099004975124378,7.75,189.47730691963437,0.0,0.0,0.0005625,0.0008125000000000001,0.00920288635560567
fixed_r8_retained,Maximum radius + retention,20017,5,0.025,0.029975124378109452,0.975,0.9700248756218904,6.314303482587064,7.75,189.47730691963437,0.0,0.0,0.0011875,0.0015,0.011359717596446262
fixed_r8_retained,Maximum radius + retention,20018,5,0.0,0.001616915422885572,1.0,0.9983830845771144,6.61455223880597,7.75,189.47730691963437,0.0,0.0,0.001,0.001375,0.01253110743350504
fixed_r8_retained,Maximum radius + retention,20019,5,0.0,0.005161691542288557,1.0,0.9948383084577115,6.8861940298507465,7.75,189.47730691963437,0.0,0.0,0.0011875,0.0013124999999999999,0.009778895960661815
fixed_r8_retained,Maximum radius + retention,20020,5,0.0,0.00945273631840796,1.0,0.9905472636815921,6.98681592039801,7.75,189.47730691963437,0.0,0.0,0.0009375,0.001125,0.011452119480708987
fixed_r8_retained,Maximum radius + retention,20021,5,0.0,0.005845771144278607,1.0,0.9941542288557214,7.511069651741293,7.75,189.47730691963437,0.0,0.0,0.00075,0.0008125000000000001,0.009388001130522208
fixed_r8_retained,Maximum radius + retention,20022,5,0.0,0.013557213930348259,1.0,0.9864427860696517,6.199502487562189,7.75,189.47730691963437,0.0,0.0,0.0014375,0.0017500000000000003,0.009706855069402723
fixed_r8_retained,Maximum radius + retention,20023,5,0.0,0.00043532338308457713,1.0,0.9995646766169154,7.1730099502487565,7.75,189.47730691963437,0.0,0.0,0.0006875,0.0008749999999999999,0.011482034542304937
fixed_r8_retained,Maximum radius + retention,20024,5,0.0,0.014365671641791044,1.0,0.985634328358209,6.460323383084576,7.75,189.47730691963437,0.0,0.0,0.0016250000000000001,0.0016875000000000002,0.008643006259516714
fixed_r8_retained,Maximum radius + retention,20025,5,0.0,0.05453980099502488,1.0,0.9454601990049751,6.246766169154229,7.75,189.47730691963437,0.0,0.0,0.0023125,0.0025625,0.009543376117632169
fixed_r8_retained,Maximum radius + retention,20026,5,0.0,0.0004975124378109452,1.0,0.9995024875621891,7.696019900497513,7.75,189.47730691963437,0.0,0.0,0.00043750000000000006,0.000625,0.010722063849217901
fixed_r8_retained,Maximum radius + retention,20027,5,0.0,0.01287313432835821,1.0,0.9871268656716417,7.32587064676617,7.75,189.47730691963437,0.0,0.0,0.0006249999999999999,0.0008125000000000001,0.0144613664968189
fixed_r8_retained,Maximum radius + retention,20028,5,0.0,0.04651741293532338,1.0,0.9534825870646767,6.273631840796019,7.75,189.47730691963437,0.0,0.0,0.001375,0.0016250000000000001,0.013611609696776519
fixed_r8_retained,Maximum radius + retention,20029,5,0.0,0.009825870646766169,1.0,0.9901741293532339,6.850373134328359,7.75,189.47730691963437,0.0,0.0,0.001125,0.0015,0.009765548153638483
fixed_r8_retained,Maximum radius + retention,20030,5,0.0,0.0006840796019900498,1.0,0.9993159203980099,7.477860696517413,7.75,189.47730691963437,0.0,0.0,0.001,0.0011875,0.009224793334201491
fixed_r8_retained,Maximum radius + retention,20031,5,0.0,0.012126865671641791,1.0,0.9878731343283581,7.713805970149254,7.75,189.47730691963437,0.0,0.0,0.001,0.001125,0.007693952754656033
fixed_r8_retained,Maximum radius + retention,20032,5,0.0,0.06486318407960198,1.0,0.9351368159203981,6.310199004975124,7.75,189.47730691963437,0.0,0.0,0.001,0.0011875,0.010034288462012701
fixed_r8_retained,Maximum radius + retention,20033,5,0.0,0.033582089552238806,1.0,0.9664179104477612,6.804353233830847,7.75,189.47730691963437,0.0,0.0,0.0006875,0.00075,0.010834250505214197
fixed_r8_retained,Maximum radius + retention,20034,5,0.0,0.004788557213930348,1.0,0.9952114427860697,7.263557213930348,7.75,189.47730691963437,0.0,0.0,0.00075,0.0008750000000000001,0.006741992043643491
fixed_r8_retained,Maximum radius + retention,20035,5,0.0,0.005410447761194029,1.0,0.994589552238806,6.588930348258707,7.75,189.47730691963437,0.0,0.0,0.0013124999999999999,0.0015625,0.010351418989405368
fixed_r8_retained,Maximum radius + retention,20036,5,0.0,0.00043532338308457713,1.0,0.9995646766169154,6.761442786069653,7.75,189.47730691963437,0.0,0.0,0.0011250000000000001,0.0013124999999999999,0.010879771428333332
fixed_r8_retained,Maximum radius + retention,20037,5,0.0,0.0824004975124378,1.0,0.9175995024875622,6.866293532338308,7.75,189.47730691963437,0.0,0.0,0.001,0.00125,0.00818185161303166
fixed_r8_retained,Maximum radius + retention,20038,5,0.0,0.017412935323383085,1.0,0.9825870646766169,7.14912935323383,7.75,189.47730691963437,0.0,0.0,0.0017499999999999998,0.0021249999999999997,0.008911298409436325
fixed_r8_retained,Maximum radius + retention,20039,5,0.0,0.009701492537313432,1.0,0.9902985074626866,7.425,7.75,189.47730691963437,0.0,0.0,0.0014375,0.0015625,0.008159776290863952
fixed_r8_retained,Maximum radius + retention,20040,5,0.0,0.008955223880597014,1.0,0.991044776119403,7.075373134328357,7.75,189.47730691963437,0.0,0.0,0.0015625,0.0018124999999999999,0.00825842970928047
fixed_r8_retained,Maximum radius + retention,20041,5,0.0,0.0021766169154228856,1.0,0.9978233830845771,6.634203980099502,7.75,189.47730691963437,0.0,0.0,0.00125,0.0015,0.010788108348233788
fixed_r8_retained,Maximum radius + retention,20042,5,0.0,0.007649253731343284,1.0,0.9923507462686567,6.331218905472637,7.75,189.47730691963437,0.0,0.0,0.00075,0.0009375,0.011262887335580545
fixed_r8_retained,Maximum radius + retention,20043,5,0.0,0.011691542288557214,1.0,0.9883084577114427,7.986691542288557,7.75,189.47730691963437,0.0,0.0,0.001375,0.0015,0.011743854773995074
fixed_r8_retained,Maximum radius + retention,20044,5,0.0,0.010447761194029851,1.0,0.9895522388059701,6.591293532338308,7.75,189.47730691963437,0.0,0.0,0.0021874999999999998,0.00225,0.009637568765814078
fixed_r8_retained,Maximum radius + retention,20045,5,0.0,0.012375621890547264,1.0,0.9876243781094527,7.172014925373135,7.75,189.47730691963437,0.0,0.0,0.00075,0.0008750000000000001,0.00997305467157043
fixed_r8_retained,Maximum radius + retention,20046,5,0.0,0.00708955223880597,1.0,0.992910447761194,7.414800995024876,7.75,189.47730691963437,0.0,0.0,0.0008750000000000001,0.0010625,0.007285646093052041
fixed_r8_retained,Maximum radius + retention,20047,5,0.0,0.06044776119402985,1.0,0.9395522388059702,6.596268656716418,7.75,189.47730691963437,0.0,0.0,0.0010624999999999999,0.001125,0.013950253730172191
fixed_r8_retained,Maximum radius + retention,20048,5,0.0,0.015609452736318408,1.0,0.9843905472636816,6.587437810945273,7.75,189.47730691963437,0.0,0.0,0.0009375,0.001125,0.011358885045366902
fixed_r8_retained,Maximum radius + retention,20049,5,0.0,0.005348258706467662,1.0,0.9946517412935323,6.906343283582089,7.75,189.47730691963437,0.0,0.0,0.0010624999999999999,0.001125,0.011132045443009844
knn_k6,Range-limited KNN K=6,20000,5,0.0,0.030037313432835822,1.0,0.9699626865671641,4.629415422885573,8.0,201.8473279931442,0.0,0.0,0.0006875,0.0024375,0.010680111188980757
knn_k6,Range-limited KNN K=6,20001,5,0.0,0.0033582089552238806,1.0,0.9966417910447761,5.111007462686567,8.0,201.8473279931442,0.0,0.0,0.00025,0.0025624999999999997,0.011060977550198844
knn_k6,Range-limited KNN K=6,20002,5,0.0,0.007151741293532338,1.0,0.9928482587064676,4.882960199004975,8.0,201.8473279931442,0.0,0.0,0.0005,0.0024375,0.010629543916453979
knn_k6,Range-limited KNN K=6,20003,5,0.0,0.0018656716417910445,1.0,0.998134328358209,5.068470149253732,8.0,201.8473279931442,0.0,0.0,0.0008750000000000001,0.003875,0.009925456558437934
knn_k6,Range-limited KNN K=6,20004,5,0.0,0.022388059701492536,1.0,0.9776119402985074,4.901430348258707,8.0,201.8473279931442,0.0,0.0,0.00043750000000000006,0.0024375,0.010591857450199771
knn_k6,Range-limited KNN K=6,20005,5,0.0,0.02804726368159204,1.0,0.971952736318408,5.013992537313433,8.0,201.8473279931442,0.0,0.0,0.0005,0.0028125,0.010377753167142118
knn_k6,Range-limited KNN K=6,20006,5,0.0,0.007649253731343284,1.0,0.9923507462686567,4.827798507462687,8.0,201.8473279931442,0.0,0.0,0.000375,0.0016250000000000001,0.008111339213262136
knn_k6,Range-limited KNN K=6,20007,5,0.0,0.0003109452736318408,1.0,0.9996890547263682,4.982462686567164,8.0,201.8473279931442,0.0,0.0,0.0006875,0.0039375,0.008370490542043137
knn_k6,Range-limited KNN K=6,20008,5,0.0,0.007960199004975124,0.9875,0.9797885572139304,5.107151741293532,8.0,201.8473279931442,0.0,0.0,0.0003125,0.0033125000000000003,0.009851702154133151
knn_k6,Range-limited KNN K=6,20009,5,0.0,0.011007462686567163,1.0,0.9889925373134328,4.93476368159204,8.0,201.8473279931442,0.0,0.0,0.0010625,0.0033750000000000004,0.01180651748916578
knn_k6,Range-limited KNN K=6,20010,5,0.0,0.004104477611940298,1.0,0.9958955223880597,4.9572761194029855,8.0,201.8473279931442,0.0,0.0,0.00043750000000000006,0.002,0.012340662062427916
knn_k6,Range-limited KNN K=6,20011,5,0.0,0.005970149253731343,0.9625,0.9527985074626866,5.2685945273631845,8.0,201.8473279931442,0.0,0.0,0.000375,0.0015,0.007312769931767764
knn_k6,Range-limited KNN K=6,20012,5,0.0,0.010572139303482588,1.0,0.9894278606965173,4.7927238805970145,8.0,201.8473279931442,0.0,0.0,0.0013124999999999999,0.003125,0.01438897351686135
knn_k6,Range-limited KNN K=6,20013,5,0.0625,0.07748756218905473,0.9375,0.9225124378109453,4.8608830845771145,8.0,201.8473279931442,0.0,0.0,0.0008750000000000001,0.002875,0.011568216690709726
knn_k6,Range-limited KNN K=6,20014,5,0.0,0.0,1.0,1.0,5.143097014925373,8.0,201.8473279931442,0.0,0.0,0.0010625,0.0033125000000000003,0.008123767820400493
knn_k6,Range-limited KNN K=6,20015,5,0.0,0.027549751243781097,1.0,0.9724502487562189,4.6897388059701495,8.0,201.8473279931442,0.0,0.0,0.00125,0.0034375000000000005,0.020573220162290448
knn_k6,Range-limited KNN K=6,20016,5,0.0,0.0,1.0,1.0,5.118967661691542,8.0,201.8473279931442,0.0,0.0,0.0005625,0.0023125,0.00919937513976039
knn_k6,Range-limited KNN K=6,20017,5,0.0,0.016977611940298506,1.0,0.9830223880597014,4.777985074626866,8.0,201.8473279931442,0.0,0.0,0.00075,0.0026875,0.010900212608045072
knn_k6,Range-limited KNN K=6,20018,5,0.0,0.0013681592039800996,1.0,0.99863184079602,4.920833333333333,8.0,201.8473279931442,0.0,0.0,0.00025,0.0026875,0.012521155887811344
knn_k6,Range-limited KNN K=6,20019,5,0.0,0.0036691542288557213,1.0,0.9963308457711444,5.020584577114428,8.0,201.8473279931442,0.0,0.0,0.001,0.0025,0.009673662887396517
knn_k6,Range-limited KNN K=6,20020,5,0.0,0.008519900497512438,1.0,0.9914800995024876,4.8412313432835825,8.0,201.8473279931442,0.0,0.0,0.000625,0.0033125000000000003,0.011433947497776837
knn_k6,Range-limited KNN K=6,20021,5,0.0,0.005472636815920398,1.0,0.9945273631840795,5.029042288557214,8.0,201.8473279931442,0.0,0.0,0.0005625,0.0020625,0.009235964309340634
knn_k6,Range-limited KNN K=6,20022,5,0.0,0.010199004975124378,1.0,0.9898009950248756,4.86181592039801,8.0,201.8473279931442,0.0,0.0,0.001125,0.003,0.009529645643851208
knn_k6,Range-limited KNN K=6,20023,5,0.0,0.0,1.0,1.0,5.259701492537313,8.0,201.8473279931442,0.0,0.0,0.0005,0.0029375,0.010705508754283945
knn_k6,Range-limited KNN K=6,20024,5,0.0,0.013246268656716418,1.0,0.9867537313432836,4.830597014925373,8.0,201.8473279931442,0.0,0.0,0.0008749999999999999,0.00275,0.008876665531646804
knn_k6,Range-limited KNN K=6,20025,5,0.0,0.051616915422885566,1.0,0.9483830845771145,4.60839552238806,8.0,201.8473279931442,0.0,0.0,0.0011875,0.0036249999999999998,0.009574112139699041
knn_k6,Range-limited KNN K=6,20026,5,0.0,0.0004975124378109452,1.0,0.9995024875621891,5.237375621890547,8.0,201.8473279931442,0.0,0.0,0.0005,0.0026875,0.010808199872534834
knn_k6,Range-limited KNN K=6,20027,5,0.0,0.012686567164179105,1.0,0.9873134328358208,5.023320895522388,8.0,201.8473279931442,0.0,0.0,0.0009375,0.003125,0.01431132373443785
knn_k6,Range-limited KNN K=6,20028,5,0.0,0.035509950248756215,1.0,0.9644900497512439,4.664925373134329,8.0,201.8473279931442,0.0,0.0,0.0016250000000000001,0.0030625,0.01241369068172522
knn_k6,Range-limited KNN K=6,20029,5,0.0,0.008271144278606965,1.0,0.9917288557213931,4.905597014925373,8.0,201.8473279931442,0.0,0.0,0.0006875,0.0033125000000000003,0.009596390927631471
knn_k6,Range-limited KNN K=6,20030,5,0.0,0.0002487562189054726,1.0,0.9997512437810945,5.141853233830846,8.0,201.8473279931442,0.0,0.0,0.0006875,0.0020625,0.00944866897296468
knn_k6,Range-limited KNN K=6,20031,5,0.0,0.011131840796019902,1.0,0.9888681592039801,5.051679104477612,8.0,201.8473279931442,0.0,0.0,0.0006875,0.0025,0.007779519498898993
knn_k6,Range-limited KNN K=6,20032,5,0.0,0.06312189054726368,1.0,0.9368781094527364,4.710261194029851,8.0,201.8473279931442,0.0,0.0,0.000625,0.0023125,0.00996009489962213
knn_k6,Range-limited KNN K=6,20033,5,0.0,0.04272388059701492,1.0,0.9572761194029852,4.910261194029851,8.0,201.8473279931442,0.0,0.0,0.0005,0.0010625,0.01394648304654865
knn_k6,Range-limited KNN K=6,20034,5,0.0,0.004104477611940298,0.9875,0.9843905472636816,5.0746890547263686,8.0,201.8473279931442,0.0,0.0,0.0005,0.0017499999999999998,0.00681985670606481
knn_k6,Range-limited KNN K=6,20035,5,0.0,0.001616915422885572,1.0,0.9983830845771144,4.7980099502487565,8.0,201.8473279931442,0.0,0.0,0.0008750000000000001,0.002875,0.009751742113181047
knn_k6,Range-limited KNN K=6,20036,5,0.0,0.00043532338308457713,1.0,0.9995646766169154,5.015982587064677,8.0,201.8473279931442,0.0,0.0,0.0011875,0.0031875000000000002,0.010861201531848257
knn_k6,Range-limited KNN K=6,20037,5,0.0,0.09347014925373134,1.0,0.9065298507462687,4.809452736318407,8.0,201.8473279931442,0.0,0.0,0.0008750000000000001,0.0039375,0.009112749147808241
knn_k6,Range-limited KNN K=6,20038,5,0.1,0.04937810945273632,0.9,0.9504353233830847,4.8159203980099505,8.0,201.8473279931442,0.0,0.0,0.001125,0.0036875,0.009042556651644966
knn_k6,Range-limited KNN K=6,20039,5,0.0,0.00914179104477612,1.0,0.9908582089552238,5.302176616915423,8.0,201.8473279931442,0.0,0.0,0.0008125000000000001,0.003875,0.007939149495731893
knn_k6,Range-limited KNN K=6,20040,5,0.0,0.007711442786069651,1.0,0.9922885572139304,5.130721393034825,8.0,201.8473279931442,0.0,0.0,0.00075,0.0033125000000000003,0.00798121215308709
knn_k6,Range-limited KNN K=6,20041,5,0.0,0.0021144278606965174,1.0,0.9978855721393035,4.893345771144278,8.0,201.8473279931442,0.0,0.0,0.00075,0.0029375,0.010718450366489034
knn_k6,Range-limited KNN K=6,20042,5,0.0,0.005783582089552239,1.0,0.9942164179104477,4.881218905472637,8.0,201.8473279931442,0.0,0.0,0.0008749999999999999,0.0031875000000000002,0.01094991555292896
knn_k6,Range-limited KNN K=6,20043,5,0.0,0.010945273631840797,1.0,0.9890547263681592,5.23115671641791,8.0,201.8473279931442,0.0,0.0,0.000625,0.0026875,0.012538525085777946
knn_k6,Range-limited KNN K=6,20044,5,0.0,0.009639303482587064,1.0,0.9903606965174129,4.889676616915422,8.0,201.8473279931442,0.0,0.0,0.0015,0.0036250000000000006,0.009682630314692225
knn_k6,Range-limited KNN K=6,20045,5,0.0,0.0025497512437810945,1.0,0.9974502487562189,5.239303482587065,8.0,201.8473279931442,0.0,0.0,0.0006875,0.003,0.009938329554577305
knn_k6,Range-limited KNN K=6,20046,5,0.0,0.006840796019900497,1.0,0.9930348258706468,5.016915422885573,8.0,201.8473279931442,0.0,0.0,0.0009375,0.0024375,0.007137532940951761
knn_k6,Range-limited KNN K=6,20047,5,0.0,0.05373134328358209,1.0,0.9462686567164178,4.841480099502488,8.0,201.8473279931442,0.0,0.0,0.0010625,0.002375,0.011687803749098289
knn_k6,Range-limited KNN K=6,20048,5,0.0,0.014738805970149255,1.0,0.9852611940298507,4.705534825870647,8.0,201.8473279931442,0.0,0.0,0.0008125000000000001,0.0032500000000000003,0.011955813060320352
knn_k6,Range-limited KNN K=6,20049,5,0.0,0.005161691542288557,1.0,0.9948383084577115,5.0557835820895525,8.0,201.8473279931442,0.0,0.0,0.0005625000000000001,0.0030625,0.010730032347387609
stardisplay,StarDisplay update,20000,5,0.0,0.0390547263681592,0.8875,0.8596393034825871,3.6886194029850743,6.230651971643605,124.71456294504472,0.017459523570919986,0.16147812499999997,0.010875,0.011,0.015277573875674754
stardisplay,StarDisplay update,20001,5,0.0,0.010012437810945274,0.9625,0.9506840796019901,4.291542288557214,5.950148184297479,114.45229813363972,0.016571481979691556,0.1364063355816776,0.010687499999999999,0.010687499999999999,0.010421278369547222
stardisplay,StarDisplay update,20002,5,0.0,0.008519900497512438,0.95,0.9480099502487562,4.114241293532339,6.043500938388233,117.92219572414629,0.01645467608701813,0.13891167020786405,0.0108125,0.010875,0.013605766038613904
stardisplay,StarDisplay update,20003,5,0.0,0.005161691542288557,0.9375,0.9360074626865671,4.493718905472637,5.889489256999463,112.38257538339697,0.016685705070591847,0.13776665632014704,0.010562499999999999,0.010624999999999999,0.010687018927424106
stardisplay,StarDisplay update,20004,5,0.0,0.03793532338308458,1.0,0.9460820895522388,3.8475124378109458,6.051785793679115,117.38269902737439,0.015184509778425009,0.11940955666183073,0.00975,0.00975,0.010584369405519423
stardisplay,StarDisplay update,20005,5,0.0375,0.0666044776119403,0.8875,0.8590796019900498,4.339800995024875,5.924397422416926,113.54479266672206,0.01674007813373631,0.13001285059214734,0.012,0.012125,0.011027790020903669
stardisplay,StarDisplay update,20006,5,0.05,0.03439054726368159,0.9125,0.9302860696517413,3.9728233830845765,6.0531845952533665,117.76923791761848,0.015574345491141586,0.1195432013741877,0.0101875,0.0101875,0.00822877239858129
stardisplay,StarDisplay update,20007,5,0.0,0.0006218905472636816,1.0,0.9993781094527364,4.218594527363185,5.970611481120973,114.5913507937328,0.018529051654392434,0.1691974907242372,0.0115625,0.011625,0.00899399631702185
stardisplay,StarDisplay update,20008,5,0.0,0.01455223880597015,0.825,0.820087064676617,4.497139303482587,5.844127487107363,111.10570139582701,0.017247381394069262,0.14422019101003214,0.0108125,0.0108125,0.015308158577250935
stardisplay,StarDisplay update,20009,5,0.0,0.012251243781094528,0.95,0.9413557213930348,4.00634328358209,6.061923902549134,118.20569810411743,0.016036553472595708,0.1305411625032185,0.010437499999999999,0.010499999999999999,0.012589429781643397
stardisplay,StarDisplay update,20010,5,0.0,0.007213930348258705,0.975,0.9699004975124378,3.925,6.0471702538137615,117.52767247550847,0.015729813082620208,0.12026403470752105,0.0110625,0.0111875,0.012170805780263892
stardisplay,StarDisplay update,20011,5,0.0375,0.03600746268656717,0.85,0.8417910447761194,4.426119402985075,5.77161147650751,107.74519313500369,0.017446764349430623,0.14365016270548256,0.011375,0.0114375,0.0072234597805579765
stardisplay,StarDisplay update,20012,5,0.0,0.0236318407960199,0.9375,0.9324004975124378,3.7993781094527366,6.169715405779181,122.5828670961511,0.01634376808333346,0.1392064353741724,0.0111875,0.011375,0.020502206059978215
stardisplay,StarDisplay update,20013,5,0.075,0.07300995024875621,0.875,0.8472636815920398,3.9812189054726366,5.977157580814942,114.73248625091944,0.014491581545035373,0.09224277501287406,0.009,0.009,0.01262242734018416
stardisplay,StarDisplay update,20014,5,0.0,0.035945273631840795,0.9375,0.9130597014925372,4.519154228855721,5.796552139126725,108.06471356258878,0.017016042747179806,0.1306244849687853,0.0131875,0.0131875,0.007957534282867159
stardisplay,StarDisplay update,20015,5,0.0,0.04284825870646766,0.875,0.8500621890547263,3.715174129353234,6.187302045206999,122.97379746793656,0.018300291930858557,0.18130833333333332,0.010875,0.0111875,0.025779066435324526
stardisplay,StarDisplay update,20016,5,0.0,0.0,1.0,1.0,4.300497512437811,5.86439435355828,110.87281449023394,0.018379507342701922,0.15742185104869308,0.010062499999999999,0.010187499999999999,0.009740748870947617
stardisplay,StarDisplay update,20017,5,0.0,0.020024875621890547,0.9875,0.9688432835820896,3.769651741293532,6.066739043617902,118.20794617148105,0.015250856222858053,0.11321041666666665,0.0090625,0.0091875,0.010758280715899404
stardisplay,StarDisplay update,20018,5,0.0,0.007898009950248756,1.0,0.9909203980099501,4.215298507462686,5.968582712847203,114.56607741839173,0.01618670669379791,0.1284953701531527,0.00975,0.0099375,0.012494121559243423
stardisplay,StarDisplay update,20019,5,0.0,0.009639303482587066,0.9125,0.9125621890547263,4.150435323383085,5.987562943998228,115.37780306969428,0.01628944473127646,0.12509637083655184,0.011125,0.011125,0.010166130376902768
stardisplay,StarDisplay update,20020,5,0.0,0.012313432835820894,0.925,0.9139303482587063,3.9377487562189053,6.082848771510528,119.04009855105994,0.017911792942519923,0.16497757637418772,0.010875,0.011,0.014304441094504333
stardisplay,StarDisplay update,20021,5,0.0,0.00845771144278607,0.975,0.970087064676617,4.247014925373135,5.965820586213393,115.52237302220935,0.019239745994275758,0.18565021187453076,0.0121875,0.0123125,0.01011010495823766
stardisplay,StarDisplay update,20022,5,0.0,0.012375621890547264,0.975,0.9573383084577115,3.8850124378109454,6.074993471991125,118.4643774043868,0.01628196564120027,0.1351382895849426,0.0098125,0.01,0.009599936773711348
stardisplay,StarDisplay update,20023,5,0.0,0.002674129353233831,0.9875,0.9841417910447762,4.469465174129353,5.804335887191825,108.98333195956172,0.017400180494442148,0.13033326662578168,0.0089375,0.0090625,0.011285375113878473
stardisplay,StarDisplay update,20024,5,0.0,0.022388059701492536,0.9875,0.9636194029850745,3.9457089552238807,6.024349895356851,116.43669494028282,0.014124375730774718,0.0937109541698852,0.0103125,0.0103125,0.008739127925248934
stardisplay,StarDisplay update,20025,5,0.0,0.029166666666666667,1.0,0.9496268656716419,3.614863184079602,6.20527968185195,123.32388255886102,0.013326893115125046,0.0999320395849426,0.0116875,0.011875,0.00997790797486424
stardisplay,StarDisplay update,20026,5,0.0375,0.03507462686567164,0.925,0.9281716417910447,4.571330845771144,5.732832205842715,106.53321730438913,0.015852873009318338,0.11733722654919507,0.01125,0.0113125,0.010850900177959108
stardisplay,StarDisplay update,20027,5,0.0,0.01455223880597015,0.9625,0.9501865671641792,4.285634328358209,5.997568991432479,115.90129718667451,0.017859957449646194,0.16603965765637124,0.012,0.0120625,0.015397509337488518
stardisplay,StarDisplay update,20028,5,0.0125,0.054975124378109454,0.9625,0.9204601990049751,3.6475124378109447,6.207862085788839,123.75103928040635,0.015333238694710264,0.128715317333318,0.0108125,0.0109375,0.01714704391726648
stardisplay,StarDisplay update,20029,5,0.0,0.013992537313432835,0.9625,0.9461442786069652,3.9699004975124383,6.0927282131492415,119.70069516126509,0.012998288766817237,0.08998097612514719,0.010562499999999999,0.01075,0.010029501134543355
stardisplay,StarDisplay update,20030,5,0.0,0.004477611940298507,1.0,0.9837686567164179,4.425,5.854100535367998,110.29775689389503,0.016445516078799006,0.12807166203136713,0.0110625,0.011125,0.00945307104281615
stardisplay,StarDisplay update,20031,5,0.025,0.03631840796019901,0.95,0.9232587064676616,4.390982587064676,5.896219931748259,112.57511220416525,0.016449756777216485,0.14032128613665318,0.011625,0.011625,0.007872797165043827
stardisplay,StarDisplay update,20032,5,0.0,0.12667910447761194,0.9,0.7827114427860697,3.8645522388059703,6.102233614999079,119.67396103522542,0.01396673042507903,0.09625149949757436,0.009875,0.01,0.01042914682537814
stardisplay,StarDisplay update,20033,5,0.05,0.05833333333333333,0.8625,0.8508706467661691,4.105845771144279,6.011068979175703,116.60095776385667,0.01568080439604898,0.12300514188060889,0.010375,0.010375,0.009671331612139674
stardisplay,StarDisplay update,20034,5,0.0,0.009701492537313432,0.925,0.9225124378109453,4.215485074626866,5.881221056489473,112.03075670140251,0.016611098558996992,0.13385214663380993,0.0113125,0.011375,0.0067006814970753305
stardisplay,StarDisplay update,20035,5,0.0,0.04259950248756219,1.0,0.9561567164179104,3.8769900497512437,6.099280945996821,119.6313223550006,0.015956626200830513,0.13052517240941328,0.011625,0.011625,0.014376644266130592
stardisplay,StarDisplay update,20036,5,0.0,0.0013681592039800996,0.975,0.9738184079601989,4.2031716417910445,5.935134682397964,113.50702148816299,0.018505868699613705,0.16176025732204508,0.0094375,0.0096875,0.011586854809122294
stardisplay,StarDisplay update,20037,5,0.0,0.024129353233830846,0.975,0.9491915422885573,4.14365671641791,6.061835800942553,118.2202462067939,0.016310183171566864,0.137229407625797,0.01075,0.01075,0.008442039842695785
stardisplay,StarDisplay update,20038,5,0.0,0.03619402985074627,1.0,0.8906716417910447,4.070833333333333,6.063796109596299,118.24134267737386,0.016324117272863946,0.13875867815215986,0.0129375,0.0130625,0.008996319305965122
stardisplay,StarDisplay update,20039,5,0.0,0.00914179104477612,0.925,0.9154850746268657,4.789987562189055,5.707318824295493,105.61247058810879,0.018010908434771992,0.14413298382508744,0.009125,0.0091875,0.007842172650328046
stardisplay,StarDisplay update,20040,5,0.0,0.011318407960199004,0.975,0.9566542288557214,4.3503731343283585,5.8389936443838595,109.68638158476884,0.01647238006414148,0.1244033085039961,0.01075,0.0109375,0.008360194705764951
stardisplay,StarDisplay update,20041,5,0.0,0.05161691542288558,0.9375,0.9197139303482587,4.0483830845771145,6.00735408833191,116.28162622491553,0.01682739590662143,0.14296670000643705,0.0099375,0.010249999999999999,0.010731466477190425
stardisplay,StarDisplay update,20042,5,0.0,0.014365671641791044,0.9875,0.9545398009950249,3.900124378109453,6.043675537412156,117.07333682947274,0.015327787461145551,0.11262395833333332,0.00975,0.00975,0.011573475466909117
stardisplay,StarDisplay update,20043,5,0.0,0.011442786069651743,0.8625,0.8467661691542288,4.733644278606965,5.6795985886537395,105.12025912309598,0.016914357451283092,0.13440329645135712,0.011125,0.01125,0.011912073094339417
stardisplay,StarDisplay update,20044,5,0.0,0.021393034825870648,0.9375,0.9268034825870647,3.9291666666666663,6.062437546391506,117.91065822956848,0.017443799368025033,0.14437266458494258,0.0109375,0.0110625,0.010136219364493385
stardisplay,StarDisplay update,20045,5,0.0,0.014614427860696517,0.9875,0.9674751243781096,4.568594527363184,5.7645819393075515,107.0649122805485,0.02018681716271424,0.18262388050318795,0.0095625,0.0096875,0.009870444917593053
stardisplay,StarDisplay update,20046,5,0.0,0.00783582089552239,0.9125,0.9072761194029851,4.298507462686567,5.917584876401482,113.42168860048655,0.0169775242742532,0.1467335120257219,0.0120625,0.012125,0.007228514328347794
stardisplay,StarDisplay update,20047,5,0.0,0.05217661691542289,0.9,0.866044776119403,3.864179104477612,6.0650621803783995,118.56676115148518,0.018362542644358,0.1714791555440729,0.01075,0.0108125,0.013900138772788275
stardisplay,StarDisplay update,20048,5,0.05,0.08712686567164178,0.875,0.864179104477612,3.8225746268656713,6.143223200748794,121.70466193688272,0.014950969297743732,0.11822395833333336,0.010687499999999999,0.0108125,0.012808487658441354
stardisplay,StarDisplay update,20049,5,0.0,0.00708955223880597,1.0,0.9669776119402986,4.386691542288558,5.914175510186,113.00080270766384,0.017541275560918078,0.14516758845382918,0.010499999999999999,0.010499999999999999,0.012075921238710244
