comparison,method,metric,estimand,n_pairs,n_bootstrap,paired_mean_difference,ci95_low,ci95_high
crmf - alf,crmf,final_fragmentation,equal-weight mean over five primary density cells,50,2000,0.002,0.0,0.006000000000000001
crmf - alf,crmf,mean_fragmentation,equal-weight mean over five primary density cells,50,2000,0.00025621890547263687,-0.00014679726368159167,0.0007748756218905476
crmf - alf,crmf,final_largest_scc_fraction,equal-weight mean over five primary density cells,50,2000,0.0030000000000000005,-0.005499999999999998,0.01275
crmf - alf,crmf,mean_largest_scc_fraction,equal-weight mean over five primary density cells,50,2000,0.004106965174129349,-0.0015087064676616935,0.010393563432835819
crmf - alf,crmf,mean_degree,equal-weight mean over five primary density cells,50,2000,-0.02784079601990058,-0.07353233830845782,0.015534888059701367
crmf - alf,crmf,mean_radius,equal-weight mean over five primary density cells,50,2000,0.06554420035320914,0.025847266417754807,0.10581777295303574
crmf - alf,crmf,mean_interaction_area,equal-weight mean over five primary density cells,50,2000,2.664559053947735,1.0435158069483217,4.291024115564189
crmf - alf,crmf,radius_temporal_variation,equal-weight mean over five primary density cells,50,2000,0.0007715283933765169,0.0005986795374403214,0.0009651940538570838
crmf - alf,crmf,radius_command_temporal_variation,equal-weight mean over five primary density cells,50,2000,0.00662219534308774,0.005475405906440723,0.008021929658506824
crmf - alf,crmf,neighbor_loss_rate,equal-weight mean over five primary density cells,50,2000,0.00014499999999999997,7.499999999999975e-06,0.00028125000000000003
crmf - alf,crmf,contact_break_rate,equal-weight mean over five primary density cells,50,2000,0.00017499999999999994,2.7468749999999902e-05,0.0003199999999999999
crmf - alf,crmf,control_energy,equal-weight mean over five primary density cells,50,2000,-1.2712289338710058e-05,-3.229864025957433e-05,1.5623346079127663e-07
stardisplay - alf,stardisplay,final_fragmentation,equal-weight mean over five primary density cells,50,2000,0.006999999999999999,0.0022500000000000003,0.01225
stardisplay - alf,stardisplay,mean_fragmentation,equal-weight mean over five primary density cells,50,2000,0.009312189054726368,0.003482182835820895,0.015096082089552237
stardisplay - alf,stardisplay,final_largest_scc_fraction,equal-weight mean over five primary density cells,50,2000,-0.04825,-0.06100625,-0.03525
stardisplay - alf,stardisplay,mean_largest_scc_fraction,equal-weight mean over five primary density cells,50,2000,-0.051764925373134325,-0.0643478855721393,-0.0400820895522388
stardisplay - alf,stardisplay,mean_degree,equal-weight mean over five primary density cells,50,2000,-1.1357773631840797,-1.2060360074626868,-1.0614635572139304
stardisplay - alf,stardisplay,mean_radius,equal-weight mean over five primary density cells,50,2000,-0.8791747408769603,-0.9137845928327669,-0.8405486690579269
stardisplay - alf,stardisplay,mean_interaction_area,equal-weight mean over five primary density cells,50,2000,-38.054285816555506,-39.515549642299646,-36.52020343749692
stardisplay - alf,stardisplay,radius_temporal_variation,equal-weight mean over five primary density cells,50,2000,0.015172350810154483,0.014790158072183136,0.01555581842367352
stardisplay - alf,stardisplay,radius_command_temporal_variation,equal-weight mean over five primary density cells,50,2000,0.13406023514486956,0.1279823163181593,0.140235378223697
stardisplay - alf,stardisplay,neighbor_loss_rate,equal-weight mean over five primary density cells,50,2000,0.008695,0.00841371875,0.008991281249999998
stardisplay - alf,stardisplay,contact_break_rate,equal-weight mean over five primary density cells,50,2000,0.008611249999999999,0.00834125,0.008921249999999999
stardisplay - alf,stardisplay,control_energy,equal-weight mean over five primary density cells,50,2000,0.0006703046054449225,0.00030599320209085583,0.0010686397023649586
density_oracle - alf,density_oracle,final_fragmentation,equal-weight mean over five primary density cells,50,2000,0.002,0.0,0.006000000000000001
density_oracle - alf,density_oracle,mean_fragmentation,equal-weight mean over five primary density cells,50,2000,0.0002624378109452737,-0.00011573383084577107,0.000783675373134328
density_oracle - alf,density_oracle,final_largest_scc_fraction,equal-weight mean over five primary density cells,50,2000,0.0049999999999999975,-0.0025,0.013999999999999997
density_oracle - alf,density_oracle,mean_largest_scc_fraction,equal-weight mean over five primary density cells,50,2000,0.005930348258706455,0.0013680970149253728,0.012083924129353206
density_oracle - alf,density_oracle,mean_degree,equal-weight mean over five primary density cells,50,2000,-0.24469527363184093,-0.34715743159204,-0.1454766791044778
density_oracle - alf,density_oracle,mean_radius,equal-weight mean over five primary density cells,50,2000,0.06868027608679972,0.0023964034400858624,0.1354928507417182
density_oracle - alf,density_oracle,mean_interaction_area,equal-weight mean over five primary density cells,50,2000,2.196808044011595,-0.2790615848949593,4.8193182537850525
density_oracle - alf,density_oracle,radius_temporal_variation,equal-weight mean over five primary density cells,50,2000,0.0018102614356778116,0.0015877283374998298,0.0020551137307491373
density_oracle - alf,density_oracle,radius_command_temporal_variation,equal-weight mean over five primary density cells,50,2000,0.00877025756256502,0.008568459639044162,0.008996059772709916
density_oracle - alf,density_oracle,neighbor_loss_rate,equal-weight mean over five primary density cells,50,2000,0.0015925,0.0013437187499999999,0.0018362812499999996
density_oracle - alf,density_oracle,contact_break_rate,equal-weight mean over five primary density cells,50,2000,0.0015787499999999999,0.00133365625,0.00181375
density_oracle - alf,density_oracle,control_energy,equal-weight mean over five primary density cells,50,2000,-1.3031786425159383e-05,-3.213058935026404e-05,-7.544529082344077e-07
knn_k6 - alf,knn_k6,final_fragmentation,equal-weight mean over five primary density cells,50,2000,0.0027500000000000003,-0.001,0.008
knn_k6 - alf,knn_k6,mean_fragmentation,equal-weight mean over five primary density cells,50,2000,-0.0009104477611940307,-0.0029568097014925384,0.001083364427860696
knn_k6 - alf,knn_k6,final_largest_scc_fraction,equal-weight mean over five primary density cells,50,2000,0.0030000000000000005,-0.0037499999999999977,0.010749999999999997
knn_k6 - alf,knn_k6,mean_largest_scc_fraction,equal-weight mean over five primary density cells,50,2000,0.006247512437810947,0.001335634328358216,0.011752549751243778
knn_k6 - alf,knn_k6,mean_degree,equal-weight mean over five primary density cells,50,2000,-0.3167300995024876,-0.37908274253731356,-0.2511246579601989
knn_k6 - alf,knn_k6,mean_radius,equal-weight mean over five primary density cells,50,2000,1.1389427316778322,1.0729641263868106,1.2070285021216411
knn_k6 - alf,knn_k6,mean_interaction_area,equal-weight mean over five primary density cells,50,2000,48.421011632958724,45.839712139211336,51.160451897134074
knn_k6 - alf,knn_k6,radius_temporal_variation,equal-weight mean over five primary density cells,50,2000,-0.0013779262779954268,-0.0014709273167107012,-0.0012855392255631606
knn_k6 - alf,knn_k6,radius_command_temporal_variation,equal-weight mean over five primary density cells,50,2000,-0.0016943498334425367,-0.0018124184137159696,-0.0015758355324655654
knn_k6 - alf,knn_k6,neighbor_loss_rate,equal-weight mean over five primary density cells,50,2000,-0.0012725,-0.0014275,-0.00111875
knn_k6 - alf,knn_k6,contact_break_rate,equal-weight mean over five primary density cells,50,2000,0.00062375,0.00043496874999999997,0.00079628125
knn_k6 - alf,knn_k6,control_energy,equal-weight mean over five primary density cells,50,2000,-0.00023116131742076566,-0.0004600381769135428,1.0478594088029765e-06
fixed_r8_retained - alf,fixed_r8_retained,final_fragmentation,equal-weight mean over five primary density cells,50,2000,0.0,0.0,0.0
fixed_r8_retained - alf,fixed_r8_retained,mean_fragmentation,equal-weight mean over five primary density cells,50,2000,-0.0003880597014925378,-0.0021121579601990066,0.0008173507462686557
fixed_r8_retained - alf,fixed_r8_retained,final_largest_scc_fraction,equal-weight mean over five primary density cells,50,2000,0.0069999999999999975,0.0007499999999999996,0.015999999999999997
fixed_r8_retained - alf,fixed_r8_retained,mean_largest_scc_fraction,equal-weight mean over five primary density cells,50,2000,0.007031094527363166,0.002526710199004954,0.012686131840795999
fixed_r8_retained - alf,fixed_r8_retained,mean_degree,equal-weight mean over five primary density cells,50,2000,1.6499738805970148,1.5436009017412935,1.7540223569651743
fixed_r8_retained - alf,fixed_r8_retained,mean_radius,equal-weight mean over five primary density cells,50,2000,0.8889427316778322,0.8198473409177506,0.9595461888656288
fixed_r8_retained - alf,fixed_r8_retained,mean_interaction_area,equal-weight mean over five primary density cells,50,2000,36.05099055944889,33.46913010298736,38.62494976298403
fixed_r8_retained - alf,fixed_r8_retained,radius_temporal_variation,equal-weight mean over five primary density cells,50,2000,-0.0013779262779954268,-0.0014705911120071033,-0.0012868509608660358
fixed_r8_retained - alf,fixed_r8_retained,radius_command_temporal_variation,equal-weight mean over five primary density cells,50,2000,-0.0016943498334425367,-0.0018085140210637762,-0.0015815358495695603
fixed_r8_retained - alf,fixed_r8_retained,neighbor_loss_rate,equal-weight mean over five primary density cells,50,2000,-0.00093875,-0.00107003125,-0.00080875
fixed_r8_retained - alf,fixed_r8_retained,contact_break_rate,equal-weight mean over five primary density cells,50,2000,-0.000915,-0.00104753125,-0.0007837187500000002
fixed_r8_retained - alf,fixed_r8_retained,control_energy,equal-weight mean over five primary density cells,50,2000,-5.422075566124696e-05,-0.00015126890769214392,9.574106194195309e-05
