comparison,method,half_width,density,metric,n_pairs,n_bootstrap,paired_mean_difference,ci95_low,ci95_high
crmf - alf,crmf,7.0,0.08163265306122448,final_fragmentation,50,2000,0.0,0.0,0.0
crmf - alf,crmf,7.0,0.08163265306122448,mean_fragmentation,50,2000,0.0,0.0,0.0
crmf - alf,crmf,7.0,0.08163265306122448,final_largest_scc_fraction,50,2000,0.0,0.0,0.0
crmf - alf,crmf,7.0,0.08163265306122448,mean_largest_scc_fraction,50,2000,0.0,0.0,0.0
crmf - alf,crmf,7.0,0.08163265306122448,mean_degree,50,2000,-0.4695771144278607,-0.6119059390547263,-0.3297207711442787
crmf - alf,crmf,7.0,0.08163265306122448,mean_radius,50,2000,-0.17239594650929363,-0.23319958580593825,-0.11351301389114414
crmf - alf,crmf,7.0,0.08163265306122448,mean_interaction_area,50,2000,-6.812624893592898,-8.68567902948272,-4.927317992107402
crmf - alf,crmf,7.0,0.08163265306122448,radius_temporal_variation,50,2000,0.0004893934031804804,0.00015290369760698024,0.0008355023585795123
crmf - alf,crmf,7.0,0.08163265306122448,radius_command_temporal_variation,50,2000,0.013658168616743255,0.00923993357780419,0.018649588839310532
crmf - alf,crmf,7.0,0.08163265306122448,neighbor_loss_rate,50,2000,0.0006625,0.00023125,0.0010939062499999992
crmf - alf,crmf,7.0,0.08163265306122448,contact_break_rate,50,2000,0.00075,0.000325,0.0012
crmf - alf,crmf,7.0,0.08163265306122448,control_energy,50,2000,3.3232231032160297e-06,-4.332154455223233e-06,1.1347833419555982e-05
stardisplay - alf,stardisplay,7.0,0.08163265306122448,final_fragmentation,50,2000,0.0,0.0,0.0
stardisplay - alf,stardisplay,7.0,0.08163265306122448,mean_fragmentation,50,2000,0.0,0.0,0.0
stardisplay - alf,stardisplay,7.0,0.08163265306122448,final_largest_scc_fraction,50,2000,-0.00375,-0.01125,0.0
stardisplay - alf,stardisplay,7.0,0.08163265306122448,mean_largest_scc_fraction,50,2000,-0.0036567164179104484,-0.010970149253731345,0.0
stardisplay - alf,stardisplay,7.0,0.08163265306122448,mean_degree,50,2000,-1.4701181592039803,-1.654106343283582,-1.2847804726368162
stardisplay - alf,stardisplay,7.0,0.08163265306122448,mean_radius,50,2000,-0.5791029284304274,-0.6429086904550638,-0.5151475233631864
stardisplay - alf,stardisplay,7.0,0.08163265306122448,mean_interaction_area,50,2000,-20.146578000945578,-22.28615983809264,-17.972494128706206
stardisplay - alf,stardisplay,7.0,0.08163265306122448,radius_temporal_variation,50,2000,0.016289174427324995,0.015583819554324299,0.017021530014441427
stardisplay - alf,stardisplay,7.0,0.08163265306122448,radius_command_temporal_variation,50,2000,0.14846676609801737,0.13649786699380453,0.1606788099165925
stardisplay - alf,stardisplay,7.0,0.08163265306122448,neighbor_loss_rate,50,2000,0.0161875,0.01558734375,0.0167875
stardisplay - alf,stardisplay,7.0,0.08163265306122448,contact_break_rate,50,2000,0.0159125,0.015299843750000002,0.016537656249999998
stardisplay - alf,stardisplay,7.0,0.08163265306122448,control_energy,50,2000,-0.00015576249679648293,-0.0002360073102942721,-7.885777268360366e-05
density_oracle - alf,density_oracle,7.0,0.08163265306122448,final_fragmentation,50,2000,0.0,0.0,0.0
density_oracle - alf,density_oracle,7.0,0.08163265306122448,mean_fragmentation,50,2000,0.0,0.0,0.0
density_oracle - alf,density_oracle,7.0,0.08163265306122448,final_largest_scc_fraction,50,2000,0.0,0.0,0.0
density_oracle - alf,density_oracle,7.0,0.08163265306122448,mean_largest_scc_fraction,50,2000,-0.0002425373134328357,-0.0007276119402985071,0.0
density_oracle - alf,density_oracle,7.0,0.08163265306122448,mean_degree,50,2000,-1.1820087064676619,-1.4024819651741292,-0.9656138059701491
density_oracle - alf,density_oracle,7.0,0.08163265306122448,mean_radius,50,2000,-0.3129186807533231,-0.3967562505348444,-0.22698418946465782
density_oracle - alf,density_oracle,7.0,0.08163265306122448,mean_interaction_area,50,2000,-12.846139068411647,-15.40335719586383,-10.326309494638656
density_oracle - alf,density_oracle,7.0,0.08163265306122448,radius_temporal_variation,50,2000,0.0020328474252326776,0.0017128826761549998,0.002340656640518205
density_oracle - alf,density_oracle,7.0,0.08163265306122448,radius_command_temporal_variation,50,2000,0.0025249406344754616,0.0021990316904853474,0.0028329623529635907
density_oracle - alf,density_oracle,7.0,0.08163265306122448,neighbor_loss_rate,50,2000,0.00466875,0.00396859375,0.00540015625
density_oracle - alf,density_oracle,7.0,0.08163265306122448,contact_break_rate,50,2000,0.0046812500000000005,0.00399359375,0.005375
density_oracle - alf,density_oracle,7.0,0.08163265306122448,control_energy,50,2000,-4.203074668637212e-06,-1.0375124626232114e-05,1.4484503956146227e-06
knn_k6 - alf,knn_k6,7.0,0.08163265306122448,final_fragmentation,50,2000,0.0,0.0,0.0
knn_k6 - alf,knn_k6,7.0,0.08163265306122448,mean_fragmentation,50,2000,0.0,0.0,0.0
knn_k6 - alf,knn_k6,7.0,0.08163265306122448,final_largest_scc_fraction,50,2000,0.0,0.0,0.0
knn_k6 - alf,knn_k6,7.0,0.08163265306122448,mean_largest_scc_fraction,50,2000,-2.4875621890547707e-05,-7.462686567164312e-05,0.0
knn_k6 - alf,knn_k6,7.0,0.08163265306122448,mean_degree,50,2000,-1.265292288557214,-1.4228913246268657,-1.1135323383084579
knn_k6 - alf,knn_k6,7.0,0.08163265306122448,mean_radius,50,2000,1.8332596811637771,1.7540172560971017,1.9193793597397975
knn_k6 - alf,knn_k6,7.0,0.08163265306122448,mean_interaction_area,50,2000,66.988631186801,64.32184047955275,69.77664927386994
knn_k6 - alf,knn_k6,7.0,0.08163265306122448,radius_temporal_variation,50,2000,-0.0021675404421489016,-0.002369266222219378,-0.001971206573491741
knn_k6 - alf,knn_k6,7.0,0.08163265306122448,radius_command_temporal_variation,50,2000,-0.002628366597755285,-0.0028637976957249017,-0.0023905190959969077
knn_k6 - alf,knn_k6,7.0,0.08163265306122448,neighbor_loss_rate,50,2000,-0.0032687500000000004,-0.0036875000000000002,-0.002887343750000001
knn_k6 - alf,knn_k6,7.0,0.08163265306122448,contact_break_rate,50,2000,0.00059375,6.234374999999998e-05,0.0010875
knn_k6 - alf,knn_k6,7.0,0.08163265306122448,control_energy,50,2000,4.7487269812114885e-05,-1.9599262787545058e-05,0.00011102220355550384
fixed_r8_retained - alf,fixed_r8_retained,7.0,0.08163265306122448,final_fragmentation,50,2000,0.0,0.0,0.0
fixed_r8_retained - alf,fixed_r8_retained,7.0,0.08163265306122448,mean_fragmentation,50,2000,0.0,0.0,0.0
fixed_r8_retained - alf,fixed_r8_retained,7.0,0.08163265306122448,final_largest_scc_fraction,50,2000,0.0,0.0,0.0
fixed_r8_retained - alf,fixed_r8_retained,7.0,0.08163265306122448,mean_largest_scc_fraction,50,2000,0.0,0.0,0.0
fixed_r8_retained - alf,fixed_r8_retained,7.0,0.08163265306122448,mean_degree,50,2000,4.072157960199005,3.8605584577114436,4.294996890547264
fixed_r8_retained - alf,fixed_r8_retained,7.0,0.08163265306122448,mean_radius,50,2000,1.5832596811637771,1.5017556227797964,1.666732979540788
fixed_r8_retained - alf,fixed_r8_retained,7.0,0.08163265306122448,mean_interaction_area,50,2000,56.189406440086074,53.457875260968756,58.897225923063395
fixed_r8_retained - alf,fixed_r8_retained,7.0,0.08163265306122448,radius_temporal_variation,50,2000,-0.0021675404421489016,-0.0023642666116421643,-0.0019698458977322523
fixed_r8_retained - alf,fixed_r8_retained,7.0,0.08163265306122448,radius_command_temporal_variation,50,2000,-0.002628366597755285,-0.0028639058079208157,-0.002388092103716291
fixed_r8_retained - alf,fixed_r8_retained,7.0,0.08163265306122448,neighbor_loss_rate,50,2000,-0.0019312499999999998,-0.00233125,-0.0015375
fixed_r8_retained - alf,fixed_r8_retained,7.0,0.08163265306122448,contact_break_rate,50,2000,-0.0019500000000000001,-0.0023750000000000004,-0.001518593750000001
fixed_r8_retained - alf,fixed_r8_retained,7.0,0.08163265306122448,control_energy,50,2000,-0.00014236386328553158,-0.00021912569543614536,-6.041996382499545e-05
crmf - alf,crmf,9.0,0.04938271604938271,final_fragmentation,50,2000,0.0,0.0,0.0
crmf - alf,crmf,9.0,0.04938271604938271,mean_fragmentation,50,2000,0.0,0.0,0.0
crmf - alf,crmf,9.0,0.04938271604938271,final_largest_scc_fraction,50,2000,0.00625,0.0,0.01875
crmf - alf,crmf,9.0,0.04938271604938271,mean_largest_scc_fraction,50,2000,0.005907960199004976,0.0,0.017723880597014928
crmf - alf,crmf,9.0,0.04938271604938271,mean_degree,50,2000,-0.1922014925373134,-0.302532027363184,-0.08972870024875619
crmf - alf,crmf,9.0,0.04938271604938271,mean_radius,50,2000,-0.0770290295035303,-0.14868856895490742,-0.003199647205045975
crmf - alf,crmf,9.0,0.04938271604938271,mean_interaction_area,50,2000,-4.871342802756235,-7.687381276824647,-1.872140615321427
crmf - alf,crmf,9.0,0.04938271604938271,radius_temporal_variation,50,2000,0.0013471168068380163,0.0010114418121932507,0.0017420409682996384
crmf - alf,crmf,9.0,0.04938271604938271,radius_command_temporal_variation,50,2000,0.01138957906995288,0.009132607132623429,0.014809727790994702
crmf - alf,crmf,9.0,0.04938271604938271,neighbor_loss_rate,50,2000,0.00075625,0.00036234375,0.00111875
crmf - alf,crmf,9.0,0.04938271604938271,contact_break_rate,50,2000,0.000775,0.00041874999999999996,0.0011751562499999993
crmf - alf,crmf,9.0,0.04938271604938271,control_energy,50,2000,-6.056821523639493e-06,-1.735315656391603e-05,3.7303041414812653e-06
stardisplay - alf,stardisplay,9.0,0.04938271604938271,final_fragmentation,50,2000,0.0,0.0,0.0
stardisplay - alf,stardisplay,9.0,0.04938271604938271,mean_fragmentation,50,2000,0.0,0.0,0.0
stardisplay - alf,stardisplay,9.0,0.04938271604938271,final_largest_scc_fraction,50,2000,0.00125,-0.01125,0.0175
stardisplay - alf,stardisplay,9.0,0.04938271604938271,mean_largest_scc_fraction,50,2000,0.0010883084577114422,-0.012095771144278608,0.01744869402985072
stardisplay - alf,stardisplay,9.0,0.04938271604938271,mean_degree,50,2000,-1.5842537313432836,-1.7434528917910448,-1.4226859452736316
stardisplay - alf,stardisplay,9.0,0.04938271604938271,mean_radius,50,2000,-0.8136276295368701,-0.9048204339060475,-0.7293147667760327
stardisplay - alf,stardisplay,9.0,0.04938271604938271,mean_interaction_area,50,2000,-34.606425638078925,-38.090325136624266,-31.01589971828063
stardisplay - alf,stardisplay,9.0,0.04938271604938271,radius_temporal_variation,50,2000,0.018483394428586618,0.017432164808738587,0.01942444681553773
stardisplay - alf,stardisplay,9.0,0.04938271604938271,radius_command_temporal_variation,50,2000,0.16658243864347963,0.1522542154012535,0.18129961241344703
stardisplay - alf,stardisplay,9.0,0.04938271604938271,neighbor_loss_rate,50,2000,0.01349375,0.01292484375,0.014037500000000001
stardisplay - alf,stardisplay,9.0,0.04938271604938271,contact_break_rate,50,2000,0.01336875,0.01279359375,0.0139375
stardisplay - alf,stardisplay,9.0,0.04938271604938271,control_energy,50,2000,-0.0001575637344380398,-0.00022187999563057743,-9.459581787845094e-05
density_oracle - alf,density_oracle,9.0,0.04938271604938271,final_fragmentation,50,2000,0.0,0.0,0.0
density_oracle - alf,density_oracle,9.0,0.04938271604938271,mean_fragmentation,50,2000,0.0,0.0,0.0
density_oracle - alf,density_oracle,9.0,0.04938271604938271,final_largest_scc_fraction,50,2000,0.00625,0.0,0.01875
density_oracle - alf,density_oracle,9.0,0.04938271604938271,mean_largest_scc_fraction,50,2000,0.005758706467661692,-0.00044776119402985205,0.017723880597014928
density_oracle - alf,density_oracle,9.0,0.04938271604938271,mean_degree,50,2000,-0.8332587064676616,-1.0227994402985072,-0.653729633084577
density_oracle - alf,density_oracle,9.0,0.04938271604938271,mean_radius,50,2000,-0.2286809995321187,-0.3357736817545124,-0.1294915090577676
density_oracle - alf,density_oracle,9.0,0.04938271604938271,mean_interaction_area,50,2000,-13.620604233912074,-17.797702332875144,-9.769832139778309
density_oracle - alf,density_oracle,9.0,0.04938271604938271,radius_temporal_variation,50,2000,0.0034113372517470012,0.003049471406093307,0.0037921255540750228
density_oracle - alf,density_oracle,9.0,0.04938271604938271,radius_command_temporal_variation,50,2000,0.008770393559123598,0.00829011694562638,0.00922302886510994
density_oracle - alf,density_oracle,9.0,0.04938271604938271,neighbor_loss_rate,50,2000,0.0040125,0.0034248437500000004,0.00456875
density_oracle - alf,density_oracle,9.0,0.04938271604938271,contact_break_rate,50,2000,0.00394375,0.00333125,0.004543906249999999
density_oracle - alf,density_oracle,9.0,0.04938271604938271,control_energy,50,2000,-3.6579505426770355e-06,-1.320700456304825e-05,6.200875105922671e-06
knn_k6 - alf,knn_k6,9.0,0.04938271604938271,final_fragmentation,50,2000,0.0,0.0,0.0
knn_k6 - alf,knn_k6,9.0,0.04938271604938271,mean_fragmentation,50,2000,0.0,0.0,0.0
knn_k6 - alf,knn_k6,9.0,0.04938271604938271,final_largest_scc_fraction,50,2000,0.00625,0.0,0.01875
knn_k6 - alf,knn_k6,9.0,0.04938271604938271,mean_largest_scc_fraction,50,2000,0.005883084577114428,-5.597014925373235e-05,0.01771766169154229
knn_k6 - alf,knn_k6,9.0,0.04938271604938271,mean_degree,50,2000,-0.8379291044776118,-0.9936847014925373,-0.6892173507462686
knn_k6 - alf,knn_k6,9.0,0.04938271604938271,mean_radius,50,2000,1.786713418752017,1.676705897402063,1.9000212618660188
knn_k6 - alf,knn_k6,9.0,0.04938271604938271,mean_interaction_area,50,2000,77.96289814679687,73.70839024351876,82.19664193438392
knn_k6 - alf,knn_k6,9.0,0.04938271604938271,radius_temporal_variation,50,2000,-0.002177349254010074,-0.0024101829829706375,-0.0019542614695685166
knn_k6 - alf,knn_k6,9.0,0.04938271604938271,radius_command_temporal_variation,50,2000,-0.0026184370510870174,-0.002949628696046721,-0.0023110079897682746
knn_k6 - alf,knn_k6,9.0,0.04938271604938271,neighbor_loss_rate,50,2000,-0.00280625,-0.0031562499999999998,-0.0024375
knn_k6 - alf,knn_k6,9.0,0.04938271604938271,contact_break_rate,50,2000,0.0004625,5.000000000000001e-05,0.0008501562499999992
knn_k6 - alf,knn_k6,9.0,0.04938271604938271,control_energy,50,2000,1.5723054163794408e-06,-7.103248344103473e-05,6.999560580976377e-05
fixed_r8_retained - alf,fixed_r8_retained,9.0,0.04938271604938271,final_fragmentation,50,2000,0.0,0.0,0.0
fixed_r8_retained - alf,fixed_r8_retained,9.0,0.04938271604938271,mean_fragmentation,50,2000,0.0,0.0,0.0
fixed_r8_retained - alf,fixed_r8_retained,9.0,0.04938271604938271,final_largest_scc_fraction,50,2000,0.00625,0.0,0.01875
fixed_r8_retained - alf,fixed_r8_retained,9.0,0.04938271604938271,mean_largest_scc_fraction,50,2000,0.005907960199004976,0.0,0.017723880597014928
fixed_r8_retained - alf,fixed_r8_retained,9.0,0.04938271604938271,mean_degree,50,2000,2.7358146766169154,2.509852300995025,2.9789536691542287
fixed_r8_retained - alf,fixed_r8_retained,9.0,0.04938271604938271,mean_radius,50,2000,1.536713418752017,1.426502894584927,1.6470336649964534
fixed_r8_retained - alf,fixed_r8_retained,9.0,0.04938271604938271,mean_interaction_area,50,2000,65.20017799158833,60.9043874755804,69.2446225003168
fixed_r8_retained - alf,fixed_r8_retained,9.0,0.04938271604938271,radius_temporal_variation,50,2000,-0.002177349254010074,-0.002430665752723907,-0.0019383077013514043
fixed_r8_retained - alf,fixed_r8_retained,9.0,0.04938271604938271,radius_command_temporal_variation,50,2000,-0.0026184370510870174,-0.002951135863399734,-0.002289372100332076
fixed_r8_retained - alf,fixed_r8_retained,9.0,0.04938271604938271,neighbor_loss_rate,50,2000,-0.0016625000000000001,-0.00205,-0.0012812500000000003
fixed_r8_retained - alf,fixed_r8_retained,9.0,0.04938271604938271,contact_break_rate,50,2000,-0.0015437500000000002,-0.0019625000000000003,-0.00113125
fixed_r8_retained - alf,fixed_r8_retained,9.0,0.04938271604938271,control_energy,50,2000,-0.0001577619910681905,-0.00023271319672836874,-8.883023615853339e-05
crmf - alf,crmf,11.0,0.03305785123966942,final_fragmentation,50,2000,0.0,0.0,0.0
crmf - alf,crmf,11.0,0.03305785123966942,mean_fragmentation,50,2000,0.0,0.0,0.0
crmf - alf,crmf,11.0,0.03305785123966942,final_largest_scc_fraction,50,2000,0.0,-0.01125,0.01125
crmf - alf,crmf,11.0,0.03305785123966942,mean_largest_scc_fraction,50,2000,-0.0009639303482587058,-0.010883084577114429,0.008016169154228859
crmf - alf,crmf,11.0,0.03305785123966942,mean_degree,50,2000,0.25992537313432834,0.1932573072139303,0.3257294776119401
crmf - alf,crmf,11.0,0.03305785123966942,mean_radius,50,2000,0.21286500671153902,0.14652851833585553,0.27907005747910546
crmf - alf,crmf,11.0,0.03305785123966942,mean_interaction_area,50,2000,8.635988245702526,5.571194532255397,11.664499635723233
crmf - alf,crmf,11.0,0.03305785123966942,radius_temporal_variation,50,2000,0.0009048087126316151,0.0005695173611884803,0.0012522202322693386
crmf - alf,crmf,11.0,0.03305785123966942,radius_command_temporal_variation,50,2000,0.005699100716205715,0.004725060671423803,0.006756601206034013
crmf - alf,crmf,11.0,0.03305785123966942,neighbor_loss_rate,50,2000,-0.00034375000000000003,-0.0005814062500000001,-0.00010625000000000005
crmf - alf,crmf,11.0,0.03305785123966942,contact_break_rate,50,2000,-0.0003,-0.00055,-5.6250000000000026e-05
crmf - alf,crmf,11.0,0.03305785123966942,control_energy,50,2000,-2.970215554959129e-06,-1.1866042536527087e-05,6.59472871239454e-06
stardisplay - alf,stardisplay,11.0,0.03305785123966942,final_fragmentation,50,2000,0.0,0.0,0.0
stardisplay - alf,stardisplay,11.0,0.03305785123966942,mean_fragmentation,50,2000,0.0,0.0,0.0
stardisplay - alf,stardisplay,11.0,0.03305785123966942,final_largest_scc_fraction,50,2000,-0.015,-0.03875,0.0025
stardisplay - alf,stardisplay,11.0,0.03305785123966942,mean_largest_scc_fraction,50,2000,-0.016784825870646766,-0.0392540422885572,-0.002350590796019899
stardisplay - alf,stardisplay,11.0,0.03305785123966942,mean_degree,50,2000,-1.2644589552238805,-1.3852653917910447,-1.144052394278607
stardisplay - alf,stardisplay,11.0,0.03305785123966942,mean_radius,50,2000,-1.0335741680111878,-1.107573058804817,-0.9581014385073852
stardisplay - alf,stardisplay,11.0,0.03305785123966942,mean_interaction_area,50,2000,-45.34453690917253,-48.51132928108802,-42.12009104864339
stardisplay - alf,stardisplay,11.0,0.03305785123966942,radius_temporal_variation,50,2000,0.015865510342303893,0.014754200296472968,0.01691174382957494
stardisplay - alf,stardisplay,11.0,0.03305785123966942,radius_command_temporal_variation,50,2000,0.13770738297870413,0.12212779106000936,0.15583374921027152
stardisplay - alf,stardisplay,11.0,0.03305785123966942,neighbor_loss_rate,50,2000,0.00798125,0.0073810937500000005,0.008587656249999999
stardisplay - alf,stardisplay,11.0,0.03305785123966942,contact_break_rate,50,2000,0.007925,0.007306249999999999,0.0085375
stardisplay - alf,stardisplay,11.0,0.03305785123966942,control_energy,50,2000,-9.002517748157355e-05,-0.00015964342091586586,-3.202233845080542e-05
density_oracle - alf,density_oracle,11.0,0.03305785123966942,final_fragmentation,50,2000,0.0,0.0,0.0
density_oracle - alf,density_oracle,11.0,0.03305785123966942,mean_fragmentation,50,2000,0.0,0.0,0.0
density_oracle - alf,density_oracle,11.0,0.03305785123966942,final_largest_scc_fraction,50,2000,0.00375,0.0,0.01125
density_oracle - alf,density_oracle,11.0,0.03305785123966942,mean_largest_scc_fraction,50,2000,0.002674129353233832,-0.0001119402985074647,0.00813432835820896
density_oracle - alf,density_oracle,11.0,0.03305785123966942,mean_degree,50,2000,0.4374067164179104,0.31863137437810946,0.5610743159203979
density_oracle - alf,density_oracle,11.0,0.03305785123966942,mean_radius,50,2000,0.4126230476837128,0.32079667966898345,0.512813173035931
density_oracle - alf,density_oracle,11.0,0.03305785123966942,mean_interaction_area,50,2000,16.083759005838683,12.165276770415684,20.066272679011156
density_oracle - alf,density_oracle,11.0,0.03305785123966942,radius_temporal_variation,50,2000,0.0023084240937638447,0.0018633276192924237,0.0027822395534131306
density_oracle - alf,density_oracle,11.0,0.03305785123966942,radius_command_temporal_variation,50,2000,0.013855425890888427,0.013337765907033368,0.014324915855071127
density_oracle - alf,density_oracle,11.0,0.03305785123966942,neighbor_loss_rate,50,2000,-0.0003,-0.00055640625,-5e-05
density_oracle - alf,density_oracle,11.0,0.03305785123966942,contact_break_rate,50,2000,-0.00030624999999999994,-0.00054375,-6.874999999999996e-05
density_oracle - alf,density_oracle,11.0,0.03305785123966942,control_energy,50,2000,4.521604818557185e-06,-6.002275902218148e-06,1.5671382065355773e-05
knn_k6 - alf,knn_k6,11.0,0.03305785123966942,final_fragmentation,50,2000,0.0,0.0,0.0
knn_k6 - alf,knn_k6,11.0,0.03305785123966942,mean_fragmentation,50,2000,0.0,0.0,0.0
knn_k6 - alf,knn_k6,11.0,0.03305785123966942,final_largest_scc_fraction,50,2000,0.00375,0.0,0.01125
knn_k6 - alf,knn_k6,11.0,0.03305785123966942,mean_largest_scc_fraction,50,2000,0.0025746268656716433,-0.0010572139303482574,0.008787313432835824
knn_k6 - alf,knn_k6,11.0,0.03305785123966942,mean_degree,50,2000,0.10432835820895528,0.0009359452736318571,0.20861971393034826
knn_k6 - alf,knn_k6,11.0,0.03305785123966942,mean_radius,50,2000,1.0803303928865835,0.9838257088085329,1.178436635087759
knn_k6 - alf,knn_k6,11.0,0.03305785123966942,mean_interaction_area,50,2000,49.20786244666043,45.21439906975621,53.38965996978862
knn_k6 - alf,knn_k6,11.0,0.03305785123966942,radius_temporal_variation,50,2000,-0.0016292087702387747,-0.001869827326347111,-0.0014017418195105696
knn_k6 - alf,knn_k6,11.0,0.03305785123966942,radius_command_temporal_variation,50,2000,-0.0020408374598565693,-0.002412708072090289,-0.0016755365142158908
knn_k6 - alf,knn_k6,11.0,0.03305785123966942,neighbor_loss_rate,50,2000,-0.00121875,-0.0015562500000000001,-0.0009125
knn_k6 - alf,knn_k6,11.0,0.03305785123966942,contact_break_rate,50,2000,0.00051875,0.00022500000000000005,0.0008001562499999992
knn_k6 - alf,knn_k6,11.0,0.03305785123966942,control_energy,50,2000,-4.5642018075674246e-05,-0.00010974284514030313,1.6923184471123476e-05
fixed_r8_retained - alf,fixed_r8_retained,11.0,0.03305785123966942,final_fragmentation,50,2000,0.0,0.0,0.0
fixed_r8_retained - alf,fixed_r8_retained,11.0,0.03305785123966942,mean_fragmentation,50,2000,0.0,0.0,0.0
fixed_r8_retained - alf,fixed_r8_retained,11.0,0.03305785123966942,final_largest_scc_fraction,50,2000,0.00375,0.0,0.01125
fixed_r8_retained - alf,fixed_r8_retained,11.0,0.03305785123966942,mean_largest_scc_fraction,50,2000,0.002935323383084578,0.0,0.008799751243781097
fixed_r8_retained - alf,fixed_r8_retained,11.0,0.03305785123966942,mean_degree,50,2000,1.061044776119403,0.9139396766169154,1.2009757462686568
fixed_r8_retained - alf,fixed_r8_retained,11.0,0.03305785123966942,mean_radius,50,2000,0.8303303928865834,0.7325202678552847,0.9298969650079194
fixed_r8_retained - alf,fixed_r8_retained,11.0,0.03305785123966942,mean_interaction_area,50,2000,36.44514229145189,32.36235163397706,40.275591688268975
fixed_r8_retained - alf,fixed_r8_retained,11.0,0.03305785123966942,radius_temporal_variation,50,2000,-0.0016292087702387747,-0.001871307194909985,-0.00139502241586297
fixed_r8_retained - alf,fixed_r8_retained,11.0,0.03305785123966942,radius_command_temporal_variation,50,2000,-0.0020408374598565693,-0.00240972169258119,-0.0016865831985462003
fixed_r8_retained - alf,fixed_r8_retained,11.0,0.03305785123966942,neighbor_loss_rate,50,2000,-0.00091875,-0.0012125,-0.000625
fixed_r8_retained - alf,fixed_r8_retained,11.0,0.03305785123966942,contact_break_rate,50,2000,-0.0009,-0.0012125,-0.0006
fixed_r8_retained - alf,fixed_r8_retained,11.0,0.03305785123966942,control_energy,50,2000,-0.00010711458170410815,-0.00017236774695073264,-4.549294634426447e-05
crmf - alf,crmf,14.0,0.02040816326530612,final_fragmentation,50,2000,0.0,0.0,0.0
crmf - alf,crmf,14.0,0.02040816326530612,mean_fragmentation,50,2000,6.840796019900498e-05,0.0,0.00018656716417910445
crmf - alf,crmf,14.0,0.02040816326530612,final_largest_scc_fraction,50,2000,-0.00125,-0.0125,0.01
crmf - alf,crmf,14.0,0.02040816326530612,mean_largest_scc_fraction,50,2000,-0.000634328358208962,-0.01044931592039802,0.009335043532338265
crmf - alf,crmf,14.0,0.02040816326530612,mean_degree,50,2000,0.18799129353233826,0.1445306281094527,0.23358644278606963
crmf - alf,crmf,14.0,0.02040816326530612,mean_radius,50,2000,0.23088598029010124,0.18151012781100426,0.2882037100971121
crmf - alf,crmf,14.0,0.02040816326530612,mean_interaction_area,50,2000,10.235444929722549,7.955378632716247,12.718057068612074
crmf - alf,crmf,14.0,0.02040816326530612,radius_temporal_variation,50,2000,0.0007399458418077409,0.0005267237621387182,0.0009734135280269321
crmf - alf,crmf,14.0,0.02040816326530612,radius_command_temporal_variation,50,2000,0.001865487954625538,0.0013588805143181803,0.002396299388188254
crmf - alf,crmf,14.0,0.02040816326530612,neighbor_loss_rate,50,2000,-0.0002875,-0.00045625,-0.0001375
crmf - alf,crmf,14.0,0.02040816326530612,contact_break_rate,50,2000,-0.0002875,-0.00045625,-0.00013749999999999998
crmf - alf,crmf,14.0,0.02040816326530612,control_energy,50,2000,-1.1754313537856095e-05,-3.2772736283394975e-05,3.094870494186261e-06
stardisplay - alf,stardisplay,14.0,0.02040816326530612,final_fragmentation,50,2000,0.0075,0.0,0.02
stardisplay - alf,stardisplay,14.0,0.02040816326530612,mean_fragmentation,50,2000,0.018799751243781096,0.004968128109452736,0.03856576492537312
stardisplay - alf,stardisplay,14.0,0.02040816326530612,final_largest_scc_fraction,50,2000,-0.0975,-0.135,-0.06375
stardisplay - alf,stardisplay,14.0,0.02040816326530612,mean_largest_scc_fraction,50,2000,-0.1185136815920398,-0.1542129975124378,-0.08564412313432837
stardisplay - alf,stardisplay,14.0,0.02040816326530612,mean_degree,50,2000,-0.8806654228855721,-0.9779855410447762,-0.7840172574626865
stardisplay - alf,stardisplay,14.0,0.02040816326530612,mean_radius,50,2000,-1.0372606763045544,-1.087083453500526,-0.9857231614793844
stardisplay - alf,stardisplay,14.0,0.02040816326530612,mean_interaction_area,50,2000,-47.07002663305877,-49.29340680537003,-44.80983313912312
stardisplay - alf,stardisplay,14.0,0.02040816326530612,radius_temporal_variation,50,2000,0.013339992773379153,0.012597232368481929,0.014069920715204421
stardisplay - alf,stardisplay,14.0,0.02040816326530612,radius_command_temporal_variation,50,2000,0.11445543986984004,0.10391801266230008,0.1251440532826084
stardisplay - alf,stardisplay,14.0,0.02040816326530612,neighbor_loss_rate,50,2000,0.00408125,0.0036375,0.0045375
stardisplay - alf,stardisplay,14.0,0.02040816326530612,contact_break_rate,50,2000,0.00409375,0.0036375,0.004568906249999999
stardisplay - alf,stardisplay,14.0,0.02040816326530612,control_energy,50,2000,9.623511697935404e-05,-4.347992767647214e-05,0.00025753092631601126
density_oracle - alf,density_oracle,14.0,0.02040816326530612,final_fragmentation,50,2000,0.0,0.0,0.0
density_oracle - alf,density_oracle,14.0,0.02040816326530612,mean_fragmentation,50,2000,6.840796019900498e-05,0.0,0.00018656716417910445
density_oracle - alf,density_oracle,14.0,0.02040816326530612,final_largest_scc_fraction,50,2000,0.005,0.0,0.01375
density_oracle - alf,density_oracle,14.0,0.02040816326530612,mean_largest_scc_fraction,50,2000,0.005254975124378105,0.00030457089552238465,0.013141013681592035
density_oracle - alf,density_oracle,14.0,0.02040816326530612,mean_degree,50,2000,0.2737375621890547,0.2210234763681592,0.3333560323383084
density_oracle - alf,density_oracle,14.0,0.02040816326530612,mean_radius,50,2000,0.3320761027545149,0.27045999581482977,0.39545585602390926
density_oracle - alf,density_oracle,14.0,0.02040816326530612,mean_interaction_area,50,2000,14.902628483110721,12.217425616108827,17.6753884028435
density_oracle - alf,density_oracle,14.0,0.02040816326530612,radius_temporal_variation,50,2000,0.0009188927264449622,0.000669872349669644,0.0011865818766385408
density_oracle - alf,density_oracle,14.0,0.02040816326530612,radius_command_temporal_variation,50,2000,0.011909596046988552,0.011486884064503608,0.012323171888977667
density_oracle - alf,density_oracle,14.0,0.02040816326530612,neighbor_loss_rate,50,2000,-0.00035624999999999996,-0.00051875,-0.00021250000000000002
density_oracle - alf,density_oracle,14.0,0.02040816326530612,contact_break_rate,50,2000,-0.0003625,-0.00053125,-0.00021250000000000002
density_oracle - alf,density_oracle,14.0,0.02040816326530612,control_energy,50,2000,-1.4675602917473604e-05,-3.4877289369397786e-05,1.5916547574131187e-07
knn_k6 - alf,knn_k6,14.0,0.02040816326530612,final_fragmentation,50,2000,0.0,0.0,0.0
knn_k6 - alf,knn_k6,14.0,0.02040816326530612,mean_fragmentation,50,2000,0.00036069651741293534,-0.0004914490049751244,0.0013992537313432835
knn_k6 - alf,knn_k6,14.0,0.02040816326530612,final_largest_scc_fraction,50,2000,-0.00125,-0.0125,0.01
knn_k6 - alf,knn_k6,14.0,0.02040816326530612,mean_largest_scc_fraction,50,2000,-0.00022388059701492491,-0.011784981343283582,0.010289645522388043
knn_k6 - alf,knn_k6,14.0,0.02040816326530612,mean_degree,50,2000,0.24951492537313424,0.1936943407960198,0.3087986629353233
knn_k6 - alf,knn_k6,14.0,0.02040816326530612,mean_radius,50,2000,0.5977807268637305,0.5335025850177714,0.6675775798094086
knn_k6 - alf,knn_k6,14.0,0.02040816326530612,mean_interaction_area,50,2000,28.413239064523975,25.595064601480917,31.314430968638117
knn_k6 - alf,knn_k6,14.0,0.02040816326530612,radius_temporal_variation,50,2000,-0.0006594219964198788,-0.0008565810955254384,-0.0004868752551170164
knn_k6 - alf,knn_k6,14.0,0.02040816326530612,radius_command_temporal_variation,50,2000,-0.0009099228594871063,-0.0011663837204654779,-0.0006540131481317385
knn_k6 - alf,knn_k6,14.0,0.02040816326530612,neighbor_loss_rate,50,2000,0.00034375000000000003,0.00013125000000000002,0.00056875
knn_k6 - alf,knn_k6,14.0,0.02040816326530612,contact_break_rate,50,2000,0.0008625000000000001,0.0006000000000000001,0.00111875
knn_k6 - alf,knn_k6,14.0,0.02040816326530612,control_energy,50,2000,-0.00024181583777910319,-0.000408466652105554,-0.00010334825919772536
fixed_r8_retained - alf,fixed_r8_retained,14.0,0.02040816326530612,final_fragmentation,50,2000,0.0,0.0,0.0
fixed_r8_retained - alf,fixed_r8_retained,14.0,0.02040816326530612,mean_fragmentation,50,2000,0.0002300995024875622,-7.462686567164178e-05,0.0005970149253731343
fixed_r8_retained - alf,fixed_r8_retained,14.0,0.02040816326530612,final_largest_scc_fraction,50,2000,0.005,0.0,0.015
fixed_r8_retained - alf,fixed_r8_retained,14.0,0.02040816326530612,mean_largest_scc_fraction,50,2000,0.005995024875621891,0.0008578980099502441,0.014639303482587063
fixed_r8_retained - alf,fixed_r8_retained,14.0,0.02040816326530612,mean_degree,50,2000,0.2858768656716418,0.21928140547263678,0.3527027363184078
fixed_r8_retained - alf,fixed_r8_retained,14.0,0.02040816326530612,mean_radius,50,2000,0.3477807268637305,0.2829437716642497,0.4169693437362325
fixed_r8_retained - alf,fixed_r8_retained,14.0,0.02040816326530612,mean_interaction_area,50,2000,15.650518909315434,12.963472181239693,18.6151061893663
fixed_r8_retained - alf,fixed_r8_retained,14.0,0.02040816326530612,radius_temporal_variation,50,2000,-0.0006594219964198788,-0.0008565650140177905,-0.0004812871696133897
fixed_r8_retained - alf,fixed_r8_retained,14.0,0.02040816326530612,radius_command_temporal_variation,50,2000,-0.0009099228594871063,-0.0011828693001185249,-0.0006673291888979882
fixed_r8_retained - alf,fixed_r8_retained,14.0,0.02040816326530612,neighbor_loss_rate,50,2000,-0.00011875,-0.00028765625,3.75e-05
fixed_r8_retained - alf,fixed_r8_retained,14.0,0.02040816326530612,contact_break_rate,50,2000,-0.00011875,-0.0002875,4.3749999999999986e-05
fixed_r8_retained - alf,fixed_r8_retained,14.0,0.02040816326530612,control_energy,50,2000,-0.0001443883936475583,-0.0002070910424313904,-8.863532127060624e-05
crmf - alf,crmf,18.0,0.012345679012345678,final_fragmentation,50,2000,0.01,0.0,0.03
crmf - alf,crmf,18.0,0.012345679012345678,mean_fragmentation,50,2000,0.0012126865671641786,-0.0007092661691542302,0.003768656716417909
crmf - alf,crmf,18.0,0.012345679012345678,final_largest_scc_fraction,50,2000,0.01,-0.02,0.0425
crmf - alf,crmf,18.0,0.012345679012345678,mean_largest_scc_fraction,50,2000,0.016225124378109457,0.003207711442786067,0.03523725124378109
crmf - alf,crmf,18.0,0.012345679012345678,mean_degree,50,2000,0.07465796019900499,0.052061100746268685,0.0998140547263682
crmf - alf,crmf,18.0,0.012345679012345678,mean_radius,50,2000,0.13339499077722938,0.09772399621090953,0.16910510474144227
crmf - alf,crmf,18.0,0.012345679012345678,mean_interaction_area,50,2000,6.135329790662727,4.671598312799813,7.896069675463838
crmf - alf,crmf,18.0,0.012345679012345678,radius_temporal_variation,50,2000,0.00037637720242473144,0.00019600877032463723,0.0005741566122657669
crmf - alf,crmf,18.0,0.012345679012345678,radius_command_temporal_variation,50,2000,0.000498640357911313,0.0002677110599796295,0.0007701722267632109
crmf - alf,crmf,18.0,0.012345679012345678,neighbor_loss_rate,50,2000,-6.25e-05,-0.00011875,-6.250000000000009e-06
crmf - alf,crmf,18.0,0.012345679012345678,contact_break_rate,50,2000,-6.25e-05,-0.00011875,-6.250000000000005e-06
crmf - alf,crmf,18.0,0.012345679012345678,control_energy,50,2000,-4.6103319180311917e-05,-0.00013509939860239522,6.8446341362834086e-06
stardisplay - alf,stardisplay,18.0,0.012345679012345678,final_fragmentation,50,2000,0.0275,0.007468750000000001,0.05253124999999983
stardisplay - alf,stardisplay,18.0,0.012345679012345678,mean_fragmentation,50,2000,0.027761194029850746,0.004849657960199005,0.04960836442786069
stardisplay - alf,stardisplay,18.0,0.012345679012345678,final_largest_scc_fraction,50,2000,-0.12625,-0.17003125000000002,-0.08371875000000017
stardisplay - alf,stardisplay,18.0,0.012345679012345678,mean_largest_scc_fraction,50,2000,-0.12095771144278605,-0.16194807213930348,-0.08179415422885572
stardisplay - alf,stardisplay,18.0,0.012345679012345678,mean_degree,50,2000,-0.47939054726368163,-0.5410054415422885,-0.41942055348258706
stardisplay - alf,stardisplay,18.0,0.012345679012345678,mean_radius,50,2000,-0.9323083021017617,-0.9714622602486772,-0.8950761328001906
stardisplay - alf,stardisplay,18.0,0.012345679012345678,mean_interaction_area,50,2000,-43.103861901521725,-44.729641640705765,-41.525359997035075
stardisplay - alf,stardisplay,18.0,0.012345679012345678,radius_temporal_variation,50,2000,0.011883682079177749,0.01124833009634978,0.012572850645801983
stardisplay - alf,stardisplay,18.0,0.012345679012345678,radius_command_temporal_variation,50,2000,0.10308914813430661,0.09312150875558912,0.11356111810523838
stardisplay - alf,stardisplay,18.0,0.012345679012345678,neighbor_loss_rate,50,2000,0.00173125,0.0014624999999999998,0.00204375
stardisplay - alf,stardisplay,18.0,0.012345679012345678,contact_break_rate,50,2000,0.00175625,0.0014750000000000002,0.002075
stardisplay - alf,stardisplay,18.0,0.012345679012345678,control_energy,50,2000,0.0036586393189613547,0.001952959215790609,0.0056297556403194305
density_oracle - alf,density_oracle,18.0,0.012345679012345678,final_fragmentation,50,2000,0.01,0.0,0.03
density_oracle - alf,density_oracle,18.0,0.012345679012345678,mean_fragmentation,50,2000,0.0012437810945273625,-0.0007405161691542312,0.003924284825870647
density_oracle - alf,density_oracle,18.0,0.012345679012345678,final_largest_scc_fraction,50,2000,0.01,-0.02,0.04375
density_oracle - alf,density_oracle,18.0,0.012345679012345678,mean_largest_scc_fraction,50,2000,0.016206467661691547,0.0027420708955223985,0.03552316542288557
density_oracle - alf,density_oracle,18.0,0.012345679012345678,mean_degree,50,2000,0.08064676616915423,0.05785276741293533,0.10654244402985075
density_oracle - alf,density_oracle,18.0,0.012345679012345678,mean_radius,50,2000,0.14030191028121256,0.10766109696718126,0.17709737943395634
density_oracle - alf,density_oracle,18.0,0.012345679012345678,mean_interaction_area,50,2000,6.464396033432292,4.912606839553629,8.100503596079795
density_oracle - alf,density_oracle,18.0,0.012345679012345678,radius_temporal_variation,50,2000,0.0003798056812005713,0.0001999338151328233,0.0005641892163749608
density_oracle - alf,density_oracle,18.0,0.012345679012345678,radius_command_temporal_variation,50,2000,0.006790931681349071,0.006206231905897919,0.007365683853005641
density_oracle - alf,density_oracle,18.0,0.012345679012345678,neighbor_loss_rate,50,2000,-6.25e-05,-0.00011875,-1.2499999999999999e-05
density_oracle - alf,density_oracle,18.0,0.012345679012345678,contact_break_rate,50,2000,-6.25e-05,-0.00011875,-1.2499999999999999e-05
density_oracle - alf,density_oracle,18.0,0.012345679012345678,control_energy,50,2000,-4.71439088155658e-05,-0.00013534307604569582,5.037450622615731e-06
knn_k6 - alf,knn_k6,18.0,0.012345679012345678,final_fragmentation,50,2000,0.01375,-0.005,0.04
knn_k6 - alf,knn_k6,18.0,0.012345679012345678,mean_fragmentation,50,2000,-0.004912935323383087,-0.015344060945273635,0.004726523631840796
knn_k6 - alf,knn_k6,18.0,0.012345679012345678,final_largest_scc_fraction,50,2000,0.00625,-0.0225,0.035
knn_k6 - alf,knn_k6,18.0,0.012345679012345678,mean_largest_scc_fraction,50,2000,0.023028606965174135,0.00844449626865672,0.04232742537313432
knn_k6 - alf,knn_k6,18.0,0.012345679012345678,mean_degree,50,2000,0.16572761194029847,0.12560665422885567,0.20592692786069644
knn_k6 - alf,knn_k6,18.0,0.012345679012345678,mean_radius,50,2000,0.396629438723053,0.35975773969007596,0.4354378600224055
knn_k6 - alf,knn_k6,18.0,0.012345679012345678,mean_interaction_area,50,2000,19.53242732001137,17.894426307720824,21.248956350876472
knn_k6 - alf,knn_k6,18.0,0.012345679012345678,radius_temporal_variation,50,2000,-0.00025611092715950535,-0.00037988509109883,-0.00014773626508689884
knn_k6 - alf,knn_k6,18.0,0.012345679012345678,radius_command_temporal_variation,50,2000,-0.0002741851990267052,-0.00041065419788049957,-0.00016198553674481243
knn_k6 - alf,knn_k6,18.0,0.012345679012345678,neighbor_loss_rate,50,2000,0.0005875,0.00040625000000000004,0.0007875
knn_k6 - alf,knn_k6,18.0,0.012345679012345678,contact_break_rate,50,2000,0.0006812499999999999,0.00048750000000000003,0.000906406249999999
knn_k6 - alf,knn_k6,18.0,0.012345679012345678,control_energy,50,2000,-0.0009174083064775451,-0.0021199775549764674,0.0003160755018771928
fixed_r8_retained - alf,fixed_r8_retained,18.0,0.012345679012345678,final_fragmentation,50,2000,0.0,0.0,0.0
fixed_r8_retained - alf,fixed_r8_retained,18.0,0.012345679012345678,mean_fragmentation,50,2000,-0.0021703980099502494,-0.010480410447761193,0.004104788557213926
fixed_r8_retained - alf,fixed_r8_retained,18.0,0.012345679012345678,final_largest_scc_fraction,50,2000,0.02,0.0,0.04878124999999983
fixed_r8_retained - alf,fixed_r8_retained,18.0,0.012345679012345678,mean_largest_scc_fraction,50,2000,0.020317164179104473,0.005745180348258702,0.04002129975124376
fixed_r8_retained - alf,fixed_r8_retained,18.0,0.012345679012345678,mean_degree,50,2000,0.09497512437810944,0.06261909203980098,0.12878280472636813
fixed_r8_retained - alf,fixed_r8_retained,18.0,0.012345679012345678,mean_radius,50,2000,0.14662943872305298,0.10874383285562099,0.1836246221358651
fixed_r8_retained - alf,fixed_r8_retained,18.0,0.012345679012345678,mean_interaction_area,50,2000,6.76970716480283,5.198967761298684,8.458638126808646
fixed_r8_retained - alf,fixed_r8_retained,18.0,0.012345679012345678,radius_temporal_variation,50,2000,-0.00025611092715950535,-0.0003748540409624773,-0.00015203473591019
fixed_r8_retained - alf,fixed_r8_retained,18.0,0.012345679012345678,radius_command_temporal_variation,50,2000,-0.0002741851990267052,-0.00040224554353540936,-0.00016075794737829385
fixed_r8_retained - alf,fixed_r8_retained,18.0,0.012345679012345678,neighbor_loss_rate,50,2000,-6.25e-05,-0.00011875,-6.250000000000012e-06
fixed_r8_retained - alf,fixed_r8_retained,18.0,0.012345679012345678,contact_break_rate,50,2000,-6.25e-05,-0.00011875,-1.2343750000000842e-05
fixed_r8_retained - alf,fixed_r8_retained,18.0,0.012345679012345678,control_energy,50,2000,0.000280525051399154,-0.00012764314074337627,0.0010160144483783375
