ci95_high,ci95_low,comparison,density,metric,n_pairs,paired_mean_difference,positive_fraction
-0.0175,-0.0975,alf - stardisplay,0.012345679012345678,final_fragmentation,50,-0.055,0.04
-0.06258037935323382,-0.11888961442786068,alf - stardisplay,0.012345679012345678,mean_fragmentation,50,-0.09059701492537313,0.06
0.35625,0.23125,alf - stardisplay,0.012345679012345678,final_largest_scc_fraction,50,0.29625,0.92
0.36730954601990035,0.2791728855721393,alf - stardisplay,0.012345679012345678,mean_largest_scc_fraction,50,0.32436567164179103,1.0
1.0618844838308459,0.8948359763681591,alf - stardisplay,0.012345679012345678,mean_degree,50,0.9782898009950248,1.0
1.0599745024875622,0.8927165733830845,alf - stardisplay,0.012345679012345678,mean_interaction_out_degree,50,0.9782898009950248,1.0
1.9329436807443428,1.817783667073792,alf - stardisplay,0.012345679012345678,mean_radius,50,1.8751867092899315,1.0
415.72522463131776,394.5992600312186,alf - stardisplay,0.012345679012345678,mean_radius_footprint,50,405.17384380080637,1.0
26.04171897302419,24.63303672035021,alf - stardisplay,0.012345679012345678,mean_radius_sq,50,25.323365237550398,1.0
0.0706667081260365,0.060069413349917083,alf - stardisplay,0.012345679012345678,mean_normalized_comm_cost,50,0.06521932006633499,1.0
0.8941501865671642,0.8081728855721393,alf - stardisplay,0.012345679012345678,radius_max_saturation_fraction,50,0.8531405472636816,1.0
-0.003575,-0.00441265625,alf - stardisplay,0.012345679012345678,contact_break_rate,50,-0.0039875,0.0
-0.0035062500000000003,-0.00430625,alf - stardisplay,0.012345679012345678,neighbor_loss_rate,50,-0.00390625,0.0
0.1032414890872434,0.04305082639490209,alf - stardisplay,0.012345679012345678,polar_order,50,0.06867146946052925,0.96
-0.009122857314135745,-0.013926684690221455,alf - stardisplay,0.012345679012345678,velocity_dispersion,50,-0.011321026994694377,0.0
0.0,0.0,alf - lint,0.012345679012345678,final_fragmentation,50,0.0,0.0
0.0033768656716417892,-0.0007527985074626868,alf - lint,0.012345679012345678,mean_fragmentation,50,0.0010572139303482578,0.2
-0.00875,-0.05375,alf - lint,0.012345679012345678,final_largest_scc_fraction,50,-0.02875,0.0
-0.008655783582089545,-0.04138805970149252,alf - lint,0.012345679012345678,mean_largest_scc_fraction,50,-0.023246268656716407,0.14
-0.011792754975124439,-0.0749824315920398,alf - lint,0.012345679012345678,mean_degree,50,-0.042524875621890564,0.12
-0.011987717661691556,-0.07445398009950252,alf - lint,0.012345679012345678,mean_interaction_out_degree,50,-0.042524875621890564,0.12
-0.07699485407519427,-0.152859538124165,alf - lint,0.012345679012345678,mean_radius,50,-0.11330626253913341,0.0
-17.82271997278123,-34.878502024406956,alf - lint,0.012345679012345678,mean_radius_footprint,50,-25.99416576821487,0.0
-1.126730403756763,-2.2098513453972695,alf - lint,0.012345679012345678,mean_radius_sq,50,-1.6246353605134294,0.0
-0.0007995646766169202,-0.004975611525704808,alf - lint,0.012345679012345678,mean_normalized_comm_cost,50,-0.0028349917081260377,0.12
-0.05303451492537312,-0.10542335199004974,alf - lint,0.012345679012345678,radius_max_saturation_fraction,50,-0.07703358208955223,0.0
0.00025,5.0000000000000016e-05,alf - lint,0.012345679012345678,contact_break_rate,50,0.0001375,0.2
0.00024375000000000002,5e-05,alf - lint,0.012345679012345678,neighbor_loss_rate,50,0.0001375,0.2
0.0047648607796909525,-0.004969873165564666,alf - lint,0.012345679012345678,polar_order,50,-1.736012647968188e-05,0.26
0.0012075187087928541,0.00023261102870046564,alf - lint,0.012345679012345678,velocity_dispersion,50,0.0006233462330038195,0.38
-0.00375,-0.05625,alf - stardisplay,0.02040816326530612,final_fragmentation,50,-0.0275,0.0
-0.044527207711442786,-0.08889039179104476,alf - stardisplay,0.02040816326530612,mean_fragmentation,50,-0.06538557213930347,0.02
0.27375,0.16496875,alf - stardisplay,0.02040816326530612,final_largest_scc_fraction,50,0.22125,0.84
0.3142576181592039,0.2161124067164179,alf - stardisplay,0.02040816326530612,mean_largest_scc_fraction,50,0.2652487562189055,0.96
1.6040881529850748,1.3895251865671643,alf - stardisplay,0.02040816326530612,mean_degree,50,1.5004539800995025,1.0
1.6049667288557212,1.403719682835821,alf - stardisplay,0.02040816326530612,mean_interaction_out_degree,50,1.5004539800995025,1.0
2.1854516622439295,2.067745729021381,alf - stardisplay,0.02040816326530612,mean_radius,50,2.126266413967098,1.0
453.90836869230145,428.8245769107516,alf - stardisplay,0.02040816326530612,mean_radius_footprint,50,441.3501181558872,1.0
28.355440657182296,26.760075835461542,alf - stardisplay,0.02040816326530612,mean_radius_sq,50,27.58438238474295,1.0
0.10692883499170812,0.09316096600331676,alf - stardisplay,0.02040816326530612,mean_normalized_comm_cost,50,0.10003026533996684,1.0
0.7609303482587064,0.6660256529850747,alf - stardisplay,0.02040816326530612,radius_max_saturation_fraction,50,0.7123072139303482,1.0
-0.005793749999999999,-0.0068251562500000005,alf - stardisplay,0.02040816326530612,contact_break_rate,50,-0.00628125,0.0
-0.00578125,-0.0068625000000000005,alf - stardisplay,0.02040816326530612,neighbor_loss_rate,50,-0.00626875,0.0
0.034026203893627795,0.017368331374940676,alf - stardisplay,0.02040816326530612,polar_order,50,0.025224583513438883,1.0
-0.0032486258246323444,-0.005749779700957933,alf - stardisplay,0.02040816326530612,velocity_dispersion,50,-0.004413606892313729,0.0
0.0,0.0,alf - lint,0.02040816326530612,final_fragmentation,50,0.0,0.0
0.0012935323383084579,-0.00047263681592039794,alf - lint,0.02040816326530612,mean_fragmentation,50,0.0002736318407960199,0.04
-0.005,-0.05503125,alf - lint,0.02040816326530612,final_largest_scc_fraction,50,-0.0275,0.0
-0.005783582089552241,-0.053134950248756224,alf - lint,0.02040816326530612,mean_largest_scc_fraction,50,-0.02677238805970149,0.0
-0.022380907960198936,-0.10758768656716405,alf - lint,0.02040816326530612,mean_degree,50,-0.06353855721393026,0.18
-0.021821828358208888,-0.10485012437810934,alf - lint,0.02040816326530612,mean_interaction_out_degree,50,-0.06353855721393026,0.18
-0.10468998724542627,-0.18803426872395745,alf - lint,0.02040816326530612,mean_radius,50,-0.1445558726762447,0.08
-24.12349005950546,-42.5854454267971,alf - lint,0.02040816326530612,mean_radius_footprint,50,-32.85184965879026,0.08
-1.5095194363976876,-2.6447482254134154,alf - lint,0.02040816326530612,mean_radius_sq,50,-2.053240603674391,0.08
-0.001443687810945281,-0.007064376036484243,alf - lint,0.02040816326530612,mean_normalized_comm_cost,50,-0.004235903814262024,0.18
-0.07445817786069651,-0.1307490671641791,alf - lint,0.02040816326530612,radius_max_saturation_fraction,50,-0.10212064676616915,0.0
0.00044374999999999997,0.00018125,alf - lint,0.02040816326530612,contact_break_rate,50,0.00030625,0.42
0.00042500000000000003,0.00017499999999999997,alf - lint,0.02040816326530612,neighbor_loss_rate,50,0.00029374999999999996,0.42
-0.00045706331913563584,-0.011946063019142942,alf - lint,0.02040816326530612,polar_order,50,-0.0046578217603873194,0.28
0.0008571707759246128,0.00015796655164117374,alf - lint,0.02040816326530612,velocity_dispersion,50,0.00045754157157427836,0.6
0.0,-0.01125,alf - stardisplay,0.03305785123966942,final_fragmentation,50,-0.00375,0.0
-0.008065143034825875,-0.0297392723880597,alf - stardisplay,0.03305785123966942,mean_fragmentation,50,-0.017394278606965175,0.0
0.2125,0.1175,alf - stardisplay,0.03305785123966942,final_largest_scc_fraction,50,0.16375,0.7
0.2278928793532338,0.14408473258706467,alf - stardisplay,0.03305785123966942,mean_largest_scc_fraction,50,0.1846828358208955,0.88
2.747406871890547,2.4764869402985075,alf - stardisplay,0.03305785123966942,mean_degree,50,2.6150062189054726,1.0
2.746371113184079,2.477112562189055,alf - stardisplay,0.03305785123966942,mean_interaction_out_degree,50,2.6150062189054726,1.0
2.336087641448514,2.203797277370885,alf - stardisplay,0.03305785123966942,mean_radius,50,2.270254989591036,1.0
461.1716199412129,428.5484240369583,alf - stardisplay,0.03305785123966942,mean_radius_footprint,50,445.154756115052,1.0
28.812394958965704,26.82704895948907,alf - stardisplay,0.03305785123966942,mean_radius_sq,50,27.82217225719075,1.0
0.18344749170812605,0.16541551616915423,alf - stardisplay,0.03305785123966942,mean_normalized_comm_cost,50,0.17433374792703152,1.0
0.5254542910447761,0.4431881218905473,alf - stardisplay,0.03305785123966942,radius_max_saturation_fraction,50,0.4856032338308458,1.0
-0.0086,-0.0101125,alf - stardisplay,0.03305785123966942,contact_break_rate,50,-0.00933125,0.0
-0.008768593750000001,-0.010293906249999998,alf - stardisplay,0.03305785123966942,neighbor_loss_rate,50,-0.00946875,0.0
0.03331481250093845,0.007516176576497273,alf - stardisplay,0.03305785123966942,polar_order,50,0.017246660324580252,1.0
-0.0009113654916659575,-0.0020207913590771284,alf - stardisplay,0.03305785123966942,velocity_dispersion,50,-0.0014019471564882913,0.0
0.0,0.0,alf - lint,0.03305785123966942,final_fragmentation,50,0.0,0.0
0.0,0.0,alf - lint,0.03305785123966942,mean_fragmentation,50,0.0,0.0
0.02875,0.0,alf - lint,0.03305785123966942,final_largest_scc_fraction,50,0.01,0.04
0.0231515858208955,-0.0005287624378109415,alf - lint,0.03305785123966942,mean_largest_scc_fraction,50,0.008121890547263684,0.06
0.0783541666666665,-0.0575259639303483,alf - lint,0.03305785123966942,mean_degree,50,0.010516169154228816,0.44
0.07814785447761191,-0.05469605099502488,alf - lint,0.03305785123966942,mean_interaction_out_degree,50,0.010516169154228816,0.44
-0.009868498594411928,-0.1201204786035738,alf - lint,0.03305785123966942,mean_radius,50,-0.06207773067587059,0.4
-1.0504837503942401,-24.959718479605815,alf - lint,0.03305785123966942,mean_radius_footprint,50,-12.707327094229957,0.4
-0.09925289181995536,-1.5669139967366983,alf - lint,0.03305785123966942,mean_radius_sq,50,-0.7942079433893723,0.4
0.005296289386401338,-0.0036486214759535573,alf - lint,0.03305785123966942,mean_normalized_comm_cost,50,0.0007010779436152637,0.44
-0.0033952114427860686,-0.04669231965174129,alf - lint,0.03305785123966942,radius_max_saturation_fraction,50,-0.024359452736318402,0.3
0.00053125,0.00013749999999999998,alf - lint,0.03305785123966942,contact_break_rate,50,0.000325,0.5
0.0005250000000000001,0.00013734375,alf - lint,0.03305785123966942,neighbor_loss_rate,50,0.00033125,0.52
-0.0005420554982671484,-0.0051935548184443864,alf - lint,0.03305785123966942,polar_order,50,-0.0025958624112093465,0.34
0.0002094815783347764,5.2614305364398245e-05,alf - lint,0.03305785123966942,velocity_dispersion,50,0.00012788419905411722,0.68
0.0,0.0,alf - stardisplay,0.04938271604938271,final_fragmentation,50,0.0,0.0
0.0,-0.003345771144278607,alf - stardisplay,0.04938271604938271,mean_fragmentation,50,-0.001480099502487562,0.0
0.1275,0.0575,alf - stardisplay,0.04938271604938271,final_largest_scc_fraction,50,0.09,0.5
0.14334592661691542,0.07193034825870646,alf - stardisplay,0.04938271604938271,mean_largest_scc_fraction,50,0.10699626865671641,0.62
3.7112100435323385,3.3715102611940297,alf - stardisplay,0.04938271604938271,mean_degree,50,3.5389863184079604,1.0
3.7053053482587064,3.3750962375621887,alf - stardisplay,0.04938271604938271,mean_interaction_out_degree,50,3.5389863184079604,1.0
2.141529576786729,1.9990937520269718,alf - stardisplay,0.04938271604938271,mean_radius,50,2.073076452385807,1.0
393.7886299481951,359.79449210125574,alf - stardisplay,0.04938271604938271,mean_radius_footprint,50,376.6204768000843,1.0
24.617152138491917,22.488566085248237,alf - stardisplay,0.04938271604938271,mean_radius_sq,50,23.53877980000527,1.0
0.24759619610281924,0.22499436152570482,alf - stardisplay,0.04938271604938271,mean_normalized_comm_cost,50,0.23593242122719738,1.0
0.2626742848258707,0.20321517412935325,alf - stardisplay,0.04938271604938271,radius_max_saturation_fraction,50,0.2329912935323383,1.0
-0.010025,-0.01161890625,alf - stardisplay,0.04938271604938271,contact_break_rate,50,-0.01080625,0.0
-0.010199843750000001,-0.01175640625,alf - stardisplay,0.04938271604938271,neighbor_loss_rate,50,-0.01095625,0.0
0.010902845320483858,0.0026953162253717813,alf - stardisplay,0.04938271604938271,polar_order,50,0.006264179265765546,0.98
-0.00033200463338225534,-0.000656205700027396,alf - stardisplay,0.04938271604938271,velocity_dispersion,50,-0.0004900362198183158,0.0
0.0,0.0,alf - lint,0.04938271604938271,final_fragmentation,50,0.0,0.0
0.0,0.0,alf - lint,0.04938271604938271,mean_fragmentation,50,0.0,0.0
0.0,0.0,alf - lint,0.04938271604938271,final_largest_scc_fraction,50,0.0,0.0
0.0018283582089552231,0.0,alf - lint,0.04938271604938271,mean_largest_scc_fraction,50,0.0006094527363184076,0.02
0.5718802860696516,0.3199291044776119,alf - lint,0.04938271604938271,mean_degree,50,0.4483271144278607,0.8
0.5783894589552239,0.313494092039801,alf - lint,0.04938271604938271,mean_interaction_out_degree,50,0.4483271144278607,0.8
0.21111163843453656,0.08150342566115465,alf - lint,0.04938271604938271,mean_radius,50,0.1486698553744282,0.76
49.36742054785222,23.488324582483408,alf - lint,0.04938271604938271,mean_radius_footprint,50,36.37005582756855,0.8
3.074503046860989,1.4224228015707707,alf - lint,0.04938271604938271,mean_radius_sq,50,2.2731284892230343,0.8
0.037983302238805965,0.020793034825870648,alf - lint,0.04938271604938271,mean_normalized_comm_cost,50,0.029888474295190717,0.8
0.1527070895522388,0.0944012748756219,alf - lint,0.04938271604938271,radius_max_saturation_fraction,50,0.12417910447761195,0.9
0.00047499999999999994,-0.0003687500000000001,alf - lint,0.04938271604938271,contact_break_rate,50,4.374999999999992e-05,0.42
0.0005126562499999991,-0.0003125000000000001,alf - lint,0.04938271604938271,neighbor_loss_rate,50,9.37499999999999e-05,0.44
0.000409792875593521,-0.00024870762349344934,alf - lint,0.04938271604938271,polar_order,50,9.738843873935199e-05,0.72
1.2490818051548917e-05,-2.4434430698130206e-05,alf - lint,0.04938271604938271,velocity_dispersion,50,-3.9520184832503125e-06,0.34
0.0,0.0,alf - stardisplay,0.08163265306122448,final_fragmentation,50,0.0,0.0
0.0,-0.000914179104477612,alf - stardisplay,0.08163265306122448,mean_fragmentation,50,-0.000304726368159204,0.0
0.13628124999999985,0.04875,alf - stardisplay,0.08163265306122448,final_largest_scc_fraction,50,0.09125,0.44
0.13807307213930345,0.059241138059701486,alf - stardisplay,0.08163265306122448,mean_largest_scc_fraction,50,0.09587686567164179,0.46
4.045841573383084,3.645942319651741,alf - stardisplay,0.08163265306122448,mean_degree,50,3.8369589552238805,1.0
4.0494236629353235,3.6361013681592045,alf - stardisplay,0.08163265306122448,mean_interaction_out_degree,50,3.8369589552238805,1.0
1.729344380134853,1.6234484550349937,alf - stardisplay,0.08163265306122448,mean_radius,50,1.6766275709670018,1.0
254.0456548400392,235.5292457795954,alf - stardisplay,0.08163265306122448,mean_radius_footprint,50,245.19671827904276,1.0
15.9064677724331,14.728639464817613,alf - stardisplay,0.08163265306122448,mean_radius_sq,50,15.324794892440172,1.0
0.26944359452736316,0.24207093698175786,alf - stardisplay,0.08163265306122448,mean_normalized_comm_cost,50,0.25579726368159206,1.0
0.18943470149253733,0.14708939676616917,alf - stardisplay,0.08163265306122448,radius_max_saturation_fraction,50,0.16830223880597014,0.96
-0.00966859375,-0.01075625,alf - stardisplay,0.08163265306122448,contact_break_rate,50,-0.0102125,0.0
-0.010006250000000001,-0.011049999999999999,alf - stardisplay,0.08163265306122448,neighbor_loss_rate,50,-0.010512500000000001,0.0
0.007453491417760327,0.0017745043255669645,alf - stardisplay,0.08163265306122448,polar_order,50,0.004063359171515148,1.0
-0.00015282729387794617,-0.00032625047085903014,alf - stardisplay,0.08163265306122448,velocity_dispersion,50,-0.00023323444753720285,0.0
0.0,0.0,alf - lint,0.08163265306122448,final_fragmentation,50,0.0,0.0
0.0,0.0,alf - lint,0.08163265306122448,mean_fragmentation,50,0.0,0.0
0.0,0.0,alf - lint,0.08163265306122448,final_largest_scc_fraction,50,0.0,0.0
0.0005223880597014885,0.0,alf - lint,0.08163265306122448,mean_largest_scc_fraction,50,0.0001741293532338295,0.02
1.0173647388059701,0.7221330845771144,alf - lint,0.08163265306122448,mean_degree,50,0.8688619402985074,0.94
1.0162375621890547,0.7182873134328359,alf - lint,0.08163265306122448,mean_interaction_out_degree,50,0.8688619402985074,0.94
0.2798327447427654,0.172957946109628,alf - lint,0.08163265306122448,mean_radius,50,0.2254567468587438,0.9
52.34534198785303,34.07762176850275,alf - lint,0.08163265306122448,mean_radius_footprint,50,43.35525529315759,0.92
3.286020567302018,2.118951290485445,alf - lint,0.08163265306122448,mean_radius_sq,50,2.7097034558223494,0.92
0.06843766583747928,0.04807571517412934,alf - lint,0.08163265306122448,mean_normalized_comm_cost,50,0.05792412935323382,0.94
0.1632664800995025,0.12066464552238806,alf - lint,0.08163265306122448,radius_max_saturation_fraction,50,0.14193407960199006,0.9
1.875000000000001e-05,-0.0008064062499999999,alf - lint,0.08163265306122448,contact_break_rate,50,-0.0004,0.24
-2.468750000000174e-05,-0.0008687500000000001,alf - lint,0.08163265306122448,neighbor_loss_rate,50,-0.0004625000000000001,0.24
0.00027263680120949505,8.881491206530973e-05,alf - lint,0.08163265306122448,polar_order,50,0.00017994547212426103,0.86
-1.0569672581694149e-05,-2.135831265270497e-05,alf - lint,0.08163265306122448,velocity_dispersion,50,-1.5741874997790414e-05,0.1
nan,nan,alf - stardisplay,all,final_fragmentation,5,-0.017249999999999998,0.0
nan,nan,alf - lint,all,final_fragmentation,5,0.0,0.0
nan,nan,alf - stardisplay,all,mean_fragmentation,5,-0.035032338308457714,0.0
nan,nan,alf - lint,all,mean_fragmentation,5,0.00026616915422885556,0.4
nan,nan,alf - stardisplay,all,final_largest_scc_fraction,5,0.17250000000000001,1.0
nan,nan,alf - lint,all,final_largest_scc_fraction,5,-0.00925,0.2
nan,nan,alf - stardisplay,all,mean_largest_scc_fraction,5,0.19543407960199005,1.0
nan,nan,alf - lint,all,mean_largest_scc_fraction,5,-0.008222636815920396,0.6
nan,nan,alf - stardisplay,all,mean_degree,5,2.493939054726368,1.0
nan,nan,alf - lint,all,mean_degree,5,0.2443283582089552,0.6
nan,nan,alf - stardisplay,all,mean_interaction_out_degree,5,2.493939054726368,1.0
nan,nan,alf - lint,all,mean_interaction_out_degree,5,0.2443283582089552,0.6
nan,nan,alf - stardisplay,all,mean_radius,5,2.0042824272401747,1.0
nan,nan,alf - lint,all,mean_radius,5,0.010837347268384662,0.4
nan,nan,alf - stardisplay,all,mean_radius_footprint,5,382.6991826301745,1.0
nan,nan,alf - lint,all,mean_radius_footprint,5,1.634393719898211,0.4
nan,nan,alf - stardisplay,all,mean_radius_sq,5,23.918698914385907,1.0
nan,nan,alf - lint,all,mean_radius_sq,5,0.10214960749363819,0.4
nan,nan,alf - stardisplay,all,mean_normalized_comm_cost,5,0.16626260364842455,1.0
nan,nan,alf - lint,all,mean_normalized_comm_cost,5,0.016288557213930348,0.6
nan,nan,alf - stardisplay,all,radius_max_saturation_fraction,5,0.4904689054726369,1.0
nan,nan,alf - lint,all,radius_max_saturation_fraction,5,0.012519900497512445,0.4
nan,nan,alf - stardisplay,all,contact_break_rate,5,-0.008123749999999999,0.0
nan,nan,alf - lint,all,contact_break_rate,5,8.249999999999997e-05,0.8
nan,nan,alf - stardisplay,all,neighbor_loss_rate,5,-0.0082225,0.0
nan,nan,alf - lint,all,neighbor_loss_rate,5,7.874999999999996e-05,0.8
nan,nan,alf - stardisplay,all,polar_order,5,0.024294050347165815,1.0
nan,nan,alf - lint,all,polar_order,5,-0.001398742077442547,0.4
nan,nan,alf - stardisplay,all,velocity_dispersion,5,-0.003571970342170383,0.0
nan,nan,alf - lint,all,velocity_dispersion,5,0.00023781562203023486,0.6
