command_clip_fraction_mean,contact_break_rate_mean,controller_wall_s_per_agent_step_mean,count_threshold_crossing_rate_mean,density,geometry,mean_abs_command_update_mean,mean_abs_radius_update_mean,mean_fragmentation_mean,mean_largest_scc_fraction_mean,method,n_agents,n_episodes,neighbor_loss_rate_mean,radius_max_saturation_fraction_mean
0.0034172885572139305,0.00553125,0.0001098189110694735,0.00023125,0.05,clustered,0.4754069009866705,0.002140368200369501,0.1787842039800995,0.7637842039800995,alf,32,50,0.004975,0.0012531094527363186
0.006585820895522388,0.004271875,0.00010772914552230352,0.0005625000000000001,0.05,elongated,0.648836145975136,0.0024246899642726668,0.043429726368159206,0.9003389303482586,alf,32,50,0.0038343749999999997,0.0019931592039800993
0.2793998756218905,0.00409375,0.00010679506187818053,0.000184375,0.05,uniform,1.3985240429389234,0.002739738119752327,0.0,1.0,alf,32,50,0.00385625,0.21383084577114428
0.0,0.00588125,0.0001087504847635781,3.4375e-05,0.08,clustered,0.2584156449650465,0.001761420418785844,0.21009950248756218,0.7720708955223882,alf,32,50,0.005284375,0.0
0.0023289800995024874,0.004484375,0.00010957582773686517,0.000278125,0.08,elongated,0.5019966614933257,0.0019344120105200978,0.02474813432835821,0.9413370646766169,alf,32,50,0.0039125,0.000625
0.08643967661691543,0.0055000000000000005,0.00010753213899232407,0.001025,0.08,uniform,1.362671682509209,0.0030361301753765134,0.0,1.0,alf,32,50,0.005034375,0.05487562189054726
0.0,0.006603125,0.0001124960171018383,6.25e-06,0.12,clustered,0.20533760118382838,0.0020537658679840288,0.14283582089552238,0.84574315920398,alf,32,50,0.006009375,0.0
0.0002705223880597015,0.0048375,0.00010400011349453953,8.125e-05,0.12,elongated,0.4024059657686789,0.0017156605858932145,0.016840796019900496,0.9683644278606965,alf,32,50,0.0040625,0.0
0.01851990049751244,0.005849999999999999,0.00010846375497483416,0.0015968750000000002,0.12,uniform,1.0298866109589777,0.0028196680616255844,0.0,1.0,alf,32,50,0.005171875,0.0051337064676616915
2.4875621890547263e-05,0.0027218750000000003,0.00010835891200276164,0.010084375000000001,0.05,clustered,0.38767314825477606,0.005204729254469715,0.1648134328358209,0.7998165422885571,crdf,32,50,0.0022,9.328358208955224e-06
1.554726368159204e-05,0.002446875,0.0001041763137437495,0.019175,0.05,elongated,0.43646491530938714,0.005451790424340768,0.04044465174129353,0.9345087064676616,crdf,32,50,0.002003125,1.554726368159204e-05
0.004057835820895523,0.01094375,0.00010192137997499806,0.038509375,0.05,uniform,0.7041277966730689,0.022892182460652274,0.0014365671641791045,0.9844216417910449,crdf,32,50,0.010759375,0.0014583333333333334
2.4875621890547263e-05,0.002625,0.00010571592630587058,0.001765625,0.08,clustered,0.2921291224403945,0.004157215767455869,0.12215796019900499,0.8560727611940299,crdf,32,50,0.0021375,0.0
0.00030783582089552236,0.002575,0.00010920187064650362,0.009721875,0.08,elongated,0.3844250143958451,0.004775999481147136,0.011069651741293533,0.9769682835820896,crdf,32,50,0.002021875,3.109452736318408e-06
0.0005503731343283582,0.01005625,0.00010209718283601266,0.09670625,0.08,uniform,0.5561209481439482,0.01549909430142597,0.0,0.9926305970149254,crdf,32,50,0.009765625,0.00046330845771144275
1.2437810945273631e-05,0.002625,0.00010665285696518368,0.00141875,0.12,clustered,0.2160432224134795,0.0034036046351761063,0.08953047263681592,0.8946082089552239,crdf,32,50,0.00219375,0.0
0.0,0.002215625,0.00010698553700216173,0.002871875,0.12,elongated,0.3290775983303855,0.004163539688648036,0.0007213930348258706,0.9976523631840796,crdf,32,50,0.001446875,0.0
7.151741293532337e-05,0.006175000000000001,0.000102766421641667,0.096459375,0.12,uniform,0.4525734591786879,0.009919101698703785,0.0,0.9994465174129352,crdf,32,50,0.0055875,7.151741293532337e-05
0.001921641791044776,0.010740624999999998,0.00010237946921610662,0.01950625,0.05,clustered,0.7459165305216788,0.0036201129203124243,0.19200559701492537,0.7530441542288557,crmf,32,50,0.010159375,9.328358208955224e-06
0.0029664179104477613,0.006975,0.0001041929822759977,0.027606250000000002,0.05,elongated,0.9190415234274257,0.003941715356032907,0.03927549751243781,0.8934919154228855,crmf,32,50,0.0065249999999999996,1.554726368159204e-05
0.056856343283582085,0.004959374999999999,0.00010092201803458287,0.01886875,0.05,uniform,1.1438399687238618,0.004422071348338831,0.0,0.9994527363184079,crmf,32,50,0.00471875,0.04220771144278607
0.011103855721393035,0.015546875,0.00010212585354496248,0.017778125,0.08,clustered,0.5811607083929659,0.0040990029952547415,0.18231965174129353,0.7675621890547264,crmf,32,50,0.014871875,0.0
0.000945273631840796,0.010049999999999998,8.0677935323097e-05,0.023987500000000002,0.08,elongated,0.7607196205688621,0.004068624169156297,0.02498445273631841,0.902235696517413,crmf,32,50,0.00936875,3.109452736318408e-06
0.0009919154228855722,0.007296875,0.0001037441343282525,0.020274999999999998,0.08,uniform,0.9557054849890393,0.0040909660851386745,0.0,1.0,crmf,32,50,0.006875,0.0004695273631840796
0.06656716417910448,0.01974375,8.614986784783101e-05,0.019671875000000002,0.12,clustered,0.47731528662201356,0.004578171431961722,0.1482245024875622,0.802450248756219,crmf,32,50,0.019065625,0.0
0.00857587064676617,0.013040624999999998,8.403953638064796e-05,0.0224375,0.12,elongated,0.6307106632033459,0.0042453277935383124,0.025758706467661693,0.9222201492537313,crmf,32,50,0.0122625,0.0
7.151741293532337e-05,0.006078125,8.509559888038757e-05,0.018078125,0.12,uniform,0.7817789188640344,0.002804665394900446,0.0,0.9994465174129352,crmf,32,50,0.005396875,7.151741293532337e-05
0.8106125621890548,0.030571875,0.00010009628202735158,0.000546875,0.05,clustered,0.6749954205748342,0.010340267424765825,0.32825248756218905,0.44968594527363187,fpcm,32,50,0.030059375,0.001875
0.7045180348258707,0.02736875,9.717440267375772e-05,0.000890625,0.05,elongated,1.3253882913654047,0.01217537211015195,0.19294465174129352,0.4265360696517413,fpcm,32,50,0.026928125,0.0021921641791044777
0.9407338308457711,0.001825,0.0001010317512438929,0.00015625,0.05,uniform,0.3611178870469221,0.007274955124524675,0.0,0.9908022388059702,fpcm,32,50,0.0016156249999999999,0.286875
0.9024906716417911,0.031965625000000004,9.923862842060544e-05,0.00021874999999999998,0.08,clustered,0.1339749775807162,0.008319439439953443,0.39869092039800996,0.5617941542288557,fpcm,32,50,0.031471874999999996,0.0
0.8115298507462687,0.02894375,9.928439894311642e-05,0.000609375,0.08,elongated,0.564577901172167,0.010201286319746407,0.2996797263681592,0.514922263681592,fpcm,32,50,0.028300000000000002,0.000625
0.7795429104477611,0.0045874999999999996,0.00010489592661679578,0.000928125,0.08,uniform,1.5035074418738303,0.010630115639351338,0.0,0.951875,fpcm,32,50,0.0041781249999999995,0.093125
0.9442723880597015,0.032478125,0.00010069091169134029,7.8125e-05,0.12,clustered,0.05606712094935833,0.00711977148050512,0.32677860696517413,0.647832711442786,fpcm,32,50,0.031996875,0.0
0.8904415422885572,0.028756249999999997,0.0001013240618781265,0.000346875,0.12,elongated,0.23602845244050502,0.008624653929831383,0.28755907960199,0.6399284825870647,fpcm,32,50,0.027987500000000002,0.0
0.5686349502487562,0.015321875,0.0001037110743161701,0.0017499999999999998,0.12,uniform,2.84271509359694,0.012304630008478283,0.00017101990049751242,0.740155472636816,fpcm,32,50,0.014612499999999999,0.014375
