metric,comparison,density,in_primary_band,n_pairs,paired_mean_difference,ci95_low,ci95_high,positive_fraction
polar_order,ALF - fixed_r4,0.0044444444444444444,0,50,0.24259981616447845,0.20435134895711457,0.2793978754376262,0.98
polar_order,ALF - fixed_r4,0.007561436672967864,0,50,0.30145199161993963,0.25730677501916793,0.34676712918333163,0.98
polar_order,ALF - fixed_r4,0.012345679012345678,1,50,0.3065231709410641,0.2487209917791518,0.3618509842883782,0.96
polar_order,ALF - fixed_r4,0.02040816326530612,1,50,0.19898957074126777,0.16217889724339282,0.23538571269435787,1.0
polar_order,ALF - fixed_r4,0.03305785123966942,1,50,0.12551184464350165,0.09121200948169383,0.166322585536282,1.0
polar_order,ALF - fixed_r4,0.04938271604938271,1,50,0.05403079999302946,0.03689455164353523,0.0759363289719167,1.0
polar_order,ALF - fixed_r4,0.08163265306122448,1,50,0.010919193619198828,0.007634691979454437,0.014374336331105679,0.98
polar_order,ALF - fixed_r8_retained,0.0044444444444444444,0,50,-0.00034109499442134373,-0.0009693281640887174,0.0001186310654768441,0.02
polar_order,ALF - fixed_r8_retained,0.007561436672967864,0,50,0.006383713455252875,-0.00211594177274317,0.019505609315282516,0.2
polar_order,ALF - fixed_r8_retained,0.012345679012345678,1,50,-0.0008351083152553284,-0.01041405272651122,0.006855552527290481,0.34
polar_order,ALF - fixed_r8_retained,0.02040816326530612,1,50,-0.006892989669056333,-0.0182285481437603,-0.00041770984097557146,0.26
polar_order,ALF - fixed_r8_retained,0.03305785123966942,1,50,-0.002663115858356353,-0.004880841943413261,-0.0010161851710497407,0.18
polar_order,ALF - fixed_r8_retained,0.04938271604938271,1,50,-0.0022524971060835708,-0.0032144853098673015,-0.0014475379406565765,0.06
polar_order,ALF - fixed_r8_retained,0.08163265306122448,1,50,-0.0020949189977879402,-0.0028027278606639274,-0.0014915099112060356,0.04
polar_order,ALF - knn_k6,0.0044444444444444444,0,50,0.003605957406989709,-0.012601008438602328,0.01947474683369083,0.42
polar_order,ALF - knn_k6,0.007561436672967864,0,50,-0.013953113321521682,-0.033112208375922214,0.0073061989254588275,0.34
polar_order,ALF - knn_k6,0.012345679012345678,1,50,-0.009227318017999116,-0.019187845748873358,-0.00032981441093524086,0.3
polar_order,ALF - knn_k6,0.02040816326530612,1,50,-0.008129769228243737,-0.020006193859920793,-0.0010763354332188311,0.18
polar_order,ALF - knn_k6,0.03305785123966942,1,50,-0.001993526236868328,-0.0036016428911235005,-0.0007282345133920037,0.3
polar_order,ALF - knn_k6,0.04938271604938271,1,50,-4.970308126290179e-05,-0.0009356094554964228,0.0007629870820570171,0.52
polar_order,ALF - knn_k6,0.08163265306122448,1,50,0.0006081688283346853,0.00015322439437872337,0.00110684058023077,0.66
polar_order,ALF - crdf,0.0044444444444444444,0,50,0.0002524367722215726,-0.025205715751431323,0.02883290524301044,0.44
polar_order,ALF - crdf,0.007561436672967864,0,50,0.026746522308393795,-0.012747639665679279,0.06760672581720224,0.66
polar_order,ALF - crdf,0.012345679012345678,1,50,0.018022851280285947,0.009378942287278865,0.027148345630692232,0.86
polar_order,ALF - crdf,0.02040816326530612,1,50,0.006928512852777899,-0.0019976309822525217,0.014335134052630193,0.86
polar_order,ALF - crdf,0.03305785123966942,1,50,0.006425221367790113,0.0025673605125885106,0.01138189326266268,1.0
polar_order,ALF - crdf,0.04938271604938271,1,50,0.001915457356218584,0.0009196794314389278,0.003353789611549459,0.98
polar_order,ALF - crdf,0.08163265306122448,1,50,0.0005876655056752345,0.00037503386093734224,0.000834102803862983,0.96
polar_order,ALF - crmf,0.0044444444444444444,0,50,0.0025720852141689985,-0.0015996136230269828,0.009576299254016606,0.06
polar_order,ALF - crmf,0.007561436672967864,0,50,0.004218742363052065,-0.0024236941164230206,0.013381193186184194,0.18
polar_order,ALF - crmf,0.012345679012345678,1,50,0.0014323648583433113,-0.0014500889441487342,0.005192687822696603,0.28
polar_order,ALF - crmf,0.02040816326530612,1,50,-0.004943775368425203,-0.013532184366970327,-0.00034675501456714233,0.3
polar_order,ALF - crmf,0.03305785123966942,1,50,-0.0006274147311382983,-0.0013865622804688426,-0.00010716307046757541,0.32
polar_order,ALF - crmf,0.04938271604938271,1,50,1.6645215215318478e-05,-0.00013119291006329705,0.00021908452898164788,0.46
polar_order,ALF - crmf,0.08163265306122448,1,50,7.963197529554212e-05,-3.824124825522551e-05,0.000202340551111125,0.54
velocity_dispersion,ALF - fixed_r4,0.0044444444444444444,0,50,-0.156609317600014,-0.1734914247105191,-0.14021458154304703,0.0
velocity_dispersion,ALF - fixed_r4,0.007561436672967864,0,50,-0.12910695731128477,-0.1429178420257903,-0.11625801910163235,0.0
velocity_dispersion,ALF - fixed_r4,0.012345679012345678,1,50,-0.09368789682108086,-0.10593081736660213,-0.08361396350292145,0.0
velocity_dispersion,ALF - fixed_r4,0.02040816326530612,1,50,-0.050798068452300865,-0.05988938862347776,-0.04376922255155643,0.0
velocity_dispersion,ALF - fixed_r4,0.03305785123966942,1,50,-0.019580806809341145,-0.022233003130150135,-0.017042295137509562,0.0
velocity_dispersion,ALF - fixed_r4,0.04938271604938271,1,50,-0.006986508381260241,-0.007997592483444602,-0.006014581347864072,0.0
velocity_dispersion,ALF - fixed_r4,0.08163265306122448,1,50,-0.0013108725061767516,-0.0015719277744767383,-0.0010705306770736594,0.0
velocity_dispersion,ALF - fixed_r8_retained,0.0044444444444444444,0,50,0.0005234415439775506,-6.195828387313243e-05,0.0015457933108372073,0.06
velocity_dispersion,ALF - fixed_r8_retained,0.007561436672967864,0,50,9.026098835107094e-05,-0.00014534958873322086,0.0003382372537619328,0.22
velocity_dispersion,ALF - fixed_r8_retained,0.012345679012345678,1,50,0.0005820014586007794,9.830124894335696e-05,0.0011648905990204695,0.54
velocity_dispersion,ALF - fixed_r8_retained,0.02040816326530612,1,50,0.00046645539148618305,0.00020799600707616667,0.000899508774714376,0.9
velocity_dispersion,ALF - fixed_r8_retained,0.03305785123966942,1,50,0.00022761395290531929,0.0001572517655263741,0.0003150510258271394,0.94
velocity_dispersion,ALF - fixed_r8_retained,0.04938271604938271,1,50,0.00021955333186266426,0.0001629282770642661,0.0002890333935524598,1.0
velocity_dispersion,ALF - fixed_r8_retained,0.08163265306122448,1,50,0.00019387430608047197,0.0001615518812327108,0.00023023656365715977,1.0
velocity_dispersion,ALF - knn_k6,0.0044444444444444444,0,50,0.007511798710895082,0.002858852679201226,0.012243737771871556,0.82
velocity_dispersion,ALF - knn_k6,0.007561436672967864,0,50,0.004375114624624262,0.0026546447848756947,0.0065877313050467165,0.86
velocity_dispersion,ALF - knn_k6,0.012345679012345678,1,50,0.0015228490936787292,0.0009432301979739055,0.002193174135121085,0.9
velocity_dispersion,ALF - knn_k6,0.02040816326530612,1,50,0.0006871270238776328,0.0003955114440233285,0.0011392201705834831,0.96
velocity_dispersion,ALF - knn_k6,0.03305785123966942,1,50,0.0001820172413921789,0.00011208524997369786,0.0002571717957825485,0.78
velocity_dispersion,ALF - knn_k6,0.04938271604938271,1,50,2.2407862334603922e-05,-1.2501687812697524e-05,6.55786680739207e-05,0.46
velocity_dispersion,ALF - knn_k6,0.08163265306122448,1,50,-4.590372223435728e-05,-6.685005772314679e-05,-2.5974289638205058e-05,0.22
velocity_dispersion,ALF - crdf,0.0044444444444444444,0,50,-0.007166651735660413,-0.017459873290798487,-0.0005006066616786154,0.38
velocity_dispersion,ALF - crdf,0.007561436672967864,0,50,-0.005428801131287805,-0.008896070745696557,-0.0024660179981745634,0.22
velocity_dispersion,ALF - crdf,0.012345679012345678,1,50,-0.0026168024845773085,-0.0034313298756418905,-0.001896680128521774,0.08
velocity_dispersion,ALF - crdf,0.02040816326530612,1,50,-0.0009886203835620204,-0.001376955463162561,-0.0006448350728135495,0.12
velocity_dispersion,ALF - crdf,0.03305785123966942,1,50,-0.0003062709292608239,-0.000491236776202272,-0.00017130106239249737,0.0
velocity_dispersion,ALF - crdf,0.04938271604938271,1,50,-9.290245042375853e-05,-0.0001443261489566603,-6.009956796552292e-05,0.0
velocity_dispersion,ALF - crdf,0.08163265306122448,1,50,-2.60957354879824e-05,-3.3629031138393004e-05,-1.9035428537780277e-05,0.04
velocity_dispersion,ALF - crmf,0.0044444444444444444,0,50,0.0004080814155417453,-4.8749952290876665e-05,0.0011885083038546277,0.06
velocity_dispersion,ALF - crmf,0.007561436672967864,0,50,0.00011281810151585425,-0.00011391617214637207,0.0003299122199107322,0.24
velocity_dispersion,ALF - crmf,0.012345679012345678,1,50,0.00034443111731862007,0.00014155341380360154,0.0006012387195175828,0.52
velocity_dispersion,ALF - crmf,0.02040816326530612,1,50,0.0001228512303577755,4.2524131569344695e-05,0.0002619744749961526,0.74
velocity_dispersion,ALF - crmf,0.03305785123966942,1,50,3.422782219267098e-05,1.4143875737672852e-05,6.322546429000815e-05,0.68
velocity_dispersion,ALF - crmf,0.04938271604938271,1,50,5.993268286457083e-06,1.3705033009251863e-06,1.1367676023805189e-05,0.56
velocity_dispersion,ALF - crmf,0.08163265306122448,1,50,1.411570159687535e-06,-1.5485662990889432e-06,4.359308012602627e-06,0.44
