candidate_cap,contact_break_rate,controller_wall_s_per_agent_step,degree_variance,density,edge_persistence,episode_failure,final_edge_count,final_fragmentation,final_largest_scc_fraction,final_mean_in_degree,final_mean_out_degree,final_min_in_degree,final_min_out_degree,final_n_scc,final_normalized_comm_cost,final_rooted_fraction,final_sym_lambda2,geometry,half_width,mean_degree,mean_edge_count,mean_fragmentation,mean_interaction_area,mean_largest_scc_fraction,mean_min_in_degree,mean_min_out_degree,mean_n_scc,mean_normalized_comm_cost,mean_radius_footprint,mean_radius_sq,mean_rooted_fraction,mean_sym_lambda2,method,n_agents,neighbor_loss_rate,radius_max_saturation_fraction,radius_temporal_variation,seed,stage,steps
8.0,0.00140625,0.00023146804687513623,2.4511134277307494,0.0204,0.9996543898809525,0,126.0,0.0,1.0,3.9375,3.9375,1.0,1.0,1.0,0.12701612903225806,1.0,0.26531654079326844,uniform,19.802950859533485,3.9207089552238807,125.46268656716418,0.0,194.89663947795964,1.0,1.1194029850746268,1.1194029850746268,1.0,0.12647448242657744,1985.2008681546438,62.03752712983262,1.0,0.28080444697413515,alf,32,0.00140625,0.8443718905472637,0.0004501211493301219,28000,tuning,200
8.0,0.00265625,0.00023223209374975795,2.263238934950558,0.0204,0.9992910185724745,0,122.0,0.0,0.96875,3.8125,3.8125,0.0,1.0,2.0,0.12298387096774194,0.03125,0.3677365823090325,uniform,19.802950859533485,3.683613184079602,117.87562189054727,0.025963930348258706,185.97619297078845,0.949160447761194,0.0,0.8855721393034826,2.218905472636816,0.1188262317445027,1894.3379461576435,59.19806081742636,0.024875621890547265,0.32028161770858316,alf,32,0.00265625,0.632929104477612,0.0015911956146059383,28005,tuning,200
8.0,0.00171875,0.00023911520312481116,7.724513872452105,0.0204,0.9995154389880951,0,163.0,0.0,0.84375,5.09375,5.09375,1.0,1.0,3.0,0.16431451612903225,0.0,0.4084751443763577,uniform,19.802950859533485,4.701026119402985,150.43283582089552,0.010883084577114429,165.7042991544156,0.8170087064676617,1.0,1.0,3.099502487562189,0.15164600385170918,1687.8501313282186,52.74531660400683,0.0,0.33286098978094875,alf,32,0.00140625,0.5427549751243781,0.0013008182687775111,28002,tuning,200
8.0,0.0009375,0.0002458217812500152,2.1927402158594465,0.0204,0.9997812500000001,0,132.0,0.0,0.9375,4.125,4.125,1.0,1.0,2.0,0.13306451612903225,0.0625,0.31859963083385995,uniform,19.802950859533485,4.065143034825871,130.08457711442787,0.004353233830845771,171.341196752703,0.9375,1.0,1.0,2.0,0.1311336462847056,1745.2670987823162,54.53959683694738,0.05814676616915423,0.2944315139895113,alf,32,0.0009375,0.6265547263681592,0.001526826147871761,28004,tuning,200
8.0,0.0025,0.0002443397968750105,3.0967224473094723,0.0204,0.9992146733458569,0,124.0,0.0,1.0,3.875,3.875,1.0,1.0,1.0,0.125,1.0,0.23910096940417608,uniform,19.802950859533485,3.8578980099502487,123.45273631840796,0.0018656716417910447,186.67344565030956,0.9828980099502488,0.9402985074626866,0.9402985074626866,1.3333333333333333,0.12444832290162099,1901.4401036315542,59.42000323848607,0.7397388059701493,0.2769400506362024,alf,32,0.0025,0.6875,0.000533584768396691,28003,tuning,200
8.0,0.0009375,0.00024690632812479407,2.0448306266784857,0.0204,0.99985591975667,0,135.0,0.0,1.0,4.21875,4.21875,1.0,1.0,1.0,0.13608870967741934,1.0,0.5525921939471802,uniform,19.802950859533485,4.182680348258707,133.84577114427861,0.0003109452736318408,189.77735597952244,0.9996890547263682,0.9900497512437811,0.9900497512437811,1.0099502487562189,0.13492517252447475,1933.0562746272806,60.40800858210252,0.9900497512437811,0.5098881859093503,alf,32,0.0009375,0.7196828358208955,0.0013937220415136593,28001,tuning,200
8.0,0.0009375,0.0002462227656249638,2.3582118316610354,0.0204,0.9998279368058813,0,139.0,0.0,1.0,4.34375,4.34375,1.0,1.0,1.0,0.14012096774193547,1.0,0.6870767356438049,uniform,19.802950859533485,4.326337064676617,138.44278606965173,0.0010883084577114428,194.45551715301264,0.9989116915422885,0.9651741293532339,0.9651741293532339,1.0348258706467661,0.13955926015085887,1980.7076330491395,61.89711353278561,0.9651741293532339,0.6702757935328302,alf,32,0.00078125,0.75,0.0006698729806052062,28006,tuning,200
8.0,0.0028125,0.00023018375000020798,1.4912488387895722,0.0204,0.9992406994047619,0,111.0,0.0,1.0,3.46875,3.46875,1.0,1.0,1.0,0.11189516129032258,1.0,0.2721770525331691,uniform,19.802950859533485,3.5066853233830844,112.2139303482587,0.0,189.0214681293084,1.0,1.0,1.0,1.0,0.11311888139945456,1925.3568642090615,60.16740200653317,1.0,0.29983764471549923,alf,32,0.00265625,0.7501554726368159,0.0008392829904398408,28007,tuning,200
8.0,0.00109375,0.0002216338593748901,3.5081881288520087,0.0204,0.9995910819398864,0,145.0,0.0,1.0,4.53125,4.53125,2.0,2.0,1.0,0.1461693548387097,1.0,0.39878421037143047,uniform,19.802950859533485,4.333022388059701,138.65671641791045,0.04306592039800995,183.2870889930777,0.9379664179104478,1.3134328358208955,1.4676616915422886,1.2885572139303483,0.1397749157438608,1866.946957963036,58.34209243634488,0.8272699004975125,0.3206919953213879,alf,32,0.00109375,0.622978855721393,0.0011882004229738907,28008,tuning,200
8.0,0.0015625,0.0002445928437501266,3.2311251336213833,0.0204,0.9997313368055555,0,133.0,0.0,0.84375,4.15625,4.15625,1.0,1.0,2.0,0.13407258064516128,0.15625,0.2609584800029572,uniform,19.802950859533485,4.151896766169155,132.86069651741295,0.002643034825870647,174.76996587172673,0.8823072139303483,1.0,1.0,1.756218905472637,0.13393215374739176,1780.192254239178,55.631007944974314,0.36380597014925375,0.2516492442438291,alf,32,0.0015625,0.6568718905472637,0.0012479475086947744,28009,tuning,200
8.0,0.0040625,0.00023458564062508457,1.3368967313618474,0.0204,0.9989880952380952,0,112.0,0.0,1.0,3.5,3.5,1.0,2.0,1.0,0.11290322580645161,1.0,0.29401978005967677,uniform,19.802950859533485,3.349813432835821,107.19402985074628,0.0,190.06407268718664,0.9244402985074627,1.0,1.9751243781094527,1.8059701492537314,0.10805849783341331,1935.9767470299553,60.4992733446861,0.9244402985074627,0.25616627895556926,alf,32,0.0040625,0.7720771144278606,0.0012096329048977073,28013,tuning,200
8.0,0.00125,0.0002449036874998001,2.5757243593908568,0.0204,0.9995688244047619,0,135.0,0.0,1.0,4.21875,4.21875,1.0,2.0,1.0,0.13608870967741934,1.0,0.24427515536833336,uniform,19.802950859533485,4.1731965174129355,133.54228855721394,0.003109452736318408,169.02689219187556,0.990360696517413,1.0,1.771144278606965,1.0746268656716418,0.1346192424971917,1721.6937860990645,53.802930815595765,0.9319029850746269,0.20258726411809738,alf,32,0.00109375,0.5629664179104478,0.0008677502235875154,28010,tuning,200
8.0,0.0015625,0.000240076500000157,2.01427215601099,0.0204,0.9995930553072292,0,121.0,0.0,1.0,3.78125,3.78125,1.0,1.0,1.0,0.1219758064516129,1.0,0.2938981103144379,uniform,19.802950859533485,3.7555970149253732,120.17910447761194,0.0018656716417910447,179.34331928567173,0.9835199004975125,0.9651741293532339,0.9651741293532339,1.144278606965174,0.12114829080404378,1826.7760495886528,57.0867515496454,0.9449626865671642,0.29038817671814343,alf,32,0.0015625,0.6878109452736318,0.001272825367397261,28011,tuning,200
8.0,0.0028125,0.000235374906250172,2.7476884080839583,0.0204,0.999393043154762,0,165.0,0.0,1.0,5.15625,5.15625,1.0,2.0,1.0,0.1663306451612903,1.0,0.28373221795882436,uniform,19.802950859533485,4.57773631840796,146.48756218905473,0.06421019900497513,163.44887742008143,0.9357898009950248,1.0,2.0,1.2935323383084578,0.1476689134970309,1664.8765941905433,52.02739356845448,0.7064676616915423,0.21962350687851648,alf,32,0.0028125,0.4651741293532338,0.0026576050519436607,28014,tuning,200
8.0,0.0021875,0.00026387764062519637,3.254027567967068,0.0204,0.9994255952380953,0,148.0,0.0,1.0,4.625,4.625,1.0,1.0,1.0,0.14919354838709678,1.0,0.5462374370715811,uniform,19.802950859533485,4.423041044776119,141.53731343283582,0.009328358208955223,163.38444977974098,0.9589552238805971,1.0,1.0,1.2189054726368158,0.14267874337987455,1664.2203396348996,52.00688561359061,0.9185323383084577,0.4494752101872225,alf,32,0.00203125,0.4382773631840796,0.003060207708101127,28012,tuning,200
8.0,0.00328125,0.00025772249999988616,1.808340889419507,0.0204,0.9991403563613629,0,110.0,0.0,1.0,3.4375,3.4375,1.0,1.0,1.0,0.11088709677419355,1.0,0.2655206974159841,uniform,19.802950859533485,3.437966417910448,110.01492537313433,0.0003109452736318408,197.83953033376835,0.9996890547263682,0.9900497512437811,0.9900497512437811,1.0099502487562189,0.11090214251324006,2015.176908262285,62.974278383196406,0.9900497512437811,0.2722833730535261,alf,32,0.00296875,0.90625,0.00016746824515130154,28015,tuning,200
8.0,0.0009375,0.00026191907812489034,1.5944434389000273,0.0204,0.9997552083333333,0,117.0,0.0,1.0,3.65625,3.65625,1.0,1.0,1.0,0.11794354838709678,1.0,0.4111978506321329,uniform,19.802950859533485,3.6274875621890548,116.07960199004975,0.0,197.99582847563877,1.0,1.0,1.0,1.0,0.11701572781254975,2016.7689480622694,63.02402962694592,1.0,0.3897610684905105,alf,32,0.0009375,0.9376554726368159,0.00016746824515130167,28016,tuning,200
8.0,0.00109375,0.00022235165624977072,2.1708961170128833,0.0204,0.9997234999032436,0,124.0,0.0,0.84375,3.875,3.875,1.0,1.0,2.0,0.125,0.84375,0.3560985318580035,uniform,19.802950859533485,3.8484141791044775,123.14925373134328,0.0046641791044776115,178.9080857658162,0.837997512437811,0.9800995024875622,0.9900497512437811,2.08955223880597,0.124142392874338,1822.3427973592582,56.94821241747682,0.7807835820895522,0.34550009706214985,alf,32,0.00109375,0.71875,0.0003661165232585173,28018,tuning,200
6.0,0.0009375,0.00021979368749981633,1.7577906487463182,0.0204,0.9997217806041335,0,110.0,0.0,1.0,3.4375,3.4375,1.0,1.0,1.0,0.11088709677419355,1.0,0.12059905361227402,uniform,19.802950859533485,3.144278606965174,100.61691542288557,0.11629353233830846,113.09733552923255,0.8837064676616916,0.6268656716417911,0.6268656716417911,1.9203980099502487,0.10142834216016676,1152.0,36.0,0.6268656716417911,0.09506977663586251,crmf,32,0.0009375,1.0,0.0,28000,tuning,200
8.0,0.00203125,0.00025277573437506364,3.8224687159661888,0.0204,0.9996059147659901,0,136.0,0.0,0.65625,4.25,4.25,0.0,1.0,3.0,0.13709677419354838,0.0,0.3422561822346168,uniform,19.802950859533485,4.024564676616915,128.7860696517413,0.018034825870646767,162.2677900251909,0.6722636815920398,0.1044776119402985,0.8805970149253731,3.1044776119402986,0.12982466698764233,1652.8461367748403,51.65144177421376,0.06436567164179105,0.3082469610885589,alf,32,0.00203125,0.38526119402985076,0.001940941380478185,28017,tuning,200
8.0,0.00453125,0.000244895265625189,4.950887663671692,0.0204,0.9988616854473371,0,178.0,0.0,1.0,5.5625,5.5625,1.0,1.0,1.0,0.17943548387096775,1.0,0.5151507461386017,uniform,19.802950859533485,5.189054726368159,166.0497512437811,0.00792910447761194,161.46236817698724,0.9732587064676617,0.9900497512437811,0.9900497512437811,1.1243781094527363,0.16738886214090817,1644.6421771962277,51.39506803738212,0.9096703980099502,0.3455330620355941,alf,32,0.004375,0.4351679104477612,0.0021818705559291207,28019,tuning,200
6.0,0.0009375,0.00021944956249996038,1.6968259410348754,0.0204,0.9994984690106642,0,99.0,0.0,1.0,3.09375,3.09375,1.0,1.0,1.0,0.09979838709677419,1.0,0.2319565634384262,uniform,19.802950859533485,3.043221393034826,97.38308457711443,0.028296019900497512,113.0577161399571,0.9717039800995025,0.6417910447761194,0.6417910447761194,1.5671641791044777,0.09816843203338167,1151.59644021469,35.98738875670906,0.6417910447761194,0.20837578328127826,crmf,32,0.0009375,0.9375,0.00010723304695797686,28001,tuning,200
6.0,0.00046875,0.0002511243593750123,3.833942751262345,0.0204,0.9998825003916654,1,139.0,0.0625,0.9375,4.34375,4.34375,1.0,1.0,2.0,0.14012096774193547,0.0,0.3375242282449189,uniform,19.802950859533485,3.974813432835821,127.19402985074628,0.13961442786069653,110.59750995927006,0.8592972636815921,0.9502487562189055,0.9502487562189055,2.6417910447761193,0.12821978815599447,1126.5369858350691,35.20428080734591,0.0,0.23556232825041168,crmf,32,0.00046875,0.6018345771144279,0.0018194065241505459,28002,tuning,200
6.0,0.00125,0.00024759865625014756,2.633019579303421,0.0204,0.9995176680297788,0,116.0,0.0,1.0,3.625,3.625,1.0,1.0,1.0,0.11693548387096774,1.0,0.18634308613123643,uniform,19.802950859533485,3.291200248756219,105.31840796019901,0.07944651741293532,112.71584205133182,0.9205534825870647,0.9353233830845771,0.9353233830845771,1.845771144278607,0.10616774995987814,1148.114139343026,35.87856685446956,0.7412935323383084,0.1428156160476606,crmf,32,0.00125,0.9067164179104478,0.0002534727829341031,28003,tuning,200
6.0,0.00125,0.00021625595312485757,1.5217985592868988,0.0204,0.9994214229867084,0,106.0,0.0,1.0,3.3125,3.3125,1.0,1.0,1.0,0.10685483870967742,1.0,0.17762453433303252,uniform,19.802950859533485,3.1041666666666665,99.33333333333333,0.14614427860696516,112.41210526429477,0.8538557213930348,0.9900497512437811,0.9900497512437811,1.8308457711442787,0.1001344086021505,1145.0203018354548,35.78188443235796,0.6766169154228856,0.1210998000416268,crmf,32,0.00109375,0.84375,0.00030789336412248943,28004,tuning,200
6.0,0.000625,0.0002283493593751018,2.675757730896203,0.0204,0.9996749553063546,0,105.0,0.0,1.0,3.28125,3.28125,1.0,1.0,1.0,0.10584677419354839,1.0,0.12966182093693981,uniform,19.802950859533485,2.893812189054726,92.60199004975124,0.197294776119403,112.80323365594757,0.8027052238805971,0.35323383084577115,0.35323383084577115,3.656716417910448,0.09334878029208797,1149.0043029180229,35.906384466188214,0.2835820895522388,0.04992389878227688,crmf,32,0.000625,0.962842039800995,8.187028517838077e-05,28005,tuning,200
6.0,0.0009375,0.00021539549999999964,1.4197319334608054,0.0204,0.9996602373111703,0,94.0,0.0,1.0,2.9375,2.9375,1.0,1.0,1.0,0.09475806451612903,1.0,0.17802691926995542,uniform,19.802950859533485,2.8174751243781095,90.1592039800995,0.05550373134328358,113.09733552923255,0.9444962686567164,0.8855721393034826,0.8855721393034826,1.3980099502487562,0.09088629433477788,1152.0,36.0,0.8208955223880597,0.14046624823671272,crmf,32,0.0009375,1.0,0.0,28007,tuning,200
6.0,0.00078125,0.0002368369687499694,0.9419553352639786,0.0204,0.9997415008616638,0,82.0,0.0,1.0,2.5625,2.5625,1.0,1.0,1.0,0.08266129032258064,1.0,0.11160921832774624,uniform,19.802950859533485,2.582089552238806,82.6268656716418,0.021610696517412934,113.09733552923255,0.978389303482587,0.9303482587064676,0.9303482587064676,1.2039800995024876,0.08329321136254186,1152.0,36.0,0.9303482587064676,0.20816013822142818,crmf,32,0.00078125,1.0,0.0,28006,tuning,200
6.0,0.0003125,0.0002454162343749999,1.9071851321362714,0.0204,0.9999160237232982,0,105.0,0.0,1.0,3.28125,3.28125,1.0,1.0,1.0,0.10584677419354839,1.0,0.17594657772206856,uniform,19.802950859533485,2.982431592039801,95.43781094527363,0.1966728855721393,112.86422147550122,0.8033271144278606,0.7960199004975125,0.7960199004975125,2.208955223880597,0.09620747071096156,1149.625519746846,35.92579749208894,0.527363184079602,0.07490717104404698,crmf,32,0.0003125,0.9735696517412935,0.00014485357735519609,28008,tuning,200
6.0,0.0009375,0.00023296387500010952,2.588285252840276,0.0204,0.9996558736117629,1,123.0,0.28125,0.71875,3.84375,3.84375,1.0,1.0,2.0,0.12399193548387097,0.0,0.13722671914992343,uniform,19.802950859533485,3.6940298507462686,118.2089552238806,0.34841417910447764,111.23313984654705,0.6375932835820896,0.9651741293532339,0.9651741293532339,2.6766169154228856,0.11916225324987982,1133.011458701442,35.406608084420064,0.0,0.08774496751813309,crmf,32,0.0009375,0.7512437810945274,0.00034807123406074445,28010,tuning,200
6.0,0.0,0.00024354984375008827,2.411344629464617,0.0204,1.0,0,123.0,0.0,1.0,3.84375,3.84375,1.0,1.0,1.0,0.12399193548387097,1.0,0.19104273863556503,uniform,19.802950859533485,3.654850746268657,116.95522388059702,0.054104477611940295,113.01610546956198,0.9451181592039801,0.9651741293532339,0.9651741293532339,1.4378109452736318,0.11789841116995682,1151.1725974064498,35.974143668951555,0.8664490049751243,0.18429827752941344,crmf,32,0.0,0.9375,0.00011039047716654773,28009,tuning,200
6.0,0.000625,0.0002516545624999367,2.742110247116408,0.0204,0.9997482376636454,1,103.0,0.1875,0.8125,3.21875,3.21875,1.0,1.0,2.0,0.10383064516129033,0.0,0.16045876436264453,uniform,19.802950859533485,3.066853233830846,98.13930348258707,0.21361940298507462,111.0575923041046,0.7863805970149254,0.8009950248756219,0.8009950248756219,2.736318407960199,0.0989307494784146,1131.2233461172916,35.35072956616536,0.0,0.12585706681002135,crmf,32,0.000625,0.8597636815920398,0.0004339161969381837,28011,tuning,200
6.0,0.00265625,0.0002434997812500228,2.664342094525816,0.0204,0.9992393497630762,0,118.0,0.0,1.0,3.6875,3.6875,1.0,1.0,1.0,0.11895161290322581,1.0,0.17135015861035396,uniform,19.802950859533485,3.3935012437810945,108.59203980099502,0.2579291044776119,108.1310285579171,0.7419154228855721,0.5422885572139303,0.5422885572139303,2.8507462686567164,0.10946778205745435,1101.413612582618,34.419175393206814,0.3383084577114428,0.10054423504489042,crmf,32,0.00234375,0.6564054726368159,0.0010103643804557016,28012,tuning,200
6.0,0.0,0.00021360882812501814,1.6555840201975198,0.0204,1.0,0,104.0,0.0,1.0,3.25,3.25,1.0,1.0,1.0,0.10483870967741936,1.0,0.2445805878762861,uniform,19.802950859533485,2.8992537313432836,92.77611940298507,0.17786069651741293,113.09733552923255,0.822139303482587,0.9154228855721394,0.9154228855721394,2.6318407960199006,0.09352431391429963,1152.0,36.0,0.2537313432835821,0.18245342497628164,crmf,32,0.0,1.0,0.0,28013,tuning,200
6.0,0.0025,0.00021215940625012307,1.59155924261621,0.0204,0.9991801561108492,0,110.0,0.0,1.0,3.4375,3.4375,1.0,1.0,1.0,0.11088709677419355,1.0,0.14461356069328005,uniform,19.802950859533485,3.2094216417910446,102.70149253731343,0.3541666666666667,112.63162623283522,0.6458333333333334,0.8407960199004975,0.8407960199004975,2.6318407960199006,0.10352973038035605,1147.256324059809,35.85176012686903,0.1890547263681592,0.10335789316807541,crmf,32,0.0025,0.7565298507462687,0.0005413441145749148,28014,tuning,200
6.0,0.001875,0.00023643075000023828,1.011896267264424,0.0204,0.9992810457516339,0,82.0,0.0,1.0,2.5625,2.5625,1.0,1.0,1.0,0.08266129032258064,1.0,0.16032764221480159,uniform,19.802950859533485,2.4449626865671643,78.23880597014926,0.16728855721393035,113.09733552923255,0.8327114427860697,0.9303482587064676,0.9303482587064676,2.0497512437810945,0.07886976408281159,1152.0,36.0,0.34328358208955223,0.0809366403919764,crmf,32,0.00171875,1.0,0.0,28015,tuning,200
6.0,0.00125,0.00021554243749989156,1.5096484887440904,0.0204,0.9993863909342524,0,96.0,0.0,1.0,3.0,3.0,1.0,1.0,1.0,0.0967741935483871,1.0,0.2851384032147234,uniform,19.802950859533485,2.7981965174129355,89.54228855721394,0.11940298507462686,113.09733552923255,0.8805970149253731,0.9651741293532339,0.9651741293532339,1.7761194029850746,0.09026440378751445,1152.0,36.0,0.7562189054726368,0.1982256255781026,crmf,32,0.00125,1.0,0.0,28016,tuning,200
6.0,0.000625,0.00022623589062476413,2.6512386905259153,0.0204,0.9997893960932974,0,151.0,0.0,1.0,4.71875,4.71875,1.0,1.0,1.0,0.15221774193548387,1.0,0.5498987990355559,uniform,19.802950859533485,3.7868470149253732,121.17910447761194,0.26616915422885573,112.07950045722048,0.7338308457711443,0.8308457711442786,0.8308457711442786,2.4975124378109452,0.12215635532017331,1141.632417090367,35.67601303407397,0.22885572139303484,0.2304331828224405,crmf,32,0.000625,0.8401741293532339,0.0005662295521923107,28017,tuning,200
6.0,0.000625,0.00021807824999996227,1.617166035494171,0.0204,0.99976363063347,0,104.0,0.0,1.0,3.25,3.25,1.0,1.0,1.0,0.10483870967741936,1.0,0.18866682957904304,uniform,19.802950859533485,2.9738805970149254,95.16417910447761,0.2552860696517413,112.89526378106133,0.7447139303482587,0.8606965174129353,0.8606965174129353,2.4776119402985075,0.09593163216177196,1149.9417140748371,35.93567856483866,0.21890547263681592,0.12366272491926236,crmf,32,0.000625,0.8125,0.0005585350044337234,28018,tuning,200
6.0,0.00359375,0.0002484213281249481,3.459545787851786,0.0204,0.9991322045182865,0,137.0,0.0,1.0,4.28125,4.28125,1.0,1.0,1.0,0.1381048387096774,1.0,0.15315451863744645,uniform,19.802950859533485,4.244402985074627,135.82089552238807,0.1433457711442786,111.59093464264122,0.855410447761194,0.5870646766169154,0.5870646766169154,2.383084577114428,0.1369162253249876,1136.6559265677424,35.52049770524195,0.5833333333333334,0.12591812080892154,crmf,32,0.00359375,0.6105410447761194,0.001013524760187229,28019,tuning,200
7.0,0.000625,0.00022666599999979553,2.129777012790525,0.0204,0.9998070806611398,0,121.0,0.0,1.0,3.78125,3.78125,1.0,1.0,1.0,0.1219758064516129,1.0,0.35333991566691103,uniform,19.802950859533485,3.7434701492537314,119.7910447761194,0.0010883084577114428,153.39856851831945,0.9989116915422885,0.9651741293532339,0.9651741293532339,1.0348258706467661,0.12075710158882956,1562.5049883463257,48.82828088582268,0.9651741293532339,0.3520974869124726,crmf,32,0.000625,0.8126554726368159,0.0004933575102581162,28001,tuning,200
7.0,0.0009375,0.00025750170312505816,2.2832140747985816,0.0204,0.9996961530331854,0,123.0,0.0,1.0,3.84375,3.84375,1.0,1.0,1.0,0.12399193548387097,1.0,0.1531191075070421,uniform,19.802950859533485,3.697294776119403,118.31343283582089,0.016635572139303483,153.62244063768674,0.9833644278606966,0.8805970149253731,0.9054726368159204,1.4676616915422886,0.11926757342320678,1564.7853310290627,48.89954159465821,0.6766169154228856,0.14254242239910514,crmf,32,0.00078125,0.9034514925373134,0.00013374117238925038,28000,tuning,200
7.0,0.001875,0.00022912339062486353,2.6926421027635454,0.0204,0.9993442468184737,0,121.0,0.0,1.0,3.78125,3.78125,1.0,1.0,1.0,0.1219758064516129,1.0,0.3154641460820603,uniform,19.802950859533485,3.5693407960199006,114.21890547263682,0.014769900497512438,150.5231834931568,0.9849191542288557,0.6965174129353234,0.6965174129353234,1.4825870646766168,0.11514002567806084,1533.2165569833148,47.91301740572859,0.6965174129353234,0.20700038557549505,crmf,32,0.001875,0.6361940298507462,0.000595479468702732,28003,tuning,200
7.0,0.00078125,0.00025232243749997,3.6324995968153635,0.0204,0.9997939811192823,0,145.0,0.0,1.0,4.53125,4.53125,1.0,1.0,1.0,0.1461693548387097,1.0,0.33840259760551983,uniform,19.802950859533485,4.186100746268656,133.955223880597,0.10245646766169154,148.8322533934185,0.8964552238805971,0.9651741293532339,0.9651741293532339,2.1791044776119404,0.13503550794414967,1515.9928844203566,47.374777638136145,0.32338308457711445,0.23379915131437054,crmf,32,0.00078125,0.5104166666666666,0.0029557399163149005,28002,tuning,200
7.0,0.000625,0.00023624695312520315,2.0932579600443058,0.0204,0.99984375,0,124.0,0.0,1.0,3.875,3.875,1.0,1.0,1.0,0.125,1.0,0.2723352983931715,uniform,19.802950859533485,3.8100124378109452,121.92039800995025,0.010572139303482588,151.07489892128527,0.9894278606965174,1.0,1.0,1.1691542288557213,0.12290362702615952,1538.836284187584,48.088633880862,0.8805970149253731,0.2473336379728118,crmf,32,0.00046875,0.6875,0.0009197698826039917,28004,tuning,200
7.0,0.0009375,0.00023098660937506565,2.3569044547164673,0.0204,0.99971942521502,0,105.0,0.0,1.0,3.28125,3.28125,1.0,1.0,1.0,0.10584677419354839,1.0,0.1429469007144024,uniform,19.802950859533485,3.185945273631841,101.95024875621891,0.03404850746268657,153.2771222586832,0.9659514925373134,0.8507462686567164,0.8507462686567164,1.492537313432836,0.10277242818167205,1561.2679469036934,48.78962334074042,0.7512437810945274,0.12077201173417448,crmf,32,0.0009375,0.6977611940298507,0.00019525316924096065,28005,tuning,200
7.0,0.00109375,0.00022417445312498786,1.2472384027855128,0.0204,0.9996119791666667,0,94.0,0.0,1.0,2.9375,2.9375,1.0,1.0,1.0,0.09475806451612903,1.0,0.08196918406533776,uniform,19.802950859533485,2.873600746268657,91.95522388059702,0.00404228855721393,153.90376632387608,0.9959577114427861,1.0,1.0,1.064676616915423,0.09269679826673062,1567.6508909379108,48.989090341809714,0.9353233830845771,0.09176113319459649,crmf,32,0.00109375,0.78125,7.852771683076368e-05,28007,tuning,200
7.0,0.0009375,0.00024117415624999694,1.296679474788681,0.0204,0.9997808733761152,0,112.0,0.0,1.0,3.5,3.5,1.0,1.0,1.0,0.11290322580645161,1.0,0.40356909434855287,uniform,19.802950859533485,3.457245024875622,110.6318407960199,0.003109452736318408,153.89887008072986,0.9968905472636815,0.945273631840796,0.945273631840796,1.0746268656716418,0.11152403306050421,1567.6010182147556,48.987531819211114,0.945273631840796,0.3705689336051127,crmf,32,0.00078125,0.75,8.974596209230135e-05,28006,tuning,200
7.0,0.0003125,0.00022321376562501883,2.148137480353209,0.0204,0.99986919897452,1,116.0,0.21875,0.78125,3.625,3.625,1.0,1.0,2.0,0.11693548387096774,0.0,0.18342722737809125,uniform,19.802950859533485,3.630286069651741,116.16915422885572,0.08069029850746269,152.3884176440082,0.9193097014925373,0.8557213930348259,0.8557213930348259,1.507462686567164,0.11710600224683013,1552.2156760317507,48.50673987599221,0.7412935323383084,0.16884369129293825,crmf,32,0.0003125,0.6567164179104478,0.0006086852088779271,28008,tuning,200
7.0,0.00078125,0.00024800306250000404,3.1511835789568945,0.0204,0.9998084077380952,0,132.0,0.0,1.0,4.125,4.125,1.0,1.0,1.0,0.13306451612903225,1.0,0.3451834070755485,uniform,19.802950859533485,4.0200559701492535,128.6417910447761,0.006685323383084577,151.57274696746305,0.9933146766169154,1.0,1.0,1.064676616915423,0.1296792248435242,1543.9073227448853,48.247103835777665,0.9651741293532339,0.30696280228944234,crmf,32,0.000625,0.6385261194029851,0.0006992369520754123,28009,tuning,200
7.0,0.000625,0.0002571617031247797,2.967827896432019,0.0204,0.9997786458333334,0,132.0,0.0,1.0,4.125,4.125,1.0,1.0,1.0,0.13306451612903225,1.0,0.17719226586183376,uniform,19.802950859533485,4.0736940298507465,130.3582089552239,0.021455223880597014,144.99205214096233,0.9785447761194029,1.0,1.0,1.1691542288557213,0.13140948483389486,1476.8769156654068,46.152403614543964,0.9154228855721394,0.17271536463862486,crmf,32,0.000625,0.65625,0.0007597457182756221,28010,tuning,200
7.0,0.00203125,0.0002488948437499516,2.81143777285061,0.0204,0.9995599416858325,0,131.0,0.0,1.0,4.09375,4.09375,1.0,1.0,1.0,0.13205645161290322,1.0,0.41137655720010213,uniform,19.802950859533485,4.0244092039801,128.7810945273632,0.05099502487562189,140.79833305178593,0.9488495024875622,0.5920398009950248,0.5920398009950248,1.6318407960199004,0.12981965174129345,1434.1600437946058,44.81750136858143,0.5920398009950248,0.29366988043159836,crmf,32,0.001875,0.53125,0.0019027892173532352,28012,tuning,200
7.0,0.0025,0.00022166970312497369,1.108977592409532,0.0204,0.9990232848882638,0,104.0,0.0,1.0,3.25,3.25,1.0,1.0,1.0,0.10483870967741936,1.0,0.29340091978275756,uniform,19.802950859533485,3.0029539800995027,96.09452736318408,0.10105721393034826,153.90866256702233,0.8989427860696517,0.9950248756218906,0.9950248756218906,1.9701492537313432,0.09686948322901653,1567.7007636610665,48.99064886440833,0.22885572139303484,0.17632007086145518,crmf,32,0.0025,0.8125,6.730947156922601e-05,28013,tuning,200
7.0,0.00171875,0.00023795212500004936,2.698826273444655,0.0204,0.9994961788107203,0,118.0,0.0,1.0,3.6875,3.6875,1.0,1.0,1.0,0.11895161290322581,1.0,0.2185151579294341,uniform,19.802950859533485,3.5673196517412937,114.1542288557214,0.04197761194029851,146.96389274337366,0.9555348258706468,0.9253731343283582,0.9253731343283582,1.5124378109452736,0.11507482747552497,1496.9619191126428,46.78005997227009,0.7711442786069652,0.20659145449134478,crmf,32,0.00171875,0.7189054726368159,0.000734134063001019,28011,tuning,200
7.0,0.0021875,0.0002381910312499258,1.7402492164488503,0.0204,0.9993776041666667,0,147.0,0.0,1.0,4.59375,4.59375,2.0,2.0,1.0,0.14818548387096775,1.0,0.14611808564276346,uniform,19.802950859533485,4.044465174129353,129.4228855721393,0.08069029850746269,152.83164343719156,0.9163557213930348,1.2238805970149254,1.3233830845771144,1.5174129353233832,0.13046661852030195,1556.730336888772,48.64782302777412,0.6595149253731343,0.12760948774290376,crmf,32,0.00203125,0.548818407960199,0.0017045001672925952,28014,tuning,200
7.0,0.000625,0.0002042538906249547,0.7960550703803743,0.0204,0.99977840346212,0,94.0,0.0,1.0,2.9375,2.9375,1.0,1.0,1.0,0.09475806451612903,1.0,0.13208705158821882,uniform,19.802950859533485,2.859608208955224,91.50746268656717,0.021921641791044777,153.92335129646102,0.9780783582089553,0.9651741293532339,0.9651741293532339,1.1243781094527363,0.09224542609532987,1567.8503818305323,48.995324432204136,0.9203980099502488,0.11793960101007438,crmf,32,0.000625,0.90625,3.3654735784613006e-05,28015,tuning,200
7.0,0.000625,0.0002028435781249982,1.1140634475322393,0.0204,0.9997994791666668,0,100.0,0.0,1.0,3.125,3.125,1.0,1.0,1.0,0.10080645161290322,1.0,0.2794318929822105,uniform,19.802950859533485,3.031405472636816,97.0049751243781,0.009483830845771144,153.93314378275355,0.9905161691542289,1.0,1.0,1.0398009950248757,0.09778727331086538,1567.950127276844,48.99844147740137,0.9751243781094527,0.2668058269827772,crmf,32,0.000625,0.96875,1.1218245261537669e-05,28016,tuning,200
7.0,0.00046875,0.00021692685937523492,2.6214826974811887,0.0204,0.9998507697141062,1,132.0,0.3125,0.6875,4.125,4.125,1.0,1.0,2.0,0.13306451612903225,0.0,0.2602579833992376,uniform,19.802950859533485,3.9507151741293534,126.42288557213931,0.2745646766169154,150.45363125678156,0.7254353233830846,0.8606965174129353,0.8606965174129353,2.189054726368159,0.1274424249719146,1532.5081037210928,47.89087824128415,0.1044776119402985,0.2338972215777947,crmf,32,0.00046875,0.42117537313432835,0.0010800339352931474,28017,tuning,200
7.0,0.00125,0.0002568081562500879,1.653181518364335,0.0204,0.9996455564242899,1,102.0,0.1875,0.8125,3.1875,3.1875,1.0,1.0,2.0,0.1028225806451613,0.0,0.11814529042629911,uniform,19.802950859533485,3.181436567164179,101.80597014925372,0.14085820895522388,153.26020673965098,0.847636815920398,0.9751243781094527,0.9751243781094527,1.9751243781094527,0.1026269860375541,1561.0956468416812,48.78423896380254,0.23289800995024876,0.10730158894538813,crmf,32,0.00125,0.71875,0.0015296897394291697,28018,tuning,200
8.0,0.00125,0.000247570734375131,2.268109637408418,0.0204,0.9996934523809524,0,127.0,0.0,1.0,3.96875,3.96875,1.0,1.0,1.0,0.1280241935483871,1.0,0.26531654079326844,uniform,19.802950859533485,3.9357898009950247,125.94527363184079,0.0,200.3104498275052,1.0,1.1243781094527363,1.1243781094527363,1.0,0.1269609613224207,2040.3454875525472,63.7607964860171,1.0,0.2708545864598332,crmf,32,0.00125,0.9074937810945274,0.00041595506835375606,28000,tuning,200
7.0,0.00203125,0.00026502053125000203,3.09762325557381,0.0204,0.999410913754791,0,168.0,0.0,1.0,5.25,5.25,2.0,2.0,1.0,0.1693548387096774,1.0,0.3460769288318462,uniform,19.802950859533485,4.7924440298507465,153.3582089552239,0.06949626865671642,146.03249457962778,0.9305037313432836,1.5223880597014925,1.5223880597014925,1.63681592039801,0.15459496870486272,1487.4747753208433,46.48358672877635,0.6169154228855721,0.2639426772999908,crmf,32,0.00203125,0.39490049751243783,0.0033237062642308256,28019,tuning,200
8.0,0.000625,0.00025264576562506136,2.205574177464667,0.0204,0.9999122989823208,0,139.0,0.0,1.0,4.34375,4.34375,1.0,1.0,1.0,0.14012096774193547,1.0,0.4854851517419131,uniform,19.802950859533485,4.316853233830845,138.13930348258705,0.0003109452736318408,195.49894097208474,0.9996890547263682,0.9900497512437811,0.9900497512437811,1.0099502487562189,0.13925333012357594,1991.335860796029,62.22924564987591,0.9900497512437811,0.47329572336293646,crmf,32,0.000625,0.7504664179104478,0.0014940033737543218,28001,tuning,200
8.0,0.0015625,0.000266479671875004,3.868251636716913,0.0204,0.9995545014880952,0,158.0,0.0,1.0,4.9375,4.9375,1.0,1.0,1.0,0.1592741935483871,1.0,0.2800010334072919,uniform,19.802950859533485,4.726990049751244,151.2636815920398,0.009017412935323384,186.72323302858987,0.9357898009950248,1.0,1.0,1.5024875621890548,0.15248354999197605,1901.9472337023958,59.43585105319987,0.6595149253731343,0.2482719545405596,crmf,32,0.00125,0.4183768656716418,0.004617415042005546,28002,tuning,200
8.0,0.00171875,0.0002562444531250208,2.7604164491209993,0.0204,0.999471479261711,0,129.0,0.0,1.0,4.03125,4.03125,1.0,1.0,1.0,0.13004032258064516,1.0,0.24291058134710505,uniform,19.802950859533485,3.999533582089552,127.98507462686567,0.0018656716417910447,191.3730284633033,0.9972014925373134,0.9402985074626866,0.9402985074626866,1.0895522388059702,0.12901721232546917,1949.3096610816451,60.91592690880141,0.9402985074626866,0.2498667407051612,crmf,32,0.00171875,0.6332400497512438,0.0017772557760538596,28003,tuning,200
8.0,0.0003125,0.00023671676562514677,2.4263244373592237,0.0204,0.9999386160714286,0,146.0,0.0,1.0,4.5625,4.5625,1.0,1.0,1.0,0.14717741935483872,1.0,0.3458696168110173,uniform,19.802950859533485,4.482898009950249,143.45273631840797,0.004353233830845771,191.98052981183667,0.9950248756218906,1.0,1.0,1.0796019900497513,0.14460961322420196,1955.4976190051061,61.109300593909566,0.9210199004975125,0.3232788042188299,crmf,32,0.0003125,0.6875,0.0018807583428698824,28004,tuning,200
8.0,0.00109375,0.00023005054687502024,2.289068881339571,0.0204,0.9997255332496863,0,130.0,0.0,1.0,4.0625,4.0625,1.0,1.0,1.0,0.1310483870967742,1.0,0.36554055625586296,uniform,19.802950859533485,3.9794776119402986,127.34328358208955,0.007462686567164179,198.2663165396578,0.9905161691542289,0.8905472636815921,0.8955223880597015,1.1840796019900497,0.1283702455464618,2019.5241168581724,63.11012865181789,0.8907027363184079,0.33532343981250334,crmf,32,0.0009375,0.6716417910447762,0.0016044748981766282,28005,tuning,200
8.0,0.00109375,0.00025130637499984235,2.1888310894222913,0.0204,0.9997966525887689,0,139.0,0.0,1.0,4.34375,4.34375,1.0,1.0,1.0,0.14012096774193547,1.0,0.6855451361690561,uniform,19.802950859533485,4.329291044776119,138.53731343283582,0.0010883084577114428,199.38359591978534,0.9989116915422885,0.9651741293532339,0.9651741293532339,1.0348258706467661,0.13965454983148798,2030.9046311725372,63.465769724141786,0.9651741293532339,0.6697476165277951,crmf,32,0.0009375,0.6602922885572139,0.0014853285460269443,28006,tuning,200
8.0,0.001875,0.0002447488906250328,1.9437832748183832,0.0204,0.9994296875,0,129.0,0.0,1.0,4.03125,4.03125,1.0,1.0,1.0,0.13004032258064516,1.0,0.31777244285017264,uniform,19.802950859533485,3.963463930348259,126.83084577114428,0.0,199.1859055127947,1.0,1.0,1.0,1.0,0.1278536751725243,2028.890973222175,63.40284291319297,1.0,0.3076679911733329,crmf,32,0.00171875,0.78125,0.001037464062758777,28007,tuning,200
8.0,0.00109375,0.00025281670312523376,2.7225018409197794,0.0204,0.9996106162421211,0,143.0,0.0,1.0,4.46875,4.46875,1.0,1.0,1.0,0.14415322580645162,1.0,0.4464293702592276,uniform,19.802950859533485,4.338930348258707,138.84577114427861,0.03855721393034826,194.18132926219147,0.9435634328358209,0.9950248756218906,0.9950248756218906,1.2587064676616915,0.13996549510511977,1977.9147781268912,61.80983681646535,0.8283582089552238,0.3398317803691465,crmf,32,0.00109375,0.5674751243781094,0.0020463824025579763,28008,tuning,200
8.0,0.00078125,0.0002596476562499106,3.7166741067284845,0.0204,0.9998654513888888,0,145.0,0.0,1.0,4.53125,4.53125,1.0,1.0,1.0,0.1461693548387097,1.0,0.3388564810394975,uniform,19.802950859533485,4.480876865671642,143.38805970149255,0.002643034825870647,187.43811262576196,0.9973569651741293,1.0,1.0,1.0199004975124377,0.14454441502166532,1909.2289374851466,59.66340429641083,0.9850746268656716,0.32395458344124106,crmf,32,0.000625,0.5715174129353234,0.0016610737446820679,28009,tuning,200
8.0,0.00125,0.00025549017187501025,2.6169960356411353,0.0204,0.9995777529761906,0,151.0,0.0,1.0,4.71875,4.71875,1.0,2.0,1.0,0.15221774193548387,1.0,0.35897100639257984,uniform,19.802950859533485,4.611162935323383,147.55721393034827,0.003109452736318408,179.80274174495273,0.9968905472636815,1.0,1.7960199004975124,1.044776119402985,0.14874719146204432,1831.4556883318212,57.23299026036941,0.9552238805970149,0.229800810155681,crmf,32,0.00109375,0.5890858208955224,0.001506893490933004,28010,tuning,200
8.0,0.00125,0.00022797531250006386,2.333915558053947,0.0204,0.9996414789319984,0,125.0,0.0,1.0,3.90625,3.90625,1.0,1.0,1.0,0.12600806451612903,1.0,0.300594876401992,uniform,19.802950859533485,3.8661380597014925,123.71641791044776,0.0018656716417910447,186.10214881580603,0.9818097014925373,0.9651741293532339,0.9651741293532339,1.144278606965174,0.12471413095811262,1895.620921859779,59.23815380811809,0.9409203980099502,0.2912727751168654,crmf,32,0.00125,0.7189054726368159,0.0013864160518101995,28011,tuning,200
8.0,0.0028125,0.00022453850000005106,1.3539249492586818,0.0204,0.9992630208333334,0,110.0,0.0,1.0,3.4375,3.4375,2.0,2.0,1.0,0.11088709677419355,1.0,0.2660072777854536,uniform,19.802950859533485,3.432213930348259,109.83084577114428,0.0,200.57708877541484,1.0,1.9701492537313432,1.9751243781094527,1.0,0.11071657839833075,2043.061449573708,63.84567029917837,1.0,0.27243837913511904,crmf,32,0.00265625,0.8125,0.0010048094709078092,28013,tuning,200
8.0,0.001875,0.00023579328125009625,2.4678194604944803,0.0204,0.9995373883928571,0,148.0,0.0,1.0,4.625,4.625,1.0,1.0,1.0,0.14919354838709678,1.0,0.42179507033514363,uniform,19.802950859533485,4.544931592039801,145.43781094527364,0.005597014925373134,174.70783759061433,0.9944029850746269,1.0,1.0,1.0298507462686568,0.1466106965174125,1779.5594207643085,55.61123189888464,0.9701492537313433,0.36970784075084545,crmf,32,0.0015625,0.5003109452736318,0.0030743823476847465,28012,tuning,200
8.0,0.00203125,0.0002330140624999899,1.57580528637905,0.0204,0.9995271577380953,0,155.0,0.0,1.0,4.84375,4.84375,2.0,2.0,1.0,0.15625,1.0,0.23147722351053687,uniform,19.802950859533485,4.508084577114428,144.25870646766168,0.09903606965174129,195.3205032038175,0.9009639303482587,1.9104477611940298,2.0,1.4527363184079602,0.14542208313272303,1989.518308613372,62.172447144167876,0.5472636815920398,0.15775815325014952,crmf,32,0.00203125,0.47885572139303484,0.004071763822246093,28014,tuning,200
8.0,0.003125,0.0002376366718749523,1.8603843877240043,0.0204,0.9991794310722101,0,112.0,0.0,1.0,3.5,3.5,1.0,1.0,1.0,0.11290322580645161,1.0,0.2655206974159841,uniform,19.802950859533485,3.4989116915422884,111.96517412935323,0.0003109452736318408,200.8195093025808,0.9996890547263682,0.9900497512437811,0.9900497512437811,1.0099502487562189,0.11286811908200958,2045.530724786854,63.92283514958919,0.9900497512437811,0.27427425528945104,crmf,32,0.0028125,0.90625,0.0005024047354539046,28015,tuning,200
8.0,0.0009375,0.0002292902656250817,1.5319785362676666,0.0204,0.9997552083333333,0,118.0,0.0,1.0,3.6875,3.6875,1.0,1.0,1.0,0.11895161290322581,1.0,0.4111978506321329,uniform,19.802950859533485,3.6476990049751246,116.72636815920399,0.0,200.98112298735813,1.0,1.0,1.0,1.0,0.11766770983790682,2047.176908262285,63.974278383196406,1.0,0.37792142081196195,crmf,32,0.0009375,0.96875,0.00016746824515130154,28016,tuning,200
8.0,0.00046875,0.0002318577968748059,3.2323286204239996,0.0204,0.9998953756015903,0,145.0,0.0,1.0,4.53125,4.53125,1.0,1.0,1.0,0.1461693548387097,1.0,0.3576661883070758,uniform,19.802950859533485,4.340485074626866,138.8955223880597,0.018034825870646767,188.20697929749613,0.9710820895522388,0.8805970149253731,0.8805970149253731,1.3233830845771144,0.14001564756860796,1917.0605490937935,59.90814215918105,0.8805970149253731,0.30505665566054774,crmf,32,0.00046875,0.3597636815920398,0.0037641615193100856,28017,tuning,200
8.0,0.00109375,0.00022943078124995964,2.515830725685936,0.0204,0.9997234999032436,0,132.0,0.0,1.0,4.125,4.125,1.0,1.0,1.0,0.13306451612903225,1.0,0.3560985318580035,uniform,19.802950859533485,4.076026119402985,130.43283582089552,0.0046641791044776115,198.39844366306193,0.990360696517413,0.9800995024875622,0.9900497512437811,1.1144278606965174,0.13148471352912836,2020.8699526857745,63.15218602143045,0.9253731343283582,0.34627821881787935,crmf,32,0.00109375,0.6929415422885572,0.0028430258846267255,28018,tuning,200
8.0,0.0028125,0.000253548203125149,2.946269024126878,0.0204,0.9992149704520757,0,169.0,0.0,0.9375,5.28125,5.28125,1.0,1.0,2.0,0.17036290322580644,0.0625,0.41799233900464616,uniform,19.802950859533485,5.0929726368159205,162.97512437810946,0.00792910447761194,176.12787798586334,0.9438743781094527,0.9900497512437811,0.9900497512437811,1.7761194029850746,0.16428943989728748,1794.0238334551275,56.063244795472734,0.28389303482587064,0.31414398879511357,crmf,32,0.0028125,0.3429726368159204,0.004806378376810872,28019,tuning,200
6.0,0.0009375,0.00024320228124992128,1.7577906487463182,0.0204,0.9997217806041335,0,110.0,0.0,1.0,3.4375,3.4375,1.0,1.0,1.0,0.11088709677419355,1.0,0.12059905361227402,uniform,19.802950859533485,3.144278606965174,100.61691542288557,0.11629353233830846,113.09733552923255,0.8837064676616916,0.6268656716417911,0.6268656716417911,1.9203980099502487,0.10142834216016676,1152.0,36.0,0.6268656716417911,0.09506977663586251,fixed_r_retained,32,0.0009375,1.0,0.0,28000,tuning,200
6.0,0.0009375,0.00023648712500005332,1.781836696492661,0.0204,0.9994984690106642,0,100.0,0.0,1.0,3.125,3.125,1.0,1.0,1.0,0.10080645161290322,1.0,0.2319565634384262,uniform,19.802950859533485,3.074004975124378,98.3681592039801,0.028296019900497512,113.09733552923255,0.9717039800995025,0.6417910447761194,0.6417910447761194,1.5671641791044777,0.09916145081046415,1152.0,36.0,0.6417910447761194,0.2106014364018142,fixed_r_retained,32,0.0009375,1.0,0.0,28001,tuning,200
6.0,0.0003125,0.00023910993750007493,4.716300339100517,0.0204,0.999921666927777,1,148.0,0.0625,0.9375,4.625,4.625,1.0,1.0,2.0,0.14919354838709678,0.0,0.2725797455475182,uniform,19.802950859533485,4.170398009950249,133.45273631840797,0.14039179104477612,113.09733552923255,0.8596082089552238,0.9502487562189055,0.9502487562189055,2.6417910447761193,0.13452896806291084,1152.0,36.0,0.0,0.2031239492427566,fixed_r_retained,32,0.0003125,1.0,0.0,28002,tuning,200
6.0,0.0009375,0.0002337357343748181,2.7550299458862404,0.0204,0.9995805808954599,0,118.0,0.0,1.0,3.6875,3.6875,1.0,1.0,1.0,0.11895161290322581,1.0,0.20803754714222406,uniform,19.802950859533485,3.314365671641791,106.05970149253731,0.08022388059701492,113.09733552923255,0.9197761194029851,0.9353233830845771,0.9353233830845771,1.8407960199004976,0.10691502166586413,1152.0,36.0,0.736318407960199,0.14443138117788312,fixed_r_retained,32,0.0009375,1.0,0.0,28003,tuning,200
6.0,0.00125,0.00023853296874989382,1.5372947722519243,0.0204,0.9994214229867084,0,102.0,0.0,1.0,3.1875,3.1875,1.0,1.0,1.0,0.1028225806451613,1.0,0.17201266940849022,uniform,19.802950859533485,3.050062189054726,97.60199004975124,0.1578047263681592,113.09733552923255,0.8421952736318408,0.9900497512437811,0.9900497512437811,1.855721393034826,0.09838910287273316,1152.0,36.0,0.6766169154228856,0.11475829982408081,fixed_r_retained,32,0.00109375,1.0,0.0,28004,tuning,200
6.0,0.000625,0.00022712757812513474,2.7915335287183485,0.0204,0.9996749024707412,0,106.0,0.0,1.0,3.3125,3.3125,1.0,1.0,1.0,0.10685483870967742,1.0,0.12966182093693981,uniform,19.802950859533485,2.907649253731343,93.04477611940298,0.19900497512437812,113.09733552923255,0.8009950248756219,0.3482587064676617,0.3482587064676617,3.6666666666666665,0.09379513721714033,1152.0,36.0,0.27860696517412936,0.05011458957287988,fixed_r_retained,32,0.000625,1.0,0.0,28005,tuning,200
6.0,0.00078125,0.00021882482812486616,0.9419553352639786,0.0204,0.9997415008616638,0,82.0,0.0,1.0,2.5625,2.5625,1.0,1.0,1.0,0.08266129032258064,1.0,0.11160921832774624,uniform,19.802950859533485,2.582089552238806,82.6268656716418,0.021610696517412934,113.09733552923255,0.978389303482587,0.9303482587064676,0.9303482587064676,1.2039800995024876,0.08329321136254186,1152.0,36.0,0.9303482587064676,0.20816013822142818,fixed_r_retained,32,0.00078125,1.0,0.0,28006,tuning,200
6.0,0.0009375,0.0002340970312499735,1.4197319334608054,0.0204,0.9996602373111703,0,94.0,0.0,1.0,2.9375,2.9375,1.0,1.0,1.0,0.09475806451612903,1.0,0.17802691926995542,uniform,19.802950859533485,2.8174751243781095,90.1592039800995,0.05550373134328358,113.09733552923255,0.9444962686567164,0.8855721393034826,0.8855721393034826,1.3980099502487562,0.09088629433477788,1152.0,36.0,0.8208955223880597,0.14046624823671272,fixed_r_retained,32,0.0009375,1.0,0.0,28007,tuning,200
6.0,0.0003125,0.0002540599218750117,1.9850746268656716,0.0204,0.9999160237232982,0,106.0,0.0,1.0,3.3125,3.3125,1.0,1.0,1.0,0.10685483870967742,1.0,0.17594657772206856,uniform,19.802950859533485,3.0,96.0,0.19480721393034825,113.09733552923255,0.8051927860696517,0.7960199004975125,0.7960199004975125,2.199004975124378,0.0967741935483872,1152.0,36.0,0.5373134328358209,0.08004528747928628,fixed_r_retained,32,0.0003125,1.0,0.0,28008,tuning,200
6.0,0.0,0.00025173820312488713,2.514095798990124,0.0204,1.0,0,124.0,0.0,1.0,3.875,3.875,1.0,1.0,1.0,0.125,1.0,0.19104273863556503,uniform,19.802950859533485,3.666044776119403,117.31343283582089,0.054104477611940295,113.09733552923255,0.9458955223880597,0.9651741293532339,0.9651741293532339,1.4328358208955223,0.11825950890707757,1152.0,36.0,0.8706467661691543,0.19488455371688207,fixed_r_retained,32,0.0,1.0,0.0,28009,tuning,200
6.0,0.0040625,0.0002402300624999043,3.210066640522512,0.0204,0.9991044054792865,0,112.0,0.0,1.0,3.5,3.5,1.0,1.0,1.0,0.11290322580645161,1.0,0.21540751979154535,uniform,19.802950859533485,3.488495024875622,111.6318407960199,0.10712064676616916,113.09733552923255,0.8928793532338308,0.5671641791044776,0.5671641791044776,2.3233830845771144,0.11253209757663311,1152.0,36.0,0.4129353233830846,0.14257643368917028,fixed_r_retained,32,0.0034375,1.0,0.0,28012,tuning,200
6.0,0.0009375,0.00024198834374999478,3.3006901708806713,0.0204,0.9996558736117629,1,126.0,0.28125,0.71875,3.9375,3.9375,1.0,1.0,2.0,0.12701612903225806,0.0,0.12206996235605855,uniform,19.802950859533485,3.771455223880597,120.68656716417911,0.35401119402985076,113.09733552923255,0.6459888059701493,0.9651741293532339,0.9651741293532339,2.646766169154229,0.12165984593163275,1152.0,36.0,0.0,0.07287204326010377,fixed_r_retained,32,0.0009375,1.0,0.0,28010,tuning,200
6.0,0.000625,0.0002203107656251291,3.067297897174575,0.0204,0.9997482376636454,1,106.0,0.1875,0.8125,3.3125,3.3125,1.0,1.0,2.0,0.10685483870967742,0.0,0.1748428996561968,uniform,19.802950859533485,3.1203358208955225,99.85074626865672,0.21361940298507462,113.09733552923255,0.7863805970149254,0.8009950248756219,0.8009950248756219,2.736318407960199,0.10065599422243612,1152.0,36.0,0.0,0.1314811648511215,fixed_r_retained,32,0.000625,1.0,0.0,28011,tuning,200
6.0,0.0,0.00023624665624993212,1.6555840201975198,0.0204,1.0,0,104.0,0.0,1.0,3.25,3.25,1.0,1.0,1.0,0.10483870967741936,1.0,0.2445805878762861,uniform,19.802950859533485,2.8992537313432836,92.77611940298507,0.17786069651741293,113.09733552923255,0.822139303482587,0.9154228855721394,0.9154228855721394,2.6318407960199006,0.09352431391429963,1152.0,36.0,0.2537313432835821,0.18245342497628164,fixed_r_retained,32,0.0,1.0,0.0,28013,tuning,200
6.0,0.0028125,0.0002309459687501203,1.7806256922786565,0.0204,0.9991264104636199,0,110.0,0.0,1.0,3.4375,3.4375,1.0,1.0,1.0,0.11088709677419355,1.0,0.14461356069328005,uniform,19.802950859533485,3.248445273631841,103.95024875621891,0.38634950248756217,113.09733552923255,0.6136504975124378,0.845771144278607,0.845771144278607,2.72636815920398,0.1047885572139304,1152.0,36.0,0.08955223880597014,0.08511242313133204,fixed_r_retained,32,0.0028125,1.0,0.0,28014,tuning,200
6.0,0.001875,0.0002157842031249402,1.011896267264424,0.0204,0.9992810457516339,0,82.0,0.0,1.0,2.5625,2.5625,1.0,1.0,1.0,0.08266129032258064,1.0,0.16032764221480159,uniform,19.802950859533485,2.4449626865671643,78.23880597014926,0.16728855721393035,113.09733552923255,0.8327114427860697,0.9303482587064676,0.9303482587064676,2.0497512437810945,0.07886976408281159,1152.0,36.0,0.34328358208955223,0.0809366403919764,fixed_r_retained,32,0.00171875,1.0,0.0,28015,tuning,200
6.0,0.00125,0.00022537565624986656,1.5096484887440904,0.0204,0.9993863909342524,0,96.0,0.0,1.0,3.0,3.0,1.0,1.0,1.0,0.0967741935483871,1.0,0.2851384032147234,uniform,19.802950859533485,2.7981965174129355,89.54228855721394,0.11940298507462686,113.09733552923255,0.8805970149253731,0.9651741293532339,0.9651741293532339,1.7761194029850746,0.09026440378751445,1152.0,36.0,0.7562189054726368,0.1982256255781026,fixed_r_retained,32,0.00125,1.0,0.0,28016,tuning,200
6.0,0.0009375,0.00023497749999989992,3.03408553856959,0.0204,0.9996709313957773,0,144.0,0.0,1.0,4.5,4.5,1.0,1.0,1.0,0.14516129032258066,1.0,0.32879473120234437,uniform,19.802950859533485,3.822450248756219,122.31840796019901,0.24984452736318408,113.09733552923255,0.7501554726368159,0.8308457711442786,0.8308457711442786,2.4228855721393034,0.12330484673407148,1152.0,36.0,0.3034825870646766,0.2518056575638015,fixed_r_retained,32,0.0009375,1.0,0.0,28017,tuning,200
6.0,0.000625,0.00022193329687496542,1.6483200253397192,0.0204,0.99976363063347,0,104.0,0.0,1.0,3.25,3.25,1.0,1.0,1.0,0.10483870967741936,1.0,0.18866682957904304,uniform,19.802950859533485,2.9990671641791047,95.97014925373135,0.23041044776119404,113.09733552923255,0.769589552238806,0.8606965174129353,0.8606965174129353,2.373134328358209,0.09674410207029405,1152.0,36.0,0.31840796019900497,0.1271986416190674,fixed_r_retained,32,0.000625,1.0,0.0,28018,tuning,200
6.0,0.00359375,0.0002534610781248148,3.9461901275649116,0.0204,0.99910572427255,0,142.0,0.0,1.0,4.4375,4.4375,1.0,1.0,1.0,0.1431451612903226,1.0,0.19620283105883912,uniform,19.802950859533485,4.337375621890548,138.79601990049753,0.1470771144278607,113.09733552923255,0.8529228855721394,0.5870646766169154,0.5870646766169154,2.3930348258706466,0.13991534264163052,1152.0,36.0,0.5771144278606966,0.12451625693953003,fixed_r_retained,32,0.00359375,1.0,0.0,28019,tuning,200
7.0,0.0009375,0.0002512772500000437,2.363921607757234,0.0204,0.9996961530331854,0,124.0,0.0,1.0,3.875,3.875,1.0,1.0,1.0,0.125,1.0,0.1531191075070421,uniform,19.802950859533485,3.7120646766169156,118.7860696517413,0.016635572139303483,153.93804002589985,0.9833644278606966,0.9154228855721394,0.9154228855721394,1.4676616915422886,0.11974402182635216,1568.0,49.0,0.6766169154228856,0.14104590592047062,fixed_r_retained,32,0.00078125,1.0,0.0,28000,tuning,200
7.0,0.000625,0.00023851345312493776,2.2125840789831934,0.0204,0.9998070806611398,0,122.0,0.0,1.0,3.8125,3.8125,1.0,1.0,1.0,0.12298387096774194,1.0,0.35333991566691103,uniform,19.802950859533485,3.7866915422885574,121.17412935323384,0.0010883084577114428,153.93804002589985,0.9989116915422885,0.9651741293532339,0.9651741293532339,1.0348258706467661,0.12215134007382387,1568.0,49.0,0.9651741293532339,0.35200919829036215,fixed_r_retained,32,0.000625,1.0,0.0,28001,tuning,200
7.0,0.0009375,0.0002610652812501257,3.9466325671084874,0.0204,0.9997939811192823,0,156.0,0.0,1.0,4.875,4.875,1.0,1.0,1.0,0.15725806451612903,1.0,0.30360471738040384,uniform,19.802950859533485,4.486007462686567,143.55223880597015,0.1037002487562189,153.93804002589985,0.8962997512437811,0.9651741293532339,0.9651741293532339,2.3134328358208953,0.1447099181511794,1568.0,49.0,0.04477611940298507,0.1852555962559928,fixed_r_retained,32,0.0009375,1.0,0.0,28002,tuning,200
7.0,0.001875,0.00024439540624996423,3.2172730099502487,0.0204,0.9993074279672217,0,124.0,0.0,1.0,3.875,3.875,1.0,1.0,1.0,0.125,1.0,0.3154641460820603,uniform,19.802950859533485,3.625,116.0,0.017568407960199005,153.93804002589985,0.982431592039801,0.6965174129353234,0.6965174129353234,1.4825870646766168,0.11693548387096776,1568.0,49.0,0.6965174129353234,0.19261465197793978,fixed_r_retained,32,0.00171875,1.0,0.0,28003,tuning,200
7.0,0.0009375,0.0002382305781250693,2.229676787084478,0.0204,0.9997966889880953,0,118.0,0.0,1.0,3.6875,3.6875,1.0,1.0,1.0,0.11895161290322581,1.0,0.25552128531488644,uniform,19.802950859533485,3.656094527363184,116.9950248756219,0.011194029850746268,153.93804002589985,0.9888059701492538,1.0,1.0,1.1791044776119404,0.11793853314074743,1568.0,49.0,0.8756218905472637,0.22553434877005413,fixed_r_retained,32,0.00078125,1.0,0.0,28004,tuning,200
7.0,0.0009375,0.00022227525000005245,2.5226197216653055,0.0204,0.99971942521502,0,106.0,0.0,1.0,3.3125,3.3125,1.0,1.0,1.0,0.10685483870967742,1.0,0.1429469007144024,uniform,19.802950859533485,3.209577114427861,102.70646766169155,0.03404850746268657,153.93804002589985,0.9659514925373134,0.8507462686567164,0.8507462686567164,1.492537313432836,0.10353474562670505,1568.0,49.0,0.7512437810945274,0.1207425104838418,fixed_r_retained,32,0.0009375,1.0,0.0,28005,tuning,200
7.0,0.00109375,0.00023674210937514318,1.2488335684760279,0.0204,0.9996119791666667,0,94.0,0.0,1.0,2.9375,2.9375,1.0,1.0,1.0,0.09475806451612903,1.0,0.08196918406533776,uniform,19.802950859533485,2.8743781094527363,91.98009950248756,0.00404228855721393,153.93804002589985,0.9959577114427861,1.0,1.0,1.064676616915423,0.09272187449847513,1568.0,49.0,0.9353233830845771,0.09169533571131899,fixed_r_retained,32,0.00109375,1.0,0.0,28007,tuning,200
7.0,0.0,0.0002480100156250842,2.5279246452748696,0.0204,1.0,0,122.0,0.0,1.0,3.8125,3.8125,1.0,1.0,1.0,0.12298387096774194,1.0,0.20225698737735984,uniform,19.802950859533485,3.7161069651741294,118.91542288557214,0.058768656716417914,153.93804002589985,0.941231343283582,0.8557213930348259,0.8557213930348259,1.407960199004975,0.11987441823142302,1568.0,49.0,0.845771144278607,0.17309169909436298,fixed_r_retained,32,0.0,1.0,0.0,28008,tuning,200
7.0,0.0009375,0.0002668165624999119,1.298423538402515,0.0204,0.9997808733761152,0,112.0,0.0,1.0,3.5,3.5,1.0,1.0,1.0,0.11290322580645161,1.0,0.40356909434855287,uniform,19.802950859533485,3.4558457711442787,110.58706467661692,0.003109452736318408,153.93804002589985,0.9968905472636815,0.945273631840796,0.945273631840796,1.0746268656716418,0.11147889584336411,1568.0,49.0,0.945273631840796,0.36822759519078296,fixed_r_retained,32,0.00078125,1.0,0.0,28006,tuning,200
7.0,0.000625,0.0002755516093750998,4.379329932272716,0.0204,0.9998307291666666,0,140.0,0.0,1.0,4.375,4.375,1.0,1.0,1.0,0.14112903225806453,1.0,0.36116878506053296,uniform,19.802950859533485,4.236629353233831,135.5721393034826,0.006685323383084577,153.93804002589985,0.9933146766169154,1.0,1.0,1.064676616915423,0.13666546300754256,1568.0,49.0,0.9651741293532339,0.322673079047779,fixed_r_retained,32,0.0003125,1.0,0.0,28009,tuning,200
7.0,0.0009375,0.00024122565624992376,4.414743756342665,0.0204,0.9996614583333334,1,138.0,0.125,0.875,4.3125,4.3125,1.0,1.0,2.0,0.13911290322580644,0.0,0.1290223206761383,uniform,19.802950859533485,4.286069651741293,137.15422885572139,0.07866915422885572,153.93804002589985,0.9213308457711443,1.0,1.0,1.626865671641791,0.1382603113464938,1568.0,49.0,0.4577114427860697,0.16041578545434734,fixed_r_retained,32,0.0009375,1.0,0.0,28010,tuning,200
7.0,0.00125,0.000241710015625074,2.955466661561595,0.0204,0.9996307803900454,0,124.0,0.0,1.0,3.875,3.875,1.0,1.0,1.0,0.125,1.0,0.3126410253492727,uniform,19.802950859533485,3.7042910447761193,118.53731343283582,0.04228855721393035,153.93804002589985,0.9577114427860697,0.9253731343283582,0.9253731343283582,1.492537313432836,0.11949325950890712,1568.0,49.0,0.7661691542288557,0.2533100686372051,fixed_r_retained,32,0.00125,1.0,0.0,28011,tuning,200
7.0,0.0015625,0.00023637390624998034,5.853854174401624,0.0204,0.9996527777777778,0,146.0,0.0,1.0,4.5625,4.5625,1.0,1.0,1.0,0.14717741935483872,1.0,0.2209451419463481,uniform,19.802950859533485,4.501243781094527,144.03980099502488,0.05006218905472637,153.93804002589985,0.9499378109452736,0.6169154228855721,0.6169154228855721,1.6019900497512438,0.14520141229337225,1568.0,49.0,0.6169154228855721,0.1659682694435703,fixed_r_retained,32,0.00140625,1.0,0.0,28012,tuning,200
7.0,0.0025,0.00023560676562510706,1.104472874279102,0.0204,0.9990232848882638,0,104.0,0.0,1.0,3.25,3.25,1.0,1.0,1.0,0.10483870967741936,1.0,0.29340091978275756,uniform,19.802950859533485,2.9978233830845773,95.93034825870647,0.09328358208955224,153.93804002589985,0.9067164179104478,0.9950248756218906,0.9950248756218906,1.8656716417910448,0.09670398009950282,1568.0,49.0,0.3333333333333333,0.18247944974692523,fixed_r_retained,32,0.00234375,1.0,0.0,28013,tuning,200
7.0,0.00234375,0.00023774781250011757,1.6343248774782801,0.0204,0.9993385416666666,0,140.0,0.0,1.0,4.375,4.375,2.0,2.0,1.0,0.14112903225806453,1.0,0.2615620799577344,uniform,19.802950859533485,3.998134328358209,127.94029850746269,0.08286691542288557,153.93804002589985,0.9171330845771144,1.3134328358208955,1.3134328358208955,1.4228855721393034,0.12897207510832914,1568.0,49.0,0.7313432835820896,0.13947273555830775,fixed_r_retained,32,0.0021875,1.0,0.0,28014,tuning,200
7.0,0.000625,0.00022828545312506777,0.7960303426895374,0.0204,0.99977840346212,0,94.0,0.0,1.0,2.9375,2.9375,1.0,1.0,1.0,0.09475806451612903,1.0,0.13208705158821882,uniform,19.802950859533485,2.860074626865672,91.5223880597015,0.021921641791044777,153.93804002589985,0.9780783582089553,0.9651741293532339,0.9651741293532339,1.1243781094527363,0.09226047183437659,1568.0,49.0,0.9203980099502488,0.11793960101007438,fixed_r_retained,32,0.000625,1.0,0.0,28015,tuning,200
7.0,0.000625,0.00024038593749992288,1.1140634475322393,0.0204,0.9997994791666668,0,100.0,0.0,1.0,3.125,3.125,1.0,1.0,1.0,0.10080645161290322,1.0,0.2794318929822105,uniform,19.802950859533485,3.031405472636816,97.0049751243781,0.009483830845771144,153.93804002589985,0.9905161691542289,1.0,1.0,1.0398009950248757,0.09778727331086538,1568.0,49.0,0.9751243781094527,0.2668058269827772,fixed_r_retained,32,0.000625,1.0,0.0,28016,tuning,200
7.0,0.0003125,0.0002638885468749663,4.02274850870028,0.0204,0.9998900581121407,1,146.0,0.3125,0.6875,4.5625,4.5625,1.0,1.0,2.0,0.14717741935483872,0.0,0.3036185317231239,uniform,19.802950859533485,4.266169154228856,136.5174129353234,0.26710199004975127,153.93804002589985,0.7328980099502488,0.8656716417910447,0.8656716417910447,2.154228855721393,0.13761835981383433,1568.0,49.0,0.12935323383084577,0.2547855991007713,fixed_r_retained,32,0.0003125,1.0,0.0,28017,tuning,200
7.0,0.00125,0.0002394042968748522,1.7036056308940373,0.0204,0.9996455564242899,1,102.0,0.1875,0.8125,3.1875,3.1875,1.0,1.0,2.0,0.1028225806451613,0.0,0.11814529042629911,uniform,19.802950859533485,3.2117537313432836,102.77611940298507,0.058768656716417914,153.93804002589985,0.941231343283582,0.9751243781094527,0.9751243781094527,1.472636815920398,0.10360495907558982,1568.0,49.0,0.6716417910447762,0.11044708234572301,fixed_r_retained,32,0.00125,1.0,0.0,28018,tuning,200
7.0,0.001875,0.00025551601562511905,4.525803720050246,0.0204,0.9994165063457264,0,182.0,0.0,1.0,5.6875,5.6875,2.0,2.0,1.0,0.18346774193548387,1.0,0.3324567732822941,uniform,19.802950859533485,5.127176616915423,164.06965174129354,0.0648320895522388,153.93804002589985,0.9351679104477612,1.308457711442786,1.308457711442786,1.6119402985074627,0.1653927940940455,1568.0,49.0,0.6169154228855721,0.26530999162450253,fixed_r_retained,32,0.001875,1.0,0.0,28019,tuning,200
8.0,0.0015625,0.00024099376562503494,2.3634981188584443,0.0204,0.9996231398809524,0,126.0,0.0,1.0,3.9375,3.9375,1.0,1.0,1.0,0.12701612903225806,1.0,0.26040576384958136,uniform,19.802950859533485,3.941542288557214,126.12935323383084,0.0,201.06192982974676,1.0,1.1243781094527363,1.1243781094527363,1.0,0.1271465254373301,2048.0,64.0,1.0,0.2786973322007919,fixed_r_retained,32,0.0015625,1.0,0.0,28000,tuning,200
8.0,0.0003125,0.000263044781249846,2.6944358393047203,0.0204,0.999951373693168,0,142.0,0.0,1.0,4.4375,4.4375,1.0,1.0,1.0,0.1431451612903226,1.0,0.4854851517419131,uniform,19.802950859533485,4.408893034825871,141.08457711442787,0.0003109452736318408,201.06192982974676,0.9996890547263682,0.9900497512437811,0.9900497512437811,1.0099502487562189,0.14222235596212535,2048.0,64.0,0.9900497512437811,0.4721900587615383,fixed_r_retained,32,0.0003125,1.0,0.0,28001,tuning,200
8.0,0.0021875,0.00022410485937484736,3.5191915886982996,0.0204,0.9993148284834522,0,136.0,0.0,1.0,4.25,4.25,1.0,1.0,1.0,0.13709677419354838,1.0,0.2430846740635968,uniform,19.802950859533485,4.240671641791045,135.70149253731344,0.002021144278606965,201.06192982974676,0.997978855721393,0.9353233830845771,0.9353233830845771,1.064676616915423,0.13679585941261405,2048.0,64.0,0.9353233830845771,0.25554422667279425,fixed_r_retained,32,0.0021875,1.0,0.0,28003,tuning,200
8.0,0.001875,0.0002449192500000663,3.794969493329373,0.0204,0.9995061383928572,0,152.0,0.0,1.0,4.75,4.75,1.0,1.0,1.0,0.1532258064516129,1.0,0.20407081658903345,uniform,19.802950859533485,4.579601990049751,146.54726368159203,0.003420398009950249,201.06192982974676,0.9965796019900498,1.0,1.0,1.0348258706467661,0.1477290964532174,2048.0,64.0,0.9751243781094527,0.18974549650778752,fixed_r_retained,32,0.0015625,1.0,0.0,28002,tuning,200
8.0,0.000625,0.0002410323124999536,2.8603808344781068,0.0204,0.999890625,0,148.0,0.0,1.0,4.625,4.625,2.0,2.0,1.0,0.14919354838709678,1.0,0.41038258151618595,uniform,19.802950859533485,4.539490049751244,145.2636815920398,0.00404228855721393,201.06192982974676,0.9959577114427861,1.681592039800995,1.681592039800995,1.064676616915423,0.14643516289520098,2048.0,64.0,0.9353233830845771,0.3583337509020881,fixed_r_retained,32,0.000625,1.0,0.0,28004,tuning,200
8.0,0.00125,0.00025115270312511486,2.4856965174129355,0.0204,0.9996942135800534,0,130.0,0.0,1.0,4.0625,4.0625,1.0,1.0,1.0,0.1310483870967742,1.0,0.3429138445362305,uniform,19.802950859533485,4.0,128.0,0.007307213930348258,201.06192982974676,0.9926927860696517,0.900497512437811,0.900497512437811,1.154228855721393,0.12903225806451668,2048.0,64.0,0.900497512437811,0.31268501136116217,fixed_r_retained,32,0.00109375,1.0,0.0,28005,tuning,200
8.0,0.001875,0.0002536557499999503,2.158883752877404,0.0204,0.999652894162514,0,140.0,0.0,1.0,4.375,4.375,1.0,1.0,1.0,0.14112903225806453,1.0,0.5886317764074682,uniform,19.802950859533485,4.384328358208955,140.29850746268656,0.0010883084577114428,201.06192982974676,0.9989116915422885,0.9651741293532339,0.9651741293532339,1.0348258706467661,0.14142994703899828,2048.0,64.0,0.9651741293532339,0.5882311871737025,fixed_r_retained,32,0.00171875,1.0,0.0,28006,tuning,200
8.0,0.0015625,0.00025628298437482046,2.4350053796626323,0.0204,0.9995338541666666,0,132.0,0.0,1.0,4.125,4.125,1.0,1.0,1.0,0.13306451612903225,1.0,0.2641919393641723,uniform,19.802950859533485,4.070584577114428,130.25870646766168,0.0003109452736318408,201.06192982974676,0.9996890547263682,1.0,1.0,1.0049751243781095,0.13130917990691685,2048.0,64.0,0.9950248756218906,0.2654956806404805,fixed_r_retained,32,0.00140625,1.0,0.0,28007,tuning,200
8.0,0.0009375,0.0002408958437499109,6.0562528619341105,0.0204,0.9998496403769841,0,158.0,0.0,1.0,4.9375,4.9375,1.0,1.0,1.0,0.1592741935483871,1.0,0.3379746880102541,uniform,19.802950859533485,4.891169154228856,156.5174129353234,0.0018656716417910447,201.06192982974676,0.9981343283582089,1.0,1.0,1.0149253731343284,0.15777965013641526,2048.0,64.0,0.9850746268656716,0.32876187189354844,fixed_r_retained,32,0.0009375,1.0,0.0,28009,tuning,200
8.0,0.0015625,0.0002609768125000755,3.9305601965297887,0.0204,0.9995114564031582,0,148.0,0.0,1.0,4.625,4.625,1.0,1.0,1.0,0.14919354838709678,1.0,0.35926741802178164,uniform,19.802950859533485,4.509950248756219,144.318407960199,0.033271144278606966,201.06192982974676,0.966728855721393,0.9950248756218906,0.9950248756218906,1.1492537313432836,0.14548226608890985,2048.0,64.0,0.8706467661691543,0.287347069603766,fixed_r_retained,32,0.0015625,1.0,0.0,28008,tuning,200
8.0,0.0015625,0.00024299903124983758,3.078618006825326,0.0204,0.9996046024792896,0,128.0,0.0,1.0,4.0,4.0,1.0,1.0,1.0,0.12903225806451613,1.0,0.2623503391453972,uniform,19.802950859533485,3.9928482587064678,127.77114427860697,0.0018656716417910447,201.06192982974676,0.9981343283582089,0.9651741293532339,0.9651741293532339,1.044776119402985,0.1288015567324666,2048.0,64.0,0.9651741293532339,0.26355374678992405,fixed_r_retained,32,0.0015625,1.0,0.0,28011,tuning,200
8.0,0.00125,0.00027688173437496745,5.502496747450558,0.0204,0.9996124751984127,0,162.0,0.0,1.0,5.0625,5.0625,2.0,2.0,1.0,0.16330645161290322,1.0,0.23886266396893427,uniform,19.802950859533485,5.035136815920398,161.12437810945275,0.003109452736318408,201.06192982974676,0.9968905472636815,1.8258706467661692,1.8258706467661692,1.044776119402985,0.16242376825549718,2048.0,64.0,0.9552238805970149,0.2069968526254438,fixed_r_retained,32,0.00109375,1.0,0.0,28010,tuning,200
8.0,0.00171875,0.0002491796093750054,6.468555852577906,0.0204,0.9996841613247863,0,172.0,0.0,1.0,5.375,5.375,2.0,2.0,1.0,0.17338709677419356,1.0,0.30446133762444283,uniform,19.802950859533485,5.327114427860696,170.46766169154228,0.0,201.06192982974676,1.0,1.791044776119403,1.791044776119403,1.0,0.1718424008987315,2048.0,64.0,1.0,0.27745822665866554,fixed_r_retained,32,0.0015625,1.0,0.0,28012,tuning,200
8.0,0.003125,0.0002384914999998955,1.2365500699240117,0.0204,0.9992057291666667,0,110.0,0.0,1.0,3.4375,3.4375,2.0,2.0,1.0,0.11088709677419355,1.0,0.2182752817251429,uniform,19.802950859533485,3.459577114427861,110.70646766169155,0.0,201.06192982974676,1.0,1.9751243781094527,1.9751243781094527,1.0,0.11159926175573723,2048.0,64.0,1.0,0.23397669106476449,fixed_r_retained,32,0.003125,1.0,0.0,28013,tuning,200
8.0,0.001875,0.0002722142499999336,1.3808568127954755,0.0204,0.9995494791666667,0,144.0,0.0,1.0,4.5,4.5,2.0,2.0,1.0,0.14516129032258066,1.0,0.15941004449698365,uniform,19.802950859533485,4.298818407960199,137.56218905472636,0.09468283582089553,201.06192982974676,0.9053171641791045,2.0,2.0,1.4328358208955223,0.1386715615471029,2048.0,64.0,0.5671641791044776,0.1349720976021584,fixed_r_retained,32,0.001875,1.0,0.0,28014,tuning,200
8.0,0.00328125,0.0002409674218750979,1.8647363887960695,0.0204,0.9991481713035324,0,112.0,0.0,1.0,3.5,3.5,1.0,1.0,1.0,0.11290322580645161,1.0,0.2655206974159841,uniform,19.802950859533485,3.501554726368159,112.04975124378109,0.0003109452736318408,201.06192982974676,0.9996890547263682,0.9900497512437811,0.9900497512437811,1.0099502487562189,0.11295337826994088,2048.0,64.0,0.9900497512437811,0.27447504606384004,fixed_r_retained,32,0.00296875,1.0,0.0,28015,tuning,200
8.0,0.0009375,0.0002123554687500473,1.5277561198980223,0.0204,0.9997552083333333,0,118.0,0.0,1.0,3.6875,3.6875,1.0,1.0,1.0,0.11895161290322581,1.0,0.25164172498902454,uniform,19.802950859533485,3.6554726368159205,116.97512437810946,0.0,201.06192982974676,1.0,1.0,1.0,1.0,0.11791847215535184,2048.0,64.0,1.0,0.2847731679940326,fixed_r_retained,32,0.0009375,1.0,0.0,28016,tuning,200
8.0,0.00203125,0.000259781718750105,5.6744600226479545,0.0204,0.9995160012851837,0,170.0,0.0,1.0,5.3125,5.3125,1.0,1.0,1.0,0.17137096774193547,1.0,0.40407918054614034,uniform,19.802950859533485,5.039179104477612,161.2537313432836,0.019434079601990048,201.06192982974676,0.9805659203980099,0.8855721393034826,0.8855721393034826,1.2189054726368158,0.1625541646605683,2048.0,64.0,0.8855721393034826,0.35161102858426785,fixed_r_retained,32,0.001875,1.0,0.0,28017,tuning,200
8.0,0.0015625,0.00022603514062495832,2.670491989678473,0.0204,0.9996297205972104,0,132.0,0.0,1.0,4.125,4.125,1.0,1.0,1.0,0.13306451612903225,1.0,0.36310451370969477,uniform,19.802950859533485,4.080223880597015,130.56716417910448,0.0046641791044776115,201.06192982974676,0.9953358208955224,0.9900497512437811,0.9900497512437811,1.0746268656716418,0.1316201251805487,2048.0,64.0,0.9303482587064676,0.353979553167107,fixed_r_retained,32,0.0015625,1.0,0.0,28018,tuning,200
8.0,0.0021875,0.00022978770312505502,5.108515162836316,0.0204,0.9993201000312597,0,190.0,0.0,1.0,5.9375,5.9375,1.0,1.0,1.0,0.19153225806451613,1.0,0.3729693014727891,uniform,19.802950859533485,5.664490049751244,181.2636815920398,0.005130597014925373,201.06192982974676,0.9948694029850746,0.9900497512437811,0.9900497512437811,1.0348258706467661,0.18272548547584752,2048.0,64.0,0.9701492537313433,0.32779668703147,fixed_r_retained,32,0.0021875,1.0,0.0,28019,tuning,200
